2025-11-12 22:13:48,732 [Worker-14] INFO  o.e.m.c.i.p.ProjectConfigurationManager - Collecting project info '/pom.xml' D:\Code\SpringMVC\MVCproject\pom.xml
2025-11-12 22:13:49,682 [Worker-14] INFO  o.e.m.c.i.l.LifecycleMappingFactory - Using org.maven.ide.eclipse.wtp.WarLifecycleMapping lifecycle mapping for MavenProject: MVCproject:MVCproject:0.0.1-SNAPSHOT @ D:\Code\SpringMVC\MVCproject\pom.xml.
2025-11-12 22:13:50,489 [Worker-14] INFO  o.e.m.j.i.AbstractJavaProjectConfigurator - Adding source folder /MVCproject/src/main/java
2025-11-12 22:13:50,490 [Worker-14] INFO  o.e.m.j.i.AbstractJavaProjectConfigurator - Adding resource folder /MVCproject/src/main/resources
2025-11-12 22:13:50,491 [Worker-14] INFO  o.e.m.j.i.AbstractJavaProjectConfigurator - Adding source folder /MVCproject/src/test/java
2025-11-12 22:13:53,259 [Worker-14] INFO  o.e.m.c.i.p.ProjectConfigurationManager - Imported and configured 1 project(s) in 4 sec
2025-11-12 22:13:54,294 [Worker-19] WARN  o.e.m.c.i.embedder.EclipseLogger - Using platform encoding (Cp1252 actually) to copy filtered resources, i.e. build is platform dependent!
2025-11-12 22:13:54,302 [Worker-19] INFO  o.e.m.c.i.embedder.EclipseLogger - Copying 0 resource
2025-11-12 22:13:54,306 [Worker-19] WARN  o.e.m.c.i.embedder.EclipseLogger - Using platform encoding (Cp1252 actually) to copy filtered resources, i.e. build is platform dependent!
2025-11-12 22:13:54,307 [Worker-19] INFO  o.e.m.c.i.embedder.EclipseLogger - skip non existing resourceDirectory D:\Code\SpringMVC\MVCproject\src\test\resources
2025-11-12 22:13:54,608 [Worker-11] WARN  o.e.m.c.i.embedder.EclipseLogger - Using platform encoding (Cp1252 actually) to copy filtered resources, i.e. build is platform dependent!
2025-11-12 22:13:54,612 [Worker-11] INFO  o.e.m.c.i.embedder.EclipseLogger - Copying 0 resource
2025-11-12 22:13:54,613 [Worker-11] WARN  o.e.m.c.i.embedder.EclipseLogger - Using platform encoding (Cp1252 actually) to copy filtered resources, i.e. build is platform dependent!
2025-11-12 22:13:54,614 [Worker-11] INFO  o.e.m.c.i.embedder.EclipseLogger - skip non existing resourceDirectory D:\Code\SpringMVC\MVCproject\src\test\resources
2025-11-12 22:16:09,037 [Worker-28] WARN  o.e.m.c.i.embedder.EclipseLogger - Using platform encoding (Cp1252 actually) to copy filtered resources, i.e. build is platform dependent!
2025-11-12 22:16:09,039 [Worker-28] INFO  o.e.m.c.i.embedder.EclipseLogger - Copying 0 resource
2025-11-12 22:16:09,041 [Worker-28] WARN  o.e.m.c.i.embedder.EclipseLogger - Using platform encoding (Cp1252 actually) to copy filtered resources, i.e. build is platform dependent!
2025-11-12 22:16:09,043 [Worker-28] INFO  o.e.m.c.i.embedder.EclipseLogger - skip non existing resourceDirectory D:\Code\SpringMVC\MVCproject\src\test\resources
2025-11-12 22:16:45,552 [Worker-11] WARN  o.e.m.c.i.embedder.EclipseLogger - Using platform encoding (Cp1252 actually) to copy filtered resources, i.e. build is platform dependent!
2025-11-12 22:16:45,554 [Worker-11] INFO  o.e.m.c.i.embedder.EclipseLogger - Copying 0 resource
2025-11-12 22:16:45,556 [Worker-11] WARN  o.e.m.c.i.embedder.EclipseLogger - Using platform encoding (Cp1252 actually) to copy filtered resources, i.e. build is platform dependent!
2025-11-12 22:16:45,558 [Worker-11] INFO  o.e.m.c.i.embedder.EclipseLogger - skip non existing resourceDirectory D:\Code\SpringMVC\MVCproject\src\test\resources
2025-11-12 22:16:57,386 [Worker-26] WARN  o.e.m.c.i.embedder.EclipseLogger - Using platform encoding (Cp1252 actually) to copy filtered resources, i.e. build is platform dependent!
2025-11-12 22:16:57,388 [Worker-26] INFO  o.e.m.c.i.embedder.EclipseLogger - Copying 0 resource
2025-11-12 22:16:57,390 [Worker-26] WARN  o.e.m.c.i.embedder.EclipseLogger - Using platform encoding (Cp1252 actually) to copy filtered resources, i.e. build is platform dependent!
2025-11-12 22:16:57,392 [Worker-26] INFO  o.e.m.c.i.embedder.EclipseLogger - skip non existing resourceDirectory D:\Code\SpringMVC\MVCproject\src\test\resources
2025-11-12 22:17:06,681 [Worker-28] WARN  o.e.m.c.i.embedder.EclipseLogger - Using platform encoding (Cp1252 actually) to copy filtered resources, i.e. build is platform dependent!
2025-11-12 22:17:06,683 [Worker-28] INFO  o.e.m.c.i.embedder.EclipseLogger - Copying 0 resource
2025-11-12 22:17:06,685 [Worker-28] WARN  o.e.m.c.i.embedder.EclipseLogger - Using platform encoding (Cp1252 actually) to copy filtered resources, i.e. build is platform dependent!
2025-11-12 22:17:06,686 [Worker-28] INFO  o.e.m.c.i.embedder.EclipseLogger - skip non existing resourceDirectory D:\Code\SpringMVC\MVCproject\src\test\resources
2025-11-12 22:17:12,073 [Worker-27] WARN  o.e.m.c.i.embedder.EclipseLogger - Using platform encoding (Cp1252 actually) to copy filtered resources, i.e. build is platform dependent!
2025-11-12 22:17:12,075 [Worker-27] INFO  o.e.m.c.i.embedder.EclipseLogger - Copying 0 resource
2025-11-12 22:17:12,078 [Worker-27] WARN  o.e.m.c.i.embedder.EclipseLogger - Using platform encoding (Cp1252 actually) to copy filtered resources, i.e. build is platform dependent!
2025-11-12 22:17:12,079 [Worker-27] INFO  o.e.m.c.i.embedder.EclipseLogger - skip non existing resourceDirectory D:\Code\SpringMVC\MVCproject\src\test\resources
2025-11-12 22:17:22,702 [Worker-11] WARN  o.e.m.c.i.embedder.EclipseLogger - Using platform encoding (Cp1252 actually) to copy filtered resources, i.e. build is platform dependent!
2025-11-12 22:17:22,703 [Worker-11] INFO  o.e.m.c.i.embedder.EclipseLogger - Copying 0 resource
2025-11-12 22:17:22,705 [Worker-11] WARN  o.e.m.c.i.embedder.EclipseLogger - Using platform encoding (Cp1252 actually) to copy filtered resources, i.e. build is platform dependent!
2025-11-12 22:17:22,706 [Worker-11] INFO  o.e.m.c.i.embedder.EclipseLogger - skip non existing resourceDirectory D:\Code\SpringMVC\MVCproject\src\test\resources
2025-11-12 22:18:30,317 [Worker-11] WARN  o.e.m.c.i.embedder.EclipseLogger - Using platform encoding (Cp1252 actually) to copy filtered resources, i.e. build is platform dependent!
2025-11-12 22:18:30,324 [Worker-11] INFO  o.e.m.c.i.embedder.EclipseLogger - Copying 0 resource
2025-11-12 22:18:30,325 [Worker-11] WARN  o.e.m.c.i.embedder.EclipseLogger - Using platform encoding (Cp1252 actually) to copy filtered resources, i.e. build is platform dependent!
2025-11-12 22:18:30,326 [Worker-11] INFO  o.e.m.c.i.embedder.EclipseLogger - skip non existing resourceDirectory D:\Code\SpringMVC\MVCproject\src\test\resources
2025-11-12 22:18:53,708 [Worker-23] WARN  o.e.m.c.i.embedder.EclipseLogger - Using platform encoding (Cp1252 actually) to copy filtered resources, i.e. build is platform dependent!
2025-11-12 22:18:53,710 [Worker-23] INFO  o.e.m.c.i.embedder.EclipseLogger - Copying 0 resource
2025-11-12 22:18:53,712 [Worker-23] WARN  o.e.m.c.i.embedder.EclipseLogger - Using platform encoding (Cp1252 actually) to copy filtered resources, i.e. build is platform dependent!
2025-11-12 22:18:53,713 [Worker-23] INFO  o.e.m.c.i.embedder.EclipseLogger - skip non existing resourceDirectory D:\Code\SpringMVC\MVCproject\src\test\resources
2025-11-12 22:42:57,800 [Worker-4] WARN  o.e.m.c.i.embedder.EclipseLogger - Using platform encoding (Cp1252 actually) to copy filtered resources, i.e. build is platform dependent!
2025-11-12 22:42:57,812 [Worker-4] INFO  o.e.m.c.i.embedder.EclipseLogger - Copying 0 resource
2025-11-12 22:42:57,815 [Worker-4] WARN  o.e.m.c.i.embedder.EclipseLogger - Using platform encoding (Cp1252 actually) to copy filtered resources, i.e. build is platform dependent!
2025-11-12 22:42:57,816 [Worker-4] INFO  o.e.m.c.i.embedder.EclipseLogger - skip non existing resourceDirectory D:\Code\SpringMVC\MVCproject\src\test\resources
2025-11-12 22:44:18,274 [Worker-7] INFO  o.e.m.c.i.l.LifecycleMappingFactory - Using org.maven.ide.eclipse.wtp.WarLifecycleMapping lifecycle mapping for MavenProject: MVCproject:MVCproject:0.0.1-SNAPSHOT @ D:\Code\SpringMVC\MVCproject\pom.xml.
2025-11-12 22:44:18,911 [Worker-7] WARN  o.e.m.c.i.embedder.EclipseLogger - Using platform encoding (Cp1252 actually) to copy filtered resources, i.e. build is platform dependent!
2025-11-12 22:44:18,914 [Worker-7] INFO  o.e.m.c.i.embedder.EclipseLogger - Copying 0 resource
2025-11-12 22:44:18,916 [Worker-7] WARN  o.e.m.c.i.embedder.EclipseLogger - Using platform encoding (Cp1252 actually) to copy filtered resources, i.e. build is platform dependent!
2025-11-12 22:44:18,917 [Worker-7] INFO  o.e.m.c.i.embedder.EclipseLogger - skip non existing resourceDirectory D:\Code\SpringMVC\MVCproject\src\test\resources
2025-11-12 22:44:18,918 [Worker-7] INFO  o.e.m.w.i.f.ResourceFilteringBuildParticipant - Changed resources require a complete clean of filtered resources of MVCproject
2025-11-12 22:44:18,918 [Worker-7] INFO  o.e.m.w.i.f.ResourceFilteringBuildParticipant - Executing resource filtering for MVCproject
2025-11-12 22:44:18,924 [Worker-7] WARN  o.e.m.c.i.embedder.EclipseLogger - Using platform encoding (Cp1252 actually) to copy filtered resources, i.e. build is platform dependent!
2025-11-12 22:44:20,143 [Worker-5] WARN  o.e.m.c.i.embedder.EclipseLogger - Using platform encoding (Cp1252 actually) to copy filtered resources, i.e. build is platform dependent!
2025-11-12 22:44:20,148 [Worker-5] INFO  o.e.m.c.i.embedder.EclipseLogger - Copying 0 resource
2025-11-12 22:44:20,150 [Worker-5] WARN  o.e.m.c.i.embedder.EclipseLogger - Using platform encoding (Cp1252 actually) to copy filtered resources, i.e. build is platform dependent!
2025-11-12 22:44:20,150 [Worker-5] INFO  o.e.m.c.i.embedder.EclipseLogger - skip non existing resourceDirectory D:\Code\SpringMVC\MVCproject\src\test\resources
2025-11-12 22:44:28,681 [Worker-6] INFO  o.e.m.c.i.p.ProjectConfigurationManager - Update started
2025-11-12 22:44:29,023 [Worker-6] INFO  o.e.m.c.i.l.LifecycleMappingFactory - Using org.maven.ide.eclipse.wtp.WarLifecycleMapping lifecycle mapping for MavenProject: MVCproject:MVCproject:0.0.1-SNAPSHOT @ D:\Code\SpringMVC\MVCproject\pom.xml.
2025-11-12 22:44:29,410 [Worker-6] INFO  o.e.m.j.i.AbstractJavaProjectConfigurator - Adding source folder /MVCproject/src/main/java
2025-11-12 22:44:29,410 [Worker-6] INFO  o.e.m.j.i.AbstractJavaProjectConfigurator - Adding resource folder /MVCproject/src/main/resources
2025-11-12 22:44:29,411 [Worker-6] INFO  o.e.m.j.i.AbstractJavaProjectConfigurator - Adding source folder /MVCproject/src/test/java
2025-11-12 22:44:29,986 [Worker-6] INFO  o.e.m.w.i.f.ResourceFilteringBuildParticipant - Cleaning filtered folder for MVCproject
2025-11-12 22:44:29,991 [Worker-6] INFO  o.e.m.c.i.p.ProjectConfigurationManager - Update completed: 1 sec
2025-11-12 22:44:30,224 [Worker-16] WARN  o.e.m.c.i.embedder.EclipseLogger - Using platform encoding (Cp1252 actually) to copy filtered resources, i.e. build is platform dependent!
2025-11-12 22:44:30,227 [Worker-16] INFO  o.e.m.c.i.embedder.EclipseLogger - Copying 0 resource
2025-11-12 22:44:30,230 [Worker-16] WARN  o.e.m.c.i.embedder.EclipseLogger - Using platform encoding (Cp1252 actually) to copy filtered resources, i.e. build is platform dependent!
2025-11-12 22:44:30,231 [Worker-16] INFO  o.e.m.c.i.embedder.EclipseLogger - skip non existing resourceDirectory D:\Code\SpringMVC\MVCproject\src\test\resources
2025-11-12 22:44:30,231 [Worker-16] INFO  o.e.m.w.i.f.ResourceFilteringBuildParticipant - Changed resources require a complete clean of filtered resources of MVCproject
2025-11-12 22:44:30,232 [Worker-16] INFO  o.e.m.w.i.f.ResourceFilteringBuildParticipant - Executing resource filtering for MVCproject
2025-11-12 22:44:30,238 [Worker-16] WARN  o.e.m.c.i.embedder.EclipseLogger - Using platform encoding (Cp1252 actually) to copy filtered resources, i.e. build is platform dependent!
2025-11-12 22:54:54,047 [Worker-25] WARN  o.e.m.c.i.embedder.EclipseLogger - Using platform encoding (Cp1252 actually) to copy filtered resources, i.e. build is platform dependent!
2025-11-12 22:54:54,051 [Worker-25] INFO  o.e.m.c.i.embedder.EclipseLogger - Copying 0 resource
2025-11-12 22:54:54,052 [Worker-25] WARN  o.e.m.c.i.embedder.EclipseLogger - Using platform encoding (Cp1252 actually) to copy filtered resources, i.e. build is platform dependent!
2025-11-12 22:54:54,053 [Worker-25] INFO  o.e.m.c.i.embedder.EclipseLogger - skip non existing resourceDirectory D:\Code\SpringMVC\MVCproject\src\test\resources
2025-11-12 23:12:20,667 [Worker-34] WARN  o.e.m.c.i.embedder.EclipseLogger - Using platform encoding (Cp1252 actually) to copy filtered resources, i.e. build is platform dependent!
2025-11-12 23:12:20,668 [Worker-34] INFO  o.e.m.c.i.embedder.EclipseLogger - Copying 0 resource
2025-11-12 23:12:20,669 [Worker-34] WARN  o.e.m.c.i.embedder.EclipseLogger - Using platform encoding (Cp1252 actually) to copy filtered resources, i.e. build is platform dependent!
2025-11-12 23:12:20,670 [Worker-34] INFO  o.e.m.c.i.embedder.EclipseLogger - skip non existing resourceDirectory D:\Code\SpringMVC\MVCproject\src\test\resources
2025-11-12 23:13:49,348 [Worker-31] WARN  o.e.m.c.i.embedder.EclipseLogger - Using platform encoding (Cp1252 actually) to copy filtered resources, i.e. build is platform dependent!
2025-11-12 23:13:49,349 [Worker-31] INFO  o.e.m.c.i.embedder.EclipseLogger - Copying 0 resource
2025-11-12 23:13:49,351 [Worker-31] WARN  o.e.m.c.i.embedder.EclipseLogger - Using platform encoding (Cp1252 actually) to copy filtered resources, i.e. build is platform dependent!
2025-11-12 23:13:49,351 [Worker-31] INFO  o.e.m.c.i.embedder.EclipseLogger - skip non existing resourceDirectory D:\Code\SpringMVC\MVCproject\src\test\resources
2025-11-12 23:14:15,106 [Worker-34] WARN  o.e.m.c.i.embedder.EclipseLogger - Using platform encoding (Cp1252 actually) to copy filtered resources, i.e. build is platform dependent!
2025-11-12 23:14:15,107 [Worker-34] INFO  o.e.m.c.i.embedder.EclipseLogger - Copying 0 resource
2025-11-12 23:14:15,108 [Worker-34] WARN  o.e.m.c.i.embedder.EclipseLogger - Using platform encoding (Cp1252 actually) to copy filtered resources, i.e. build is platform dependent!
2025-11-12 23:14:15,116 [Worker-34] INFO  o.e.m.c.i.embedder.EclipseLogger - skip non existing resourceDirectory D:\Code\SpringMVC\MVCproject\src\test\resources
2025-11-12 23:15:20,112 [Worker-39] WARN  o.e.m.c.i.embedder.EclipseLogger - Using platform encoding (Cp1252 actually) to copy filtered resources, i.e. build is platform dependent!
2025-11-12 23:15:20,113 [Worker-39] INFO  o.e.m.c.i.embedder.EclipseLogger - Copying 0 resource
2025-11-12 23:15:20,114 [Worker-39] WARN  o.e.m.c.i.embedder.EclipseLogger - Using platform encoding (Cp1252 actually) to copy filtered resources, i.e. build is platform dependent!
2025-11-12 23:15:20,122 [Worker-39] INFO  o.e.m.c.i.embedder.EclipseLogger - skip non existing resourceDirectory D:\Code\SpringMVC\MVCproject\src\test\resources
2025-11-12 23:20:17,200 [Worker-34] WARN  o.e.r.models.ModelRepository - Failed to download org.eclipse.recommenders:index::zip:0.0.0
org.eclipse.aether.resolution.ArtifactResolutionException: Could not find artifact org.eclipse.recommenders:index:zip:0.0.0-SNAPSHOT in models (http://download.eclipse.org/recommenders/models/neon/)
	at org.eclipse.aether.internal.impl.DefaultArtifactResolver.resolve(DefaultArtifactResolver.java:444) ~[na:na]
	at org.eclipse.aether.internal.impl.DefaultArtifactResolver.resolveArtifacts(DefaultArtifactResolver.java:246) ~[na:na]
	at org.eclipse.aether.internal.impl.DefaultArtifactResolver.resolveArtifact(DefaultArtifactResolver.java:223) ~[na:na]
	at org.eclipse.aether.internal.impl.DefaultRepositorySystem.resolveArtifact(DefaultRepositorySystem.java:294) ~[na:na]
	at org.eclipse.recommenders.models.ModelRepository.resolveInternal(ModelRepository.java:193) [org.eclipse.recommenders.models_2.4.6.v20170307-1041.jar:na]
	at org.eclipse.recommenders.models.ModelRepository.resolve(ModelRepository.java:172) [org.eclipse.recommenders.models_2.4.6.v20170307-1041.jar:na]
	at org.eclipse.recommenders.internal.models.rcp.EclipseModelRepository.resolve(EclipseModelRepository.java:169) [org.eclipse.recommenders.models.rcp_2.4.6.v20170307-1041.jar:na]
	at org.eclipse.recommenders.internal.models.rcp.DownloadModelArchiveJob.run(DownloadModelArchiveJob.java:76) [org.eclipse.recommenders.models.rcp_2.4.6.v20170307-1041.jar:na]
	at org.eclipse.core.internal.jobs.Worker.run(Worker.java:55) [org.eclipse.core.jobs_3.8.0.v20160509-0411.jar:na]
Caused by: org.eclipse.aether.transfer.ArtifactNotFoundException: Could not find artifact org.eclipse.recommenders:index:zip:0.0.0-SNAPSHOT in models (http://download.eclipse.org/recommenders/models/neon/)
	at org.eclipse.aether.connector.basic.ArtifactTransportListener.transferFailed(ArtifactTransportListener.java:39) ~[org.eclipse.aether.connector.basic_1.0.1.v20141111.jar:na]
	at org.eclipse.aether.connector.basic.BasicRepositoryConnector$TaskRunner.run(BasicRepositoryConnector.java:355) ~[org.eclipse.aether.connector.basic_1.0.1.v20141111.jar:na]
	at org.eclipse.aether.util.concurrency.RunnableErrorForwarder$1.run(RunnableErrorForwarder.java:67) ~[na:na]
	at org.eclipse.aether.connector.basic.BasicRepositoryConnector$DirectExecutor.execute(BasicRepositoryConnector.java:581) ~[org.eclipse.aether.connector.basic_1.0.1.v20141111.jar:na]
	at org.eclipse.aether.connector.basic.BasicRepositoryConnector.get(BasicRepositoryConnector.java:249) ~[org.eclipse.aether.connector.basic_1.0.1.v20141111.jar:na]
	at org.eclipse.aether.internal.impl.DefaultArtifactResolver.performDownloads(DefaultArtifactResolver.java:520) ~[na:na]
	at org.eclipse.aether.internal.impl.DefaultArtifactResolver.resolve(DefaultArtifactResolver.java:421) ~[na:na]
	... 8 common frames omitted
2025-11-12 23:22:36,270 [Worker-33] WARN  o.e.m.c.i.embedder.EclipseLogger - Using platform encoding (Cp1252 actually) to copy filtered resources, i.e. build is platform dependent!
2025-11-12 23:22:36,271 [Worker-33] INFO  o.e.m.c.i.embedder.EclipseLogger - Copying 0 resource
2025-11-12 23:22:36,271 [Worker-33] WARN  o.e.m.c.i.embedder.EclipseLogger - Using platform encoding (Cp1252 actually) to copy filtered resources, i.e. build is platform dependent!
2025-11-12 23:22:36,280 [Worker-33] INFO  o.e.m.c.i.embedder.EclipseLogger - skip non existing resourceDirectory D:\Code\SpringMVC\MVCproject\src\test\resources
2025-11-12 23:22:51,695 [Worker-36] WARN  o.e.m.c.i.embedder.EclipseLogger - Using platform encoding (Cp1252 actually) to copy filtered resources, i.e. build is platform dependent!
2025-11-12 23:22:51,696 [Worker-36] INFO  o.e.m.c.i.embedder.EclipseLogger - Copying 0 resource
2025-11-12 23:22:51,697 [Worker-36] WARN  o.e.m.c.i.embedder.EclipseLogger - Using platform encoding (Cp1252 actually) to copy filtered resources, i.e. build is platform dependent!
2025-11-12 23:22:51,698 [Worker-36] INFO  o.e.m.c.i.embedder.EclipseLogger - skip non existing resourceDirectory D:\Code\SpringMVC\MVCproject\src\test\resources
2025-11-12 23:23:07,752 [Worker-30] WARN  o.e.m.c.i.embedder.EclipseLogger - Using platform encoding (Cp1252 actually) to copy filtered resources, i.e. build is platform dependent!
2025-11-12 23:23:07,753 [Worker-30] INFO  o.e.m.c.i.embedder.EclipseLogger - Copying 0 resource
2025-11-12 23:23:07,754 [Worker-30] WARN  o.e.m.c.i.embedder.EclipseLogger - Using platform encoding (Cp1252 actually) to copy filtered resources, i.e. build is platform dependent!
2025-11-12 23:23:07,755 [Worker-30] INFO  o.e.m.c.i.embedder.EclipseLogger - skip non existing resourceDirectory D:\Code\SpringMVC\MVCproject\src\test\resources
2025-11-12 23:23:40,304 [Worker-35] WARN  o.e.m.c.i.embedder.EclipseLogger - Using platform encoding (Cp1252 actually) to copy filtered resources, i.e. build is platform dependent!
2025-11-12 23:23:40,305 [Worker-35] INFO  o.e.m.c.i.embedder.EclipseLogger - Copying 0 resource
2025-11-12 23:23:40,306 [Worker-35] WARN  o.e.m.c.i.embedder.EclipseLogger - Using platform encoding (Cp1252 actually) to copy filtered resources, i.e. build is platform dependent!
2025-11-12 23:23:40,307 [Worker-35] INFO  o.e.m.c.i.embedder.EclipseLogger - skip non existing resourceDirectory D:\Code\SpringMVC\MVCproject\src\test\resources
2025-11-12 23:28:04,785 [Worker-37] WARN  o.e.m.c.i.embedder.EclipseLogger - Using platform encoding (Cp1252 actually) to copy filtered resources, i.e. build is platform dependent!
2025-11-12 23:28:04,785 [Worker-37] INFO  o.e.m.c.i.embedder.EclipseLogger - Copying 0 resource
2025-11-12 23:28:04,785 [Worker-37] WARN  o.e.m.c.i.embedder.EclipseLogger - Using platform encoding (Cp1252 actually) to copy filtered resources, i.e. build is platform dependent!
2025-11-12 23:28:04,785 [Worker-37] INFO  o.e.m.c.i.embedder.EclipseLogger - skip non existing resourceDirectory D:\Code\SpringMVC\MVCproject\src\test\resources
2025-11-12 23:32:11,846 [Worker-38] WARN  o.e.m.c.i.embedder.EclipseLogger - Using platform encoding (Cp1252 actually) to copy filtered resources, i.e. build is platform dependent!
2025-11-12 23:32:11,846 [Worker-38] INFO  o.e.m.c.i.embedder.EclipseLogger - Copying 0 resource
2025-11-12 23:32:11,846 [Worker-38] WARN  o.e.m.c.i.embedder.EclipseLogger - Using platform encoding (Cp1252 actually) to copy filtered resources, i.e. build is platform dependent!
2025-11-12 23:32:11,846 [Worker-38] INFO  o.e.m.c.i.embedder.EclipseLogger - skip non existing resourceDirectory D:\Code\SpringMVC\MVCproject\src\test\resources
2025-11-12 23:33:17,227 [Worker-33] WARN  o.e.m.c.i.embedder.EclipseLogger - Using platform encoding (Cp1252 actually) to copy filtered resources, i.e. build is platform dependent!
2025-11-12 23:33:17,227 [Worker-33] INFO  o.e.m.c.i.embedder.EclipseLogger - Copying 0 resource
2025-11-12 23:33:17,227 [Worker-33] WARN  o.e.m.c.i.embedder.EclipseLogger - Using platform encoding (Cp1252 actually) to copy filtered resources, i.e. build is platform dependent!
2025-11-12 23:33:17,227 [Worker-33] INFO  o.e.m.c.i.embedder.EclipseLogger - skip non existing resourceDirectory D:\Code\SpringMVC\MVCproject\src\test\resources
2025-11-12 23:35:55,234 [Worker-34] INFO  o.e.m.c.i.l.LifecycleMappingFactory - Using org.maven.ide.eclipse.wtp.WarLifecycleMapping lifecycle mapping for MavenProject: MVCproject:MVCproject:0.0.1-SNAPSHOT @ D:\Code\SpringMVC\MVCproject\pom.xml.
2025-11-12 23:35:56,611 [Worker-34] WARN  o.e.m.c.i.embedder.EclipseLogger - Using platform encoding (Cp1252 actually) to copy filtered resources, i.e. build is platform dependent!
2025-11-12 23:35:56,611 [Worker-34] INFO  o.e.m.c.i.embedder.EclipseLogger - Copying 0 resource
2025-11-12 23:35:56,611 [Worker-34] WARN  o.e.m.c.i.embedder.EclipseLogger - Using platform encoding (Cp1252 actually) to copy filtered resources, i.e. build is platform dependent!
2025-11-12 23:35:56,615 [Worker-34] INFO  o.e.m.c.i.embedder.EclipseLogger - skip non existing resourceDirectory D:\Code\SpringMVC\MVCproject\src\test\resources
2025-11-12 23:35:56,615 [Worker-34] INFO  o.e.m.w.i.f.ResourceFilteringBuildParticipant - Changed resources require a complete clean of filtered resources of MVCproject
2025-11-12 23:35:56,615 [Worker-34] INFO  o.e.m.w.i.f.ResourceFilteringBuildParticipant - Executing resource filtering for MVCproject
2025-11-12 23:35:56,617 [Worker-34] WARN  o.e.m.c.i.embedder.EclipseLogger - Using platform encoding (Cp1252 actually) to copy filtered resources, i.e. build is platform dependent!
2025-11-12 23:36:22,888 [Worker-30] WARN  o.e.m.c.i.embedder.EclipseLogger - Using platform encoding (Cp1252 actually) to copy filtered resources, i.e. build is platform dependent!
2025-11-12 23:36:22,888 [Worker-30] INFO  o.e.m.c.i.embedder.EclipseLogger - Copying 0 resource
2025-11-12 23:36:22,888 [Worker-30] WARN  o.e.m.c.i.embedder.EclipseLogger - Using platform encoding (Cp1252 actually) to copy filtered resources, i.e. build is platform dependent!
2025-11-12 23:36:22,892 [Worker-30] INFO  o.e.m.c.i.embedder.EclipseLogger - skip non existing resourceDirectory D:\Code\SpringMVC\MVCproject\src\test\resources
2025-11-12 23:37:11,480 [Worker-42] WARN  o.e.m.c.i.embedder.EclipseLogger - Using platform encoding (Cp1252 actually) to copy filtered resources, i.e. build is platform dependent!
2025-11-12 23:37:11,480 [Worker-42] INFO  o.e.m.c.i.embedder.EclipseLogger - Copying 0 resource
2025-11-12 23:37:11,480 [Worker-42] WARN  o.e.m.c.i.embedder.EclipseLogger - Using platform encoding (Cp1252 actually) to copy filtered resources, i.e. build is platform dependent!
2025-11-12 23:37:11,480 [Worker-42] INFO  o.e.m.c.i.embedder.EclipseLogger - skip non existing resourceDirectory D:\Code\SpringMVC\MVCproject\src\test\resources
2025-11-12 23:37:41,292 [Worker-42] WARN  o.e.m.c.i.embedder.EclipseLogger - Using platform encoding (Cp1252 actually) to copy filtered resources, i.e. build is platform dependent!
2025-11-12 23:37:41,292 [Worker-42] INFO  o.e.m.c.i.embedder.EclipseLogger - Copying 0 resource
2025-11-12 23:37:41,297 [Worker-42] WARN  o.e.m.c.i.embedder.EclipseLogger - Using platform encoding (Cp1252 actually) to copy filtered resources, i.e. build is platform dependent!
2025-11-12 23:37:41,297 [Worker-42] INFO  o.e.m.c.i.embedder.EclipseLogger - skip non existing resourceDirectory D:\Code\SpringMVC\MVCproject\src\test\resources
2025-11-12 23:41:09,713 [Worker-37] INFO  o.e.m.c.i.p.ProjectConfigurationManager - Collecting project info '/pom.xml' D:\Code\SpringMVC\MVCproject\pom.xml
2025-11-12 23:41:09,934 [Worker-37] INFO  o.e.m.c.i.l.LifecycleMappingFactory - Using org.maven.ide.eclipse.wtp.WarLifecycleMapping lifecycle mapping for MavenProject: MVCproject:MVCproject:0.0.1-SNAPSHOT @ D:\Code\SpringMVC\MVCproject\pom.xml.
2025-11-12 23:41:10,205 [Worker-37] INFO  o.e.m.j.i.AbstractJavaProjectConfigurator - Adding source folder /MVCproject/src/main/java
2025-11-12 23:41:10,205 [Worker-37] INFO  o.e.m.j.i.AbstractJavaProjectConfigurator - Adding resource folder /MVCproject/src/main/resources
2025-11-12 23:41:10,205 [Worker-37] INFO  o.e.m.j.i.AbstractJavaProjectConfigurator - Adding source folder /MVCproject/src/test/java
2025-11-12 23:41:10,752 [Worker-37] INFO  o.e.m.c.i.p.ProjectConfigurationManager - Imported and configured 1 project(s) in 1 sec
2025-11-12 23:41:11,092 [Worker-33] WARN  o.e.m.c.i.embedder.EclipseLogger - Using platform encoding (Cp1252 actually) to copy filtered resources, i.e. build is platform dependent!
2025-11-12 23:41:11,092 [Worker-33] INFO  o.e.m.c.i.embedder.EclipseLogger - Copying 0 resource
2025-11-12 23:41:11,092 [Worker-33] WARN  o.e.m.c.i.embedder.EclipseLogger - Using platform encoding (Cp1252 actually) to copy filtered resources, i.e. build is platform dependent!
2025-11-12 23:41:11,092 [Worker-33] INFO  o.e.m.c.i.embedder.EclipseLogger - skip non existing resourceDirectory D:\Code\SpringMVC\MVCproject\src\test\resources
2025-11-12 23:41:12,129 [Worker-33] WARN  o.e.m.c.i.embedder.EclipseLogger - Using platform encoding (Cp1252 actually) to copy filtered resources, i.e. build is platform dependent!
2025-11-12 23:41:12,129 [Worker-33] INFO  o.e.m.c.i.embedder.EclipseLogger - Copying 0 resource
2025-11-12 23:41:12,129 [Worker-33] WARN  o.e.m.c.i.embedder.EclipseLogger - Using platform encoding (Cp1252 actually) to copy filtered resources, i.e. build is platform dependent!
2025-11-12 23:41:12,129 [Worker-33] INFO  o.e.m.c.i.embedder.EclipseLogger - skip non existing resourceDirectory D:\Code\SpringMVC\MVCproject\src\test\resources
2025-11-12 23:42:32,800 [Worker-33] WARN  o.e.m.c.i.embedder.EclipseLogger - Using platform encoding (Cp1252 actually) to copy filtered resources, i.e. build is platform dependent!
2025-11-12 23:42:32,808 [Worker-33] INFO  o.e.m.c.i.embedder.EclipseLogger - Copying 0 resource
2025-11-12 23:42:32,808 [Worker-33] WARN  o.e.m.c.i.embedder.EclipseLogger - Using platform encoding (Cp1252 actually) to copy filtered resources, i.e. build is platform dependent!
2025-11-12 23:42:32,816 [Worker-33] INFO  o.e.m.c.i.embedder.EclipseLogger - skip non existing resourceDirectory D:\Code\SpringMVC\MVCproject\src\test\resources
2025-11-12 23:42:53,470 [Worker-34] WARN  o.e.m.c.i.embedder.EclipseLogger - Using platform encoding (Cp1252 actually) to copy filtered resources, i.e. build is platform dependent!
2025-11-12 23:42:53,470 [Worker-34] INFO  o.e.m.c.i.embedder.EclipseLogger - Copying 0 resource
2025-11-12 23:42:53,470 [Worker-34] WARN  o.e.m.c.i.embedder.EclipseLogger - Using platform encoding (Cp1252 actually) to copy filtered resources, i.e. build is platform dependent!
2025-11-12 23:42:53,472 [Worker-34] INFO  o.e.m.c.i.embedder.EclipseLogger - skip non existing resourceDirectory D:\Code\SpringMVC\MVCproject\src\test\resources
2025-11-12 23:43:02,081 [Worker-34] WARN  o.e.m.c.i.embedder.EclipseLogger - Using platform encoding (Cp1252 actually) to copy filtered resources, i.e. build is platform dependent!
2025-11-12 23:43:02,081 [Worker-34] INFO  o.e.m.c.i.embedder.EclipseLogger - Copying 0 resource
2025-11-12 23:43:02,081 [Worker-34] WARN  o.e.m.c.i.embedder.EclipseLogger - Using platform encoding (Cp1252 actually) to copy filtered resources, i.e. build is platform dependent!
2025-11-12 23:43:02,081 [Worker-34] INFO  o.e.m.c.i.embedder.EclipseLogger - skip non existing resourceDirectory D:\Code\SpringMVC\MVCproject\src\test\resources
2025-11-12 23:43:58,745 [Worker-43] WARN  o.e.m.c.i.embedder.EclipseLogger - Using platform encoding (Cp1252 actually) to copy filtered resources, i.e. build is platform dependent!
2025-11-12 23:43:58,745 [Worker-43] INFO  o.e.m.c.i.embedder.EclipseLogger - Copying 0 resource
2025-11-12 23:43:58,745 [Worker-43] WARN  o.e.m.c.i.embedder.EclipseLogger - Using platform encoding (Cp1252 actually) to copy filtered resources, i.e. build is platform dependent!
2025-11-12 23:43:58,752 [Worker-43] INFO  o.e.m.c.i.embedder.EclipseLogger - skip non existing resourceDirectory D:\Code\SpringMVC\MVCproject\src\test\resources
2025-11-12 23:44:46,339 [Worker-43] WARN  o.e.m.c.i.embedder.EclipseLogger - Using platform encoding (Cp1252 actually) to copy filtered resources, i.e. build is platform dependent!
2025-11-12 23:44:46,339 [Worker-43] INFO  o.e.m.c.i.embedder.EclipseLogger - Copying 0 resource
2025-11-12 23:44:46,339 [Worker-43] WARN  o.e.m.c.i.embedder.EclipseLogger - Using platform encoding (Cp1252 actually) to copy filtered resources, i.e. build is platform dependent!
2025-11-12 23:44:46,341 [Worker-43] INFO  o.e.m.c.i.embedder.EclipseLogger - skip non existing resourceDirectory D:\Code\SpringMVC\MVCproject\src\test\resources
2025-11-12 23:45:02,325 [Worker-45] WARN  o.e.m.c.i.embedder.EclipseLogger - Using platform encoding (Cp1252 actually) to copy filtered resources, i.e. build is platform dependent!
2025-11-12 23:45:02,325 [Worker-45] INFO  o.e.m.c.i.embedder.EclipseLogger - Copying 0 resource
2025-11-12 23:45:02,325 [Worker-45] WARN  o.e.m.c.i.embedder.EclipseLogger - Using platform encoding (Cp1252 actually) to copy filtered resources, i.e. build is platform dependent!
2025-11-12 23:45:02,325 [Worker-45] INFO  o.e.m.c.i.embedder.EclipseLogger - skip non existing resourceDirectory D:\Code\SpringMVC\MVCproject\src\test\resources
2025-11-12 23:45:38,273 [Worker-48] INFO  o.e.m.c.i.l.LifecycleMappingFactory - Using org.maven.ide.eclipse.wtp.WarLifecycleMapping lifecycle mapping for MavenProject: MVCproject:MVCproject:0.0.1-SNAPSHOT @ D:\Code\SpringMVC\MVCproject\pom.xml.
2025-11-12 23:45:38,656 [Worker-48] WARN  o.e.m.c.i.embedder.EclipseLogger - Using platform encoding (Cp1252 actually) to copy filtered resources, i.e. build is platform dependent!
2025-11-12 23:45:38,661 [Worker-48] INFO  o.e.m.c.i.embedder.EclipseLogger - Copying 0 resource
2025-11-12 23:45:38,661 [Worker-48] WARN  o.e.m.c.i.embedder.EclipseLogger - Using platform encoding (Cp1252 actually) to copy filtered resources, i.e. build is platform dependent!
2025-11-12 23:45:38,663 [Worker-48] INFO  o.e.m.c.i.embedder.EclipseLogger - skip non existing resourceDirectory D:\Code\SpringMVC\MVCproject\src\test\resources
2025-11-12 23:45:38,663 [Worker-48] INFO  o.e.m.w.i.f.ResourceFilteringBuildParticipant - Changed resources require a complete clean of filtered resources of MVCproject
2025-11-12 23:45:38,663 [Worker-48] INFO  o.e.m.w.i.f.ResourceFilteringBuildParticipant - Executing resource filtering for MVCproject
2025-11-12 23:45:38,665 [Worker-48] WARN  o.e.m.c.i.embedder.EclipseLogger - Using platform encoding (Cp1252 actually) to copy filtered resources, i.e. build is platform dependent!
2025-11-12 23:45:39,742 [Worker-45] WARN  o.e.m.c.i.embedder.EclipseLogger - Using platform encoding (Cp1252 actually) to copy filtered resources, i.e. build is platform dependent!
2025-11-12 23:45:39,742 [Worker-45] INFO  o.e.m.c.i.embedder.EclipseLogger - Copying 0 resource
2025-11-12 23:45:39,755 [Worker-45] WARN  o.e.m.c.i.embedder.EclipseLogger - Using platform encoding (Cp1252 actually) to copy filtered resources, i.e. build is platform dependent!
2025-11-12 23:45:39,755 [Worker-45] INFO  o.e.m.c.i.embedder.EclipseLogger - skip non existing resourceDirectory D:\Code\SpringMVC\MVCproject\src\test\resources
2025-11-12 23:45:56,490 [Worker-45] WARN  o.e.m.c.i.embedder.EclipseLogger - Using platform encoding (Cp1252 actually) to copy filtered resources, i.e. build is platform dependent!
2025-11-12 23:45:56,490 [Worker-45] INFO  o.e.m.c.i.embedder.EclipseLogger - Copying 0 resource
2025-11-12 23:45:56,490 [Worker-45] WARN  o.e.m.c.i.embedder.EclipseLogger - Using platform encoding (Cp1252 actually) to copy filtered resources, i.e. build is platform dependent!
2025-11-12 23:45:56,490 [Worker-45] INFO  o.e.m.c.i.embedder.EclipseLogger - skip non existing resourceDirectory D:\Code\SpringMVC\MVCproject\src\test\resources
2025-11-12 23:46:06,833 [Worker-49] WARN  o.e.m.c.i.embedder.EclipseLogger - Using platform encoding (Cp1252 actually) to copy filtered resources, i.e. build is platform dependent!
2025-11-12 23:46:06,837 [Worker-49] INFO  o.e.m.c.i.embedder.EclipseLogger - Copying 0 resource
2025-11-12 23:46:06,839 [Worker-49] WARN  o.e.m.c.i.embedder.EclipseLogger - Using platform encoding (Cp1252 actually) to copy filtered resources, i.e. build is platform dependent!
2025-11-12 23:46:06,839 [Worker-49] INFO  o.e.m.c.i.embedder.EclipseLogger - skip non existing resourceDirectory D:\Code\SpringMVC\MVCproject\src\test\resources
2025-11-12 23:47:08,128 [Worker-48] WARN  o.e.m.c.i.embedder.EclipseLogger - Using platform encoding (Cp1252 actually) to copy filtered resources, i.e. build is platform dependent!
2025-11-12 23:47:08,140 [Worker-48] INFO  o.e.m.c.i.embedder.EclipseLogger - Copying 0 resource
2025-11-12 23:47:08,140 [Worker-48] WARN  o.e.m.c.i.embedder.EclipseLogger - Using platform encoding (Cp1252 actually) to copy filtered resources, i.e. build is platform dependent!
2025-11-12 23:47:08,140 [Worker-48] INFO  o.e.m.c.i.embedder.EclipseLogger - skip non existing resourceDirectory D:\Code\SpringMVC\MVCproject\src\test\resources
2025-11-12 23:47:17,360 [Worker-47] WARN  o.e.m.c.i.embedder.EclipseLogger - Using platform encoding (Cp1252 actually) to copy filtered resources, i.e. build is platform dependent!
2025-11-12 23:47:17,360 [Worker-47] INFO  o.e.m.c.i.embedder.EclipseLogger - Copying 0 resource
2025-11-12 23:47:17,360 [Worker-47] WARN  o.e.m.c.i.embedder.EclipseLogger - Using platform encoding (Cp1252 actually) to copy filtered resources, i.e. build is platform dependent!
2025-11-12 23:47:17,360 [Worker-47] INFO  o.e.m.c.i.embedder.EclipseLogger - skip non existing resourceDirectory D:\Code\SpringMVC\MVCproject\src\test\resources
2025-11-12 23:47:33,296 [Worker-45] WARN  o.e.m.c.i.embedder.EclipseLogger - Using platform encoding (Cp1252 actually) to copy filtered resources, i.e. build is platform dependent!
2025-11-12 23:47:33,296 [Worker-45] INFO  o.e.m.c.i.embedder.EclipseLogger - Copying 0 resource
2025-11-12 23:47:33,296 [Worker-45] WARN  o.e.m.c.i.embedder.EclipseLogger - Using platform encoding (Cp1252 actually) to copy filtered resources, i.e. build is platform dependent!
2025-11-12 23:47:33,296 [Worker-45] INFO  o.e.m.c.i.embedder.EclipseLogger - skip non existing resourceDirectory D:\Code\SpringMVC\MVCproject\src\test\resources
2025-11-12 23:47:46,242 [Worker-37] WARN  o.e.m.c.i.embedder.EclipseLogger - Using platform encoding (Cp1252 actually) to copy filtered resources, i.e. build is platform dependent!
2025-11-12 23:47:46,242 [Worker-37] INFO  o.e.m.c.i.embedder.EclipseLogger - Copying 0 resource
2025-11-12 23:47:46,242 [Worker-37] WARN  o.e.m.c.i.embedder.EclipseLogger - Using platform encoding (Cp1252 actually) to copy filtered resources, i.e. build is platform dependent!
2025-11-12 23:47:46,242 [Worker-37] INFO  o.e.m.c.i.embedder.EclipseLogger - skip non existing resourceDirectory D:\Code\SpringMVC\MVCproject\src\test\resources
2025-11-12 23:48:05,520 [Worker-50] WARN  o.e.m.c.i.embedder.EclipseLogger - Using platform encoding (Cp1252 actually) to copy filtered resources, i.e. build is platform dependent!
2025-11-12 23:48:05,520 [Worker-50] INFO  o.e.m.c.i.embedder.EclipseLogger - Copying 0 resource
2025-11-12 23:48:05,520 [Worker-50] WARN  o.e.m.c.i.embedder.EclipseLogger - Using platform encoding (Cp1252 actually) to copy filtered resources, i.e. build is platform dependent!
2025-11-12 23:48:05,520 [Worker-50] INFO  o.e.m.c.i.embedder.EclipseLogger - skip non existing resourceDirectory D:\Code\SpringMVC\MVCproject\src\test\resources
2025-11-13 20:53:19,041 [Worker-5] WARN  o.e.m.c.i.embedder.EclipseLogger - Using platform encoding (Cp1252 actually) to copy filtered resources, i.e. build is platform dependent!
2025-11-13 20:53:19,049 [Worker-5] INFO  o.e.m.c.i.embedder.EclipseLogger - Copying 0 resource
2025-11-13 20:53:19,051 [Worker-5] WARN  o.e.m.c.i.embedder.EclipseLogger - Using platform encoding (Cp1252 actually) to copy filtered resources, i.e. build is platform dependent!
2025-11-13 20:53:19,052 [Worker-5] INFO  o.e.m.c.i.embedder.EclipseLogger - skip non existing resourceDirectory D:\Code\SpringMVC\MVCproject\src\test\resources
2025-11-13 20:57:37,342 [Worker-0] WARN  o.e.m.c.i.embedder.EclipseLogger - Using platform encoding (Cp1252 actually) to copy filtered resources, i.e. build is platform dependent!
2025-11-13 20:57:37,351 [Worker-0] INFO  o.e.m.c.i.embedder.EclipseLogger - Copying 0 resource
2025-11-13 20:57:37,352 [Worker-0] WARN  o.e.m.c.i.embedder.EclipseLogger - Using platform encoding (Cp1252 actually) to copy filtered resources, i.e. build is platform dependent!
2025-11-13 20:57:37,353 [Worker-0] INFO  o.e.m.c.i.embedder.EclipseLogger - skip non existing resourceDirectory D:\Code\SpringMVC\MVCproject\src\test\resources
2025-11-13 20:57:57,584 [Worker-21] WARN  o.e.m.c.i.embedder.EclipseLogger - Using platform encoding (Cp1252 actually) to copy filtered resources, i.e. build is platform dependent!
2025-11-13 20:57:57,585 [Worker-21] INFO  o.e.m.c.i.embedder.EclipseLogger - Copying 0 resource
2025-11-13 20:57:57,586 [Worker-21] WARN  o.e.m.c.i.embedder.EclipseLogger - Using platform encoding (Cp1252 actually) to copy filtered resources, i.e. build is platform dependent!
2025-11-13 20:57:57,588 [Worker-21] INFO  o.e.m.c.i.embedder.EclipseLogger - skip non existing resourceDirectory D:\Code\SpringMVC\MVCproject\src\test\resources
2025-11-13 20:58:47,474 [Worker-11] WARN  o.e.m.c.i.embedder.EclipseLogger - Using platform encoding (Cp1252 actually) to copy filtered resources, i.e. build is platform dependent!
2025-11-13 20:58:47,488 [Worker-11] INFO  o.e.m.c.i.embedder.EclipseLogger - Copying 0 resource
2025-11-13 20:58:47,489 [Worker-11] WARN  o.e.m.c.i.embedder.EclipseLogger - Using platform encoding (Cp1252 actually) to copy filtered resources, i.e. build is platform dependent!
2025-11-13 20:58:47,490 [Worker-11] INFO  o.e.m.c.i.embedder.EclipseLogger - skip non existing resourceDirectory D:\Code\SpringMVC\MVCproject\src\test\resources
2025-11-13 20:59:49,680 [Worker-0] WARN  o.e.m.c.i.embedder.EclipseLogger - Using platform encoding (Cp1252 actually) to copy filtered resources, i.e. build is platform dependent!
2025-11-13 20:59:49,681 [Worker-0] INFO  o.e.m.c.i.embedder.EclipseLogger - Copying 0 resource
2025-11-13 20:59:49,683 [Worker-0] WARN  o.e.m.c.i.embedder.EclipseLogger - Using platform encoding (Cp1252 actually) to copy filtered resources, i.e. build is platform dependent!
2025-11-13 20:59:49,684 [Worker-0] INFO  o.e.m.c.i.embedder.EclipseLogger - skip non existing resourceDirectory D:\Code\SpringMVC\MVCproject\src\test\resources
2025-11-13 21:00:31,942 [Worker-11] WARN  o.e.m.c.i.embedder.EclipseLogger - Using platform encoding (Cp1252 actually) to copy filtered resources, i.e. build is platform dependent!
2025-11-13 21:00:31,943 [Worker-11] INFO  o.e.m.c.i.embedder.EclipseLogger - Copying 0 resource
2025-11-13 21:00:31,944 [Worker-11] WARN  o.e.m.c.i.embedder.EclipseLogger - Using platform encoding (Cp1252 actually) to copy filtered resources, i.e. build is platform dependent!
2025-11-13 21:00:31,945 [Worker-11] INFO  o.e.m.c.i.embedder.EclipseLogger - skip non existing resourceDirectory D:\Code\SpringMVC\MVCproject\src\test\resources
2025-11-13 21:01:22,803 [Worker-20] WARN  o.e.m.c.i.embedder.EclipseLogger - Using platform encoding (Cp1252 actually) to copy filtered resources, i.e. build is platform dependent!
2025-11-13 21:01:22,803 [Worker-20] INFO  o.e.m.c.i.embedder.EclipseLogger - Copying 0 resource
2025-11-13 21:01:22,804 [Worker-20] WARN  o.e.m.c.i.embedder.EclipseLogger - Using platform encoding (Cp1252 actually) to copy filtered resources, i.e. build is platform dependent!
2025-11-13 21:01:22,805 [Worker-20] INFO  o.e.m.c.i.embedder.EclipseLogger - skip non existing resourceDirectory D:\Code\SpringMVC\MVCproject\src\test\resources
2025-11-13 21:02:07,214 [Worker-23] WARN  o.e.m.c.i.embedder.EclipseLogger - Using platform encoding (Cp1252 actually) to copy filtered resources, i.e. build is platform dependent!
2025-11-13 21:02:07,216 [Worker-23] INFO  o.e.m.c.i.embedder.EclipseLogger - Copying 0 resource
2025-11-13 21:02:07,218 [Worker-23] WARN  o.e.m.c.i.embedder.EclipseLogger - Using platform encoding (Cp1252 actually) to copy filtered resources, i.e. build is platform dependent!
2025-11-13 21:02:07,218 [Worker-23] INFO  o.e.m.c.i.embedder.EclipseLogger - skip non existing resourceDirectory D:\Code\SpringMVC\MVCproject\src\test\resources
2025-11-13 21:03:20,664 [Worker-22] WARN  o.e.m.c.i.embedder.EclipseLogger - Using platform encoding (Cp1252 actually) to copy filtered resources, i.e. build is platform dependent!
2025-11-13 21:03:20,664 [Worker-22] INFO  o.e.m.c.i.embedder.EclipseLogger - Copying 0 resource
2025-11-13 21:03:20,666 [Worker-22] WARN  o.e.m.c.i.embedder.EclipseLogger - Using platform encoding (Cp1252 actually) to copy filtered resources, i.e. build is platform dependent!
2025-11-13 21:03:20,674 [Worker-22] INFO  o.e.m.c.i.embedder.EclipseLogger - skip non existing resourceDirectory D:\Code\SpringMVC\MVCproject\src\test\resources
2025-11-13 21:04:30,631 [Worker-24] WARN  o.e.m.c.i.embedder.EclipseLogger - Using platform encoding (Cp1252 actually) to copy filtered resources, i.e. build is platform dependent!
2025-11-13 21:04:30,633 [Worker-24] INFO  o.e.m.c.i.embedder.EclipseLogger - Copying 0 resource
2025-11-13 21:04:30,634 [Worker-24] WARN  o.e.m.c.i.embedder.EclipseLogger - Using platform encoding (Cp1252 actually) to copy filtered resources, i.e. build is platform dependent!
2025-11-13 21:04:30,635 [Worker-24] INFO  o.e.m.c.i.embedder.EclipseLogger - skip non existing resourceDirectory D:\Code\SpringMVC\MVCproject\src\test\resources
2025-11-13 21:04:46,810 [Worker-21] WARN  o.e.m.c.i.embedder.EclipseLogger - Using platform encoding (Cp1252 actually) to copy filtered resources, i.e. build is platform dependent!
2025-11-13 21:04:46,810 [Worker-21] INFO  o.e.m.c.i.embedder.EclipseLogger - Copying 0 resource
2025-11-13 21:04:46,810 [Worker-21] WARN  o.e.m.c.i.embedder.EclipseLogger - Using platform encoding (Cp1252 actually) to copy filtered resources, i.e. build is platform dependent!
2025-11-13 21:04:46,819 [Worker-21] INFO  o.e.m.c.i.embedder.EclipseLogger - skip non existing resourceDirectory D:\Code\SpringMVC\MVCproject\src\test\resources
2025-11-13 21:05:11,571 [Worker-11] WARN  o.e.m.c.i.embedder.EclipseLogger - Using platform encoding (Cp1252 actually) to copy filtered resources, i.e. build is platform dependent!
2025-11-13 21:05:11,572 [Worker-11] INFO  o.e.m.c.i.embedder.EclipseLogger - Copying 0 resource
2025-11-13 21:05:11,573 [Worker-11] WARN  o.e.m.c.i.embedder.EclipseLogger - Using platform encoding (Cp1252 actually) to copy filtered resources, i.e. build is platform dependent!
2025-11-13 21:05:11,573 [Worker-11] INFO  o.e.m.c.i.embedder.EclipseLogger - skip non existing resourceDirectory D:\Code\SpringMVC\MVCproject\src\test\resources
2025-11-13 21:06:19,733 [Worker-22] WARN  o.e.m.c.i.embedder.EclipseLogger - Using platform encoding (Cp1252 actually) to copy filtered resources, i.e. build is platform dependent!
2025-11-13 21:06:19,734 [Worker-22] INFO  o.e.m.c.i.embedder.EclipseLogger - Copying 0 resource
2025-11-13 21:06:19,735 [Worker-22] WARN  o.e.m.c.i.embedder.EclipseLogger - Using platform encoding (Cp1252 actually) to copy filtered resources, i.e. build is platform dependent!
2025-11-13 21:06:19,743 [Worker-22] INFO  o.e.m.c.i.embedder.EclipseLogger - skip non existing resourceDirectory D:\Code\SpringMVC\MVCproject\src\test\resources
2025-11-13 21:08:06,056 [Worker-29] WARN  o.e.m.c.i.embedder.EclipseLogger - Using platform encoding (Cp1252 actually) to copy filtered resources, i.e. build is platform dependent!
2025-11-13 21:08:06,057 [Worker-29] INFO  o.e.m.c.i.embedder.EclipseLogger - Copying 0 resource
2025-11-13 21:08:06,058 [Worker-29] WARN  o.e.m.c.i.embedder.EclipseLogger - Using platform encoding (Cp1252 actually) to copy filtered resources, i.e. build is platform dependent!
2025-11-13 21:08:06,059 [Worker-29] INFO  o.e.m.c.i.embedder.EclipseLogger - skip non existing resourceDirectory D:\Code\SpringMVC\MVCproject\src\test\resources
2025-11-13 21:08:13,528 [Worker-25] WARN  o.e.m.c.i.embedder.EclipseLogger - Using platform encoding (Cp1252 actually) to copy filtered resources, i.e. build is platform dependent!
2025-11-13 21:08:13,528 [Worker-25] INFO  o.e.m.c.i.embedder.EclipseLogger - Copying 0 resource
2025-11-13 21:08:13,529 [Worker-25] WARN  o.e.m.c.i.embedder.EclipseLogger - Using platform encoding (Cp1252 actually) to copy filtered resources, i.e. build is platform dependent!
2025-11-13 21:08:13,530 [Worker-25] INFO  o.e.m.c.i.embedder.EclipseLogger - skip non existing resourceDirectory D:\Code\SpringMVC\MVCproject\src\test\resources
2025-11-13 21:09:51,256 [Worker-29] WARN  o.e.m.c.i.embedder.EclipseLogger - Using platform encoding (Cp1252 actually) to copy filtered resources, i.e. build is platform dependent!
2025-11-13 21:09:51,256 [Worker-29] INFO  o.e.m.c.i.embedder.EclipseLogger - Copying 0 resource
2025-11-13 21:09:51,259 [Worker-29] WARN  o.e.m.c.i.embedder.EclipseLogger - Using platform encoding (Cp1252 actually) to copy filtered resources, i.e. build is platform dependent!
2025-11-13 21:09:51,259 [Worker-29] INFO  o.e.m.c.i.embedder.EclipseLogger - skip non existing resourceDirectory D:\Code\SpringMVC\MVCproject\src\test\resources
2025-11-13 21:19:41,438 [Worker-33] WARN  o.e.m.c.i.embedder.EclipseLogger - Using platform encoding (Cp1252 actually) to copy filtered resources, i.e. build is platform dependent!
2025-11-13 21:19:41,441 [Worker-33] INFO  o.e.m.c.i.embedder.EclipseLogger - Copying 0 resource
2025-11-13 21:19:41,442 [Worker-33] WARN  o.e.m.c.i.embedder.EclipseLogger - Using platform encoding (Cp1252 actually) to copy filtered resources, i.e. build is platform dependent!
2025-11-13 21:19:41,443 [Worker-33] INFO  o.e.m.c.i.embedder.EclipseLogger - skip non existing resourceDirectory D:\Code\SpringMVC\MVCproject\src\test\resources
2025-11-13 21:22:14,140 [Worker-31] WARN  o.e.r.models.ModelRepository - Failed to download org.eclipse.recommenders:index::zip:0.0.0
org.eclipse.aether.resolution.ArtifactResolutionException: Could not find artifact org.eclipse.recommenders:index:zip:0.0.0-SNAPSHOT in models (http://download.eclipse.org/recommenders/models/neon/)
	at org.eclipse.aether.internal.impl.DefaultArtifactResolver.resolve(DefaultArtifactResolver.java:444) ~[na:na]
	at org.eclipse.aether.internal.impl.DefaultArtifactResolver.resolveArtifacts(DefaultArtifactResolver.java:246) ~[na:na]
	at org.eclipse.aether.internal.impl.DefaultArtifactResolver.resolveArtifact(DefaultArtifactResolver.java:223) ~[na:na]
	at org.eclipse.aether.internal.impl.DefaultRepositorySystem.resolveArtifact(DefaultRepositorySystem.java:294) ~[na:na]
	at org.eclipse.recommenders.models.ModelRepository.resolveInternal(ModelRepository.java:193) [org.eclipse.recommenders.models_2.4.6.v20170307-1041.jar:na]
	at org.eclipse.recommenders.models.ModelRepository.resolve(ModelRepository.java:172) [org.eclipse.recommenders.models_2.4.6.v20170307-1041.jar:na]
	at org.eclipse.recommenders.internal.models.rcp.EclipseModelRepository.resolve(EclipseModelRepository.java:169) [org.eclipse.recommenders.models.rcp_2.4.6.v20170307-1041.jar:na]
	at org.eclipse.recommenders.internal.models.rcp.DownloadModelArchiveJob.run(DownloadModelArchiveJob.java:76) [org.eclipse.recommenders.models.rcp_2.4.6.v20170307-1041.jar:na]
	at org.eclipse.core.internal.jobs.Worker.run(Worker.java:55) [org.eclipse.core.jobs_3.8.0.v20160509-0411.jar:na]
Caused by: org.eclipse.aether.transfer.ArtifactNotFoundException: Could not find artifact org.eclipse.recommenders:index:zip:0.0.0-SNAPSHOT in models (http://download.eclipse.org/recommenders/models/neon/)
	at org.eclipse.aether.connector.basic.ArtifactTransportListener.transferFailed(ArtifactTransportListener.java:39) ~[org.eclipse.aether.connector.basic_1.0.1.v20141111.jar:na]
	at org.eclipse.aether.connector.basic.BasicRepositoryConnector$TaskRunner.run(BasicRepositoryConnector.java:355) ~[org.eclipse.aether.connector.basic_1.0.1.v20141111.jar:na]
	at org.eclipse.aether.util.concurrency.RunnableErrorForwarder$1.run(RunnableErrorForwarder.java:67) ~[na:na]
	at org.eclipse.aether.connector.basic.BasicRepositoryConnector$DirectExecutor.execute(BasicRepositoryConnector.java:581) ~[org.eclipse.aether.connector.basic_1.0.1.v20141111.jar:na]
	at org.eclipse.aether.connector.basic.BasicRepositoryConnector.get(BasicRepositoryConnector.java:249) ~[org.eclipse.aether.connector.basic_1.0.1.v20141111.jar:na]
	at org.eclipse.aether.internal.impl.DefaultArtifactResolver.performDownloads(DefaultArtifactResolver.java:520) ~[na:na]
	at org.eclipse.aether.internal.impl.DefaultArtifactResolver.resolve(DefaultArtifactResolver.java:421) ~[na:na]
	... 8 common frames omitted
2025-11-13 21:28:23,096 [Worker-39] WARN  o.e.m.c.i.embedder.EclipseLogger - Using platform encoding (Cp1252 actually) to copy filtered resources, i.e. build is platform dependent!
2025-11-13 21:28:23,098 [Worker-39] INFO  o.e.m.c.i.embedder.EclipseLogger - Copying 0 resource
2025-11-13 21:28:23,100 [Worker-39] WARN  o.e.m.c.i.embedder.EclipseLogger - Using platform encoding (Cp1252 actually) to copy filtered resources, i.e. build is platform dependent!
2025-11-13 21:28:23,101 [Worker-39] INFO  o.e.m.c.i.embedder.EclipseLogger - skip non existing resourceDirectory D:\Code\SpringMVC\MVCproject\src\test\resources
2025-11-13 21:28:29,999 [Worker-39] WARN  o.e.m.c.i.embedder.EclipseLogger - Using platform encoding (Cp1252 actually) to copy filtered resources, i.e. build is platform dependent!
2025-11-13 21:28:30,000 [Worker-39] INFO  o.e.m.c.i.embedder.EclipseLogger - Copying 0 resource
2025-11-13 21:28:30,001 [Worker-39] WARN  o.e.m.c.i.embedder.EclipseLogger - Using platform encoding (Cp1252 actually) to copy filtered resources, i.e. build is platform dependent!
2025-11-13 21:28:30,002 [Worker-39] INFO  o.e.m.c.i.embedder.EclipseLogger - skip non existing resourceDirectory D:\Code\SpringMVC\MVCproject\src\test\resources
2025-11-13 21:29:17,112 [Worker-41] WARN  o.e.m.c.i.embedder.EclipseLogger - Using platform encoding (Cp1252 actually) to copy filtered resources, i.e. build is platform dependent!
2025-11-13 21:29:17,113 [Worker-41] INFO  o.e.m.c.i.embedder.EclipseLogger - Copying 0 resource
2025-11-13 21:29:17,114 [Worker-41] WARN  o.e.m.c.i.embedder.EclipseLogger - Using platform encoding (Cp1252 actually) to copy filtered resources, i.e. build is platform dependent!
2025-11-13 21:29:17,114 [Worker-41] INFO  o.e.m.c.i.embedder.EclipseLogger - skip non existing resourceDirectory D:\Code\SpringMVC\MVCproject\src\test\resources
2025-11-13 21:29:22,004 [Worker-41] WARN  o.e.m.c.i.embedder.EclipseLogger - Using platform encoding (Cp1252 actually) to copy filtered resources, i.e. build is platform dependent!
2025-11-13 21:29:22,004 [Worker-41] INFO  o.e.m.c.i.embedder.EclipseLogger - Copying 0 resource
2025-11-13 21:29:22,005 [Worker-41] WARN  o.e.m.c.i.embedder.EclipseLogger - Using platform encoding (Cp1252 actually) to copy filtered resources, i.e. build is platform dependent!
2025-11-13 21:29:22,006 [Worker-41] INFO  o.e.m.c.i.embedder.EclipseLogger - skip non existing resourceDirectory D:\Code\SpringMVC\MVCproject\src\test\resources
2025-11-13 21:30:10,843 [Worker-40] WARN  o.e.m.c.i.embedder.EclipseLogger - Using platform encoding (Cp1252 actually) to copy filtered resources, i.e. build is platform dependent!
2025-11-13 21:30:10,844 [Worker-40] INFO  o.e.m.c.i.embedder.EclipseLogger - Copying 0 resource
2025-11-13 21:30:10,844 [Worker-40] WARN  o.e.m.c.i.embedder.EclipseLogger - Using platform encoding (Cp1252 actually) to copy filtered resources, i.e. build is platform dependent!
2025-11-13 21:30:10,845 [Worker-40] INFO  o.e.m.c.i.embedder.EclipseLogger - skip non existing resourceDirectory D:\Code\SpringMVC\MVCproject\src\test\resources
2025-11-13 21:34:04,102 [Worker-44] WARN  o.e.m.c.i.embedder.EclipseLogger - Using platform encoding (Cp1252 actually) to copy filtered resources, i.e. build is platform dependent!
2025-11-13 21:34:04,103 [Worker-44] INFO  o.e.m.c.i.embedder.EclipseLogger - Copying 0 resource
2025-11-13 21:34:04,104 [Worker-44] WARN  o.e.m.c.i.embedder.EclipseLogger - Using platform encoding (Cp1252 actually) to copy filtered resources, i.e. build is platform dependent!
2025-11-13 21:34:04,105 [Worker-44] INFO  o.e.m.c.i.embedder.EclipseLogger - skip non existing resourceDirectory D:\Code\SpringMVC\MVCproject\src\test\resources
2025-11-13 21:34:24,963 [Worker-46] WARN  o.e.m.c.i.embedder.EclipseLogger - Using platform encoding (Cp1252 actually) to copy filtered resources, i.e. build is platform dependent!
2025-11-13 21:34:24,964 [Worker-46] INFO  o.e.m.c.i.embedder.EclipseLogger - Copying 0 resource
2025-11-13 21:34:24,965 [Worker-46] WARN  o.e.m.c.i.embedder.EclipseLogger - Using platform encoding (Cp1252 actually) to copy filtered resources, i.e. build is platform dependent!
2025-11-13 21:34:24,966 [Worker-46] INFO  o.e.m.c.i.embedder.EclipseLogger - skip non existing resourceDirectory D:\Code\SpringMVC\MVCproject\src\test\resources
2025-11-13 21:34:41,553 [Worker-45] WARN  o.e.m.c.i.embedder.EclipseLogger - Using platform encoding (Cp1252 actually) to copy filtered resources, i.e. build is platform dependent!
2025-11-13 21:34:41,554 [Worker-45] INFO  o.e.m.c.i.embedder.EclipseLogger - Copying 0 resource
2025-11-13 21:34:41,555 [Worker-45] WARN  o.e.m.c.i.embedder.EclipseLogger - Using platform encoding (Cp1252 actually) to copy filtered resources, i.e. build is platform dependent!
2025-11-13 21:34:41,555 [Worker-45] INFO  o.e.m.c.i.embedder.EclipseLogger - skip non existing resourceDirectory D:\Code\SpringMVC\MVCproject\src\test\resources
2025-11-13 21:35:04,354 [Worker-31] WARN  o.e.m.c.i.embedder.EclipseLogger - Using platform encoding (Cp1252 actually) to copy filtered resources, i.e. build is platform dependent!
2025-11-13 21:35:04,355 [Worker-31] INFO  o.e.m.c.i.embedder.EclipseLogger - Copying 0 resource
2025-11-13 21:35:04,356 [Worker-31] WARN  o.e.m.c.i.embedder.EclipseLogger - Using platform encoding (Cp1252 actually) to copy filtered resources, i.e. build is platform dependent!
2025-11-13 21:35:04,356 [Worker-31] INFO  o.e.m.c.i.embedder.EclipseLogger - skip non existing resourceDirectory D:\Code\SpringMVC\MVCproject\src\test\resources
2025-11-13 21:38:35,258 [Worker-48] WARN  o.e.m.c.i.embedder.EclipseLogger - Using platform encoding (Cp1252 actually) to copy filtered resources, i.e. build is platform dependent!
2025-11-13 21:38:35,260 [Worker-48] INFO  o.e.m.c.i.embedder.EclipseLogger - Copying 0 resource
2025-11-13 21:38:35,261 [Worker-48] WARN  o.e.m.c.i.embedder.EclipseLogger - Using platform encoding (Cp1252 actually) to copy filtered resources, i.e. build is platform dependent!
2025-11-13 21:38:35,261 [Worker-48] INFO  o.e.m.c.i.embedder.EclipseLogger - skip non existing resourceDirectory D:\Code\SpringMVC\MVCproject\src\test\resources
2025-11-13 21:39:51,609 [Worker-48] WARN  o.e.m.c.i.embedder.EclipseLogger - Using platform encoding (Cp1252 actually) to copy filtered resources, i.e. build is platform dependent!
2025-11-13 21:39:51,609 [Worker-48] INFO  o.e.m.c.i.embedder.EclipseLogger - Copying 0 resource
2025-11-13 21:39:51,611 [Worker-48] WARN  o.e.m.c.i.embedder.EclipseLogger - Using platform encoding (Cp1252 actually) to copy filtered resources, i.e. build is platform dependent!
2025-11-13 21:39:51,611 [Worker-48] INFO  o.e.m.c.i.embedder.EclipseLogger - skip non existing resourceDirectory D:\Code\SpringMVC\MVCproject\src\test\resources
2025-11-13 21:41:44,951 [Worker-51] WARN  o.e.m.c.i.embedder.EclipseLogger - Using platform encoding (Cp1252 actually) to copy filtered resources, i.e. build is platform dependent!
2025-11-13 21:41:44,951 [Worker-51] INFO  o.e.m.c.i.embedder.EclipseLogger - Copying 0 resource
2025-11-13 21:41:44,951 [Worker-51] WARN  o.e.m.c.i.embedder.EclipseLogger - Using platform encoding (Cp1252 actually) to copy filtered resources, i.e. build is platform dependent!
2025-11-13 21:41:44,951 [Worker-51] INFO  o.e.m.c.i.embedder.EclipseLogger - skip non existing resourceDirectory D:\Code\SpringMVC\MVCproject\src\test\resources
2025-11-13 21:44:06,530 [Worker-49] WARN  o.e.m.c.i.embedder.EclipseLogger - Using platform encoding (Cp1252 actually) to copy filtered resources, i.e. build is platform dependent!
2025-11-13 21:44:06,530 [Worker-49] INFO  o.e.m.c.i.embedder.EclipseLogger - Copying 0 resource
2025-11-13 21:44:06,532 [Worker-49] WARN  o.e.m.c.i.embedder.EclipseLogger - Using platform encoding (Cp1252 actually) to copy filtered resources, i.e. build is platform dependent!
2025-11-13 21:44:06,532 [Worker-49] INFO  o.e.m.c.i.embedder.EclipseLogger - skip non existing resourceDirectory D:\Code\SpringMVC\MVCproject\src\test\resources
2025-11-13 21:45:19,698 [Worker-46] WARN  o.e.m.c.i.embedder.EclipseLogger - Using platform encoding (Cp1252 actually) to copy filtered resources, i.e. build is platform dependent!
2025-11-13 21:45:19,698 [Worker-46] INFO  o.e.m.c.i.embedder.EclipseLogger - Copying 0 resource
2025-11-13 21:45:19,698 [Worker-46] WARN  o.e.m.c.i.embedder.EclipseLogger - Using platform encoding (Cp1252 actually) to copy filtered resources, i.e. build is platform dependent!
2025-11-13 21:45:19,698 [Worker-46] INFO  o.e.m.c.i.embedder.EclipseLogger - skip non existing resourceDirectory D:\Code\SpringMVC\MVCproject\src\test\resources
2025-11-13 21:50:37,271 [Worker-55] WARN  o.e.m.c.i.embedder.EclipseLogger - Using platform encoding (Cp1252 actually) to copy filtered resources, i.e. build is platform dependent!
2025-11-13 21:50:37,271 [Worker-55] INFO  o.e.m.c.i.embedder.EclipseLogger - Copying 0 resource
2025-11-13 21:50:37,283 [Worker-55] WARN  o.e.m.c.i.embedder.EclipseLogger - Using platform encoding (Cp1252 actually) to copy filtered resources, i.e. build is platform dependent!
2025-11-13 21:50:37,283 [Worker-55] INFO  o.e.m.c.i.embedder.EclipseLogger - skip non existing resourceDirectory D:\Code\SpringMVC\MVCproject\src\test\resources
2025-11-13 21:51:03,075 [Worker-56] WARN  o.e.m.c.i.embedder.EclipseLogger - Using platform encoding (Cp1252 actually) to copy filtered resources, i.e. build is platform dependent!
2025-11-13 21:51:03,075 [Worker-56] INFO  o.e.m.c.i.embedder.EclipseLogger - Copying 0 resource
2025-11-13 21:51:03,075 [Worker-56] WARN  o.e.m.c.i.embedder.EclipseLogger - Using platform encoding (Cp1252 actually) to copy filtered resources, i.e. build is platform dependent!
2025-11-13 21:51:03,075 [Worker-56] INFO  o.e.m.c.i.embedder.EclipseLogger - skip non existing resourceDirectory D:\Code\SpringMVC\MVCproject\src\test\resources
2025-11-13 21:51:54,512 [Worker-52] WARN  o.e.m.c.i.embedder.EclipseLogger - Using platform encoding (Cp1252 actually) to copy filtered resources, i.e. build is platform dependent!
2025-11-13 21:51:54,512 [Worker-52] INFO  o.e.m.c.i.embedder.EclipseLogger - Copying 0 resource
2025-11-13 21:51:54,512 [Worker-52] WARN  o.e.m.c.i.embedder.EclipseLogger - Using platform encoding (Cp1252 actually) to copy filtered resources, i.e. build is platform dependent!
2025-11-13 21:51:54,512 [Worker-52] INFO  o.e.m.c.i.embedder.EclipseLogger - skip non existing resourceDirectory D:\Code\SpringMVC\MVCproject\src\test\resources
2025-11-13 22:19:04,527 [Worker-67] WARN  o.e.m.c.i.embedder.EclipseLogger - Using platform encoding (Cp1252 actually) to copy filtered resources, i.e. build is platform dependent!
2025-11-13 22:19:04,527 [Worker-67] INFO  o.e.m.c.i.embedder.EclipseLogger - Copying 0 resource
2025-11-13 22:19:04,527 [Worker-67] WARN  o.e.m.c.i.embedder.EclipseLogger - Using platform encoding (Cp1252 actually) to copy filtered resources, i.e. build is platform dependent!
2025-11-13 22:19:04,527 [Worker-67] INFO  o.e.m.c.i.embedder.EclipseLogger - skip non existing resourceDirectory D:\Code\SpringMVC\MVCproject\src\test\resources
2025-11-13 22:28:39,710 [Worker-77] WARN  o.e.m.c.i.embedder.EclipseLogger - Using platform encoding (Cp1252 actually) to copy filtered resources, i.e. build is platform dependent!
2025-11-13 22:28:39,710 [Worker-77] INFO  o.e.m.c.i.embedder.EclipseLogger - Copying 0 resource
2025-11-13 22:28:39,712 [Worker-77] WARN  o.e.m.c.i.embedder.EclipseLogger - Using platform encoding (Cp1252 actually) to copy filtered resources, i.e. build is platform dependent!
2025-11-13 22:28:39,712 [Worker-77] INFO  o.e.m.c.i.embedder.EclipseLogger - skip non existing resourceDirectory D:\Code\SpringMVC\MVCproject\src\test\resources
2025-11-13 22:35:28,996 [Worker-81] WARN  o.e.m.c.i.embedder.EclipseLogger - Using platform encoding (Cp1252 actually) to copy filtered resources, i.e. build is platform dependent!
2025-11-13 22:35:28,996 [Worker-81] INFO  o.e.m.c.i.embedder.EclipseLogger - Copying 0 resource
2025-11-13 22:35:28,996 [Worker-81] WARN  o.e.m.c.i.embedder.EclipseLogger - Using platform encoding (Cp1252 actually) to copy filtered resources, i.e. build is platform dependent!
2025-11-13 22:35:28,996 [Worker-81] INFO  o.e.m.c.i.embedder.EclipseLogger - skip non existing resourceDirectory D:\Code\SpringMVC\MVCproject\src\test\resources
2025-11-13 22:35:56,887 [Worker-78] WARN  o.e.m.c.i.embedder.EclipseLogger - Using platform encoding (Cp1252 actually) to copy filtered resources, i.e. build is platform dependent!
2025-11-13 22:35:56,887 [Worker-78] INFO  o.e.m.c.i.embedder.EclipseLogger - Copying 0 resource
2025-11-13 22:35:56,889 [Worker-78] WARN  o.e.m.c.i.embedder.EclipseLogger - Using platform encoding (Cp1252 actually) to copy filtered resources, i.e. build is platform dependent!
2025-11-13 22:35:56,889 [Worker-78] INFO  o.e.m.c.i.embedder.EclipseLogger - skip non existing resourceDirectory D:\Code\SpringMVC\MVCproject\src\test\resources
2025-11-13 22:40:53,974 [Worker-82] WARN  o.e.m.c.i.embedder.EclipseLogger - Using platform encoding (Cp1252 actually) to copy filtered resources, i.e. build is platform dependent!
2025-11-13 22:40:53,974 [Worker-82] INFO  o.e.m.c.i.embedder.EclipseLogger - Copying 0 resource
2025-11-13 22:40:53,974 [Worker-82] WARN  o.e.m.c.i.embedder.EclipseLogger - Using platform encoding (Cp1252 actually) to copy filtered resources, i.e. build is platform dependent!
2025-11-13 22:40:53,974 [Worker-82] INFO  o.e.m.c.i.embedder.EclipseLogger - skip non existing resourceDirectory D:\Code\SpringMVC\MVCproject\src\test\resources
2025-11-13 22:41:27,202 [Worker-81] WARN  o.e.m.c.i.embedder.EclipseLogger - Using platform encoding (Cp1252 actually) to copy filtered resources, i.e. build is platform dependent!
2025-11-13 22:41:27,204 [Worker-81] INFO  o.e.m.c.i.embedder.EclipseLogger - Copying 0 resource
2025-11-13 22:41:27,204 [Worker-81] WARN  o.e.m.c.i.embedder.EclipseLogger - Using platform encoding (Cp1252 actually) to copy filtered resources, i.e. build is platform dependent!
2025-11-13 22:41:27,204 [Worker-81] INFO  o.e.m.c.i.embedder.EclipseLogger - skip non existing resourceDirectory D:\Code\SpringMVC\MVCproject\src\test\resources
2025-11-13 22:48:53,767 [Worker-79] WARN  o.e.m.c.i.embedder.EclipseLogger - Using platform encoding (Cp1252 actually) to copy filtered resources, i.e. build is platform dependent!
2025-11-13 22:48:53,767 [Worker-79] INFO  o.e.m.c.i.embedder.EclipseLogger - Copying 0 resource
2025-11-13 22:48:53,767 [Worker-79] WARN  o.e.m.c.i.embedder.EclipseLogger - Using platform encoding (Cp1252 actually) to copy filtered resources, i.e. build is platform dependent!
2025-11-13 22:48:53,767 [Worker-79] INFO  o.e.m.c.i.embedder.EclipseLogger - skip non existing resourceDirectory D:\Code\SpringMVC\MVCproject\src\test\resources
2025-11-13 22:53:56,696 [Worker-80] WARN  o.e.m.c.i.embedder.EclipseLogger - Using platform encoding (Cp1252 actually) to copy filtered resources, i.e. build is platform dependent!
2025-11-13 22:53:56,696 [Worker-80] INFO  o.e.m.c.i.embedder.EclipseLogger - Copying 0 resource
2025-11-13 22:53:56,696 [Worker-80] WARN  o.e.m.c.i.embedder.EclipseLogger - Using platform encoding (Cp1252 actually) to copy filtered resources, i.e. build is platform dependent!
2025-11-13 22:53:56,696 [Worker-80] INFO  o.e.m.c.i.embedder.EclipseLogger - skip non existing resourceDirectory D:\Code\SpringMVC\MVCproject\src\test\resources
2025-11-13 22:54:24,304 [Worker-92] WARN  o.e.m.c.i.embedder.EclipseLogger - Using platform encoding (Cp1252 actually) to copy filtered resources, i.e. build is platform dependent!
2025-11-13 22:54:24,304 [Worker-92] INFO  o.e.m.c.i.embedder.EclipseLogger - Copying 0 resource
2025-11-13 22:54:24,304 [Worker-92] WARN  o.e.m.c.i.embedder.EclipseLogger - Using platform encoding (Cp1252 actually) to copy filtered resources, i.e. build is platform dependent!
2025-11-13 22:54:24,304 [Worker-92] INFO  o.e.m.c.i.embedder.EclipseLogger - skip non existing resourceDirectory D:\Code\SpringMVC\MVCproject\src\test\resources
2025-11-13 22:56:46,683 [Worker-93] WARN  o.e.m.c.i.embedder.EclipseLogger - Using platform encoding (Cp1252 actually) to copy filtered resources, i.e. build is platform dependent!
2025-11-13 22:56:46,683 [Worker-93] INFO  o.e.m.c.i.embedder.EclipseLogger - Copying 0 resource
2025-11-13 22:56:46,683 [Worker-93] WARN  o.e.m.c.i.embedder.EclipseLogger - Using platform encoding (Cp1252 actually) to copy filtered resources, i.e. build is platform dependent!
2025-11-13 22:56:46,683 [Worker-93] INFO  o.e.m.c.i.embedder.EclipseLogger - skip non existing resourceDirectory D:\Code\SpringMVC\MVCproject\src\test\resources
2025-11-13 22:59:20,826 [Worker-89] WARN  o.e.m.c.i.embedder.EclipseLogger - Using platform encoding (Cp1252 actually) to copy filtered resources, i.e. build is platform dependent!
2025-11-13 22:59:20,826 [Worker-89] INFO  o.e.m.c.i.embedder.EclipseLogger - Copying 0 resource
2025-11-13 22:59:20,826 [Worker-89] WARN  o.e.m.c.i.embedder.EclipseLogger - Using platform encoding (Cp1252 actually) to copy filtered resources, i.e. build is platform dependent!
2025-11-13 22:59:20,828 [Worker-89] INFO  o.e.m.c.i.embedder.EclipseLogger - skip non existing resourceDirectory D:\Code\SpringMVC\MVCproject\src\test\resources
2025-11-13 23:01:38,197 [Worker-93] WARN  o.e.m.c.i.embedder.EclipseLogger - Using platform encoding (Cp1252 actually) to copy filtered resources, i.e. build is platform dependent!
2025-11-13 23:01:38,197 [Worker-93] INFO  o.e.m.c.i.embedder.EclipseLogger - Copying 0 resource
2025-11-13 23:01:38,197 [Worker-93] WARN  o.e.m.c.i.embedder.EclipseLogger - Using platform encoding (Cp1252 actually) to copy filtered resources, i.e. build is platform dependent!
2025-11-13 23:01:38,197 [Worker-93] INFO  o.e.m.c.i.embedder.EclipseLogger - skip non existing resourceDirectory D:\Code\SpringMVC\MVCproject\src\test\resources
2025-11-13 23:10:47,629 [Worker-97] WARN  o.e.m.c.i.embedder.EclipseLogger - Using platform encoding (Cp1252 actually) to copy filtered resources, i.e. build is platform dependent!
2025-11-13 23:10:47,631 [Worker-97] INFO  o.e.m.c.i.embedder.EclipseLogger - Copying 0 resource
2025-11-13 23:10:47,631 [Worker-97] WARN  o.e.m.c.i.embedder.EclipseLogger - Using platform encoding (Cp1252 actually) to copy filtered resources, i.e. build is platform dependent!
2025-11-13 23:10:47,633 [Worker-97] INFO  o.e.m.c.i.embedder.EclipseLogger - skip non existing resourceDirectory D:\Code\SpringMVC\MVCproject\src\test\resources
2025-11-13 23:13:22,357 [Worker-92] WARN  o.e.m.c.i.embedder.EclipseLogger - Using platform encoding (Cp1252 actually) to copy filtered resources, i.e. build is platform dependent!
2025-11-13 23:13:22,357 [Worker-92] INFO  o.e.m.c.i.embedder.EclipseLogger - Copying 0 resource
2025-11-13 23:13:22,357 [Worker-92] WARN  o.e.m.c.i.embedder.EclipseLogger - Using platform encoding (Cp1252 actually) to copy filtered resources, i.e. build is platform dependent!
2025-11-13 23:13:22,357 [Worker-92] INFO  o.e.m.c.i.embedder.EclipseLogger - skip non existing resourceDirectory D:\Code\SpringMVC\MVCproject\src\test\resources
2025-11-13 23:20:06,242 [Worker-99] WARN  o.e.m.c.i.embedder.EclipseLogger - Using platform encoding (Cp1252 actually) to copy filtered resources, i.e. build is platform dependent!
2025-11-13 23:20:06,242 [Worker-99] INFO  o.e.m.c.i.embedder.EclipseLogger - Copying 0 resource
2025-11-13 23:20:06,244 [Worker-99] WARN  o.e.m.c.i.embedder.EclipseLogger - Using platform encoding (Cp1252 actually) to copy filtered resources, i.e. build is platform dependent!
2025-11-13 23:20:06,244 [Worker-99] INFO  o.e.m.c.i.embedder.EclipseLogger - skip non existing resourceDirectory D:\Code\SpringMVC\MVCproject\src\test\resources
2025-11-13 23:40:18,909 [Worker-118] WARN  o.e.m.c.i.embedder.EclipseLogger - Using platform encoding (Cp1252 actually) to copy filtered resources, i.e. build is platform dependent!
2025-11-13 23:40:18,911 [Worker-118] INFO  o.e.m.c.i.embedder.EclipseLogger - Copying 0 resource
2025-11-13 23:40:18,911 [Worker-118] WARN  o.e.m.c.i.embedder.EclipseLogger - Using platform encoding (Cp1252 actually) to copy filtered resources, i.e. build is platform dependent!
2025-11-13 23:40:18,911 [Worker-118] INFO  o.e.m.c.i.embedder.EclipseLogger - skip non existing resourceDirectory D:\Code\SpringMVC\MVCproject\src\test\resources
2025-11-14 00:28:04,879 [Worker-128] WARN  o.e.m.c.i.embedder.EclipseLogger - Using platform encoding (Cp1252 actually) to copy filtered resources, i.e. build is platform dependent!
2025-11-14 00:28:04,887 [Worker-128] INFO  o.e.m.c.i.embedder.EclipseLogger - Copying 0 resource
2025-11-14 00:28:04,889 [Worker-128] WARN  o.e.m.c.i.embedder.EclipseLogger - Using platform encoding (Cp1252 actually) to copy filtered resources, i.e. build is platform dependent!
2025-11-14 00:28:04,889 [Worker-128] INFO  o.e.m.c.i.embedder.EclipseLogger - skip non existing resourceDirectory D:\Code\SpringMVC\MVCproject\src\test\resources
2025-11-14 00:28:16,402 [Worker-130] WARN  o.e.m.c.i.embedder.EclipseLogger - Using platform encoding (Cp1252 actually) to copy filtered resources, i.e. build is platform dependent!
2025-11-14 00:28:16,412 [Worker-130] INFO  o.e.m.c.i.embedder.EclipseLogger - Copying 0 resource
2025-11-14 00:28:16,414 [Worker-130] WARN  o.e.m.c.i.embedder.EclipseLogger - Using platform encoding (Cp1252 actually) to copy filtered resources, i.e. build is platform dependent!
2025-11-14 00:28:16,414 [Worker-130] INFO  o.e.m.c.i.embedder.EclipseLogger - skip non existing resourceDirectory D:\Code\SpringMVC\MVCproject\src\test\resources
2025-11-14 00:28:21,631 [Worker-133] WARN  o.e.m.c.i.embedder.EclipseLogger - Using platform encoding (Cp1252 actually) to copy filtered resources, i.e. build is platform dependent!
2025-11-14 00:28:21,644 [Worker-133] INFO  o.e.m.c.i.embedder.EclipseLogger - Copying 0 resource
2025-11-14 00:28:21,644 [Worker-133] WARN  o.e.m.c.i.embedder.EclipseLogger - Using platform encoding (Cp1252 actually) to copy filtered resources, i.e. build is platform dependent!
2025-11-14 00:28:21,646 [Worker-133] INFO  o.e.m.c.i.embedder.EclipseLogger - skip non existing resourceDirectory D:\Code\SpringMVC\MVCproject\src\test\resources
2025-11-14 00:30:10,848 [Worker-132] WARN  o.e.m.c.i.embedder.EclipseLogger - Using platform encoding (Cp1252 actually) to copy filtered resources, i.e. build is platform dependent!
2025-11-14 00:30:10,848 [Worker-132] INFO  o.e.m.c.i.embedder.EclipseLogger - Copying 0 resource
2025-11-14 00:30:10,852 [Worker-132] WARN  o.e.m.c.i.embedder.EclipseLogger - Using platform encoding (Cp1252 actually) to copy filtered resources, i.e. build is platform dependent!
2025-11-14 00:30:10,854 [Worker-132] INFO  o.e.m.c.i.embedder.EclipseLogger - skip non existing resourceDirectory D:\Code\SpringMVC\MVCproject\src\test\resources
2025-11-14 00:30:46,100 [Worker-131] WARN  o.e.m.c.i.embedder.EclipseLogger - Using platform encoding (Cp1252 actually) to copy filtered resources, i.e. build is platform dependent!
2025-11-14 00:30:46,100 [Worker-131] INFO  o.e.m.c.i.embedder.EclipseLogger - Copying 0 resource
2025-11-14 00:30:46,100 [Worker-131] WARN  o.e.m.c.i.embedder.EclipseLogger - Using platform encoding (Cp1252 actually) to copy filtered resources, i.e. build is platform dependent!
2025-11-14 00:30:46,106 [Worker-131] INFO  o.e.m.c.i.embedder.EclipseLogger - skip non existing resourceDirectory D:\Code\SpringMVC\MVCproject\src\test\resources
2025-11-14 00:30:49,644 [Worker-102] WARN  o.e.m.c.i.embedder.EclipseLogger - Using platform encoding (Cp1252 actually) to copy filtered resources, i.e. build is platform dependent!
2025-11-14 00:30:49,644 [Worker-102] INFO  o.e.m.c.i.embedder.EclipseLogger - Copying 0 resource
2025-11-14 00:30:49,650 [Worker-102] WARN  o.e.m.c.i.embedder.EclipseLogger - Using platform encoding (Cp1252 actually) to copy filtered resources, i.e. build is platform dependent!
2025-11-14 00:30:49,650 [Worker-102] INFO  o.e.m.c.i.embedder.EclipseLogger - skip non existing resourceDirectory D:\Code\SpringMVC\MVCproject\src\test\resources
2025-11-14 00:31:36,406 [Worker-132] WARN  o.e.m.c.i.embedder.EclipseLogger - Using platform encoding (Cp1252 actually) to copy filtered resources, i.e. build is platform dependent!
2025-11-14 00:31:36,406 [Worker-132] INFO  o.e.m.c.i.embedder.EclipseLogger - Copying 0 resource
2025-11-14 00:31:36,411 [Worker-132] WARN  o.e.m.c.i.embedder.EclipseLogger - Using platform encoding (Cp1252 actually) to copy filtered resources, i.e. build is platform dependent!
2025-11-14 00:31:36,411 [Worker-132] INFO  o.e.m.c.i.embedder.EclipseLogger - skip non existing resourceDirectory D:\Code\SpringMVC\MVCproject\src\test\resources
2025-11-14 00:32:11,481 [Worker-133] WARN  o.e.m.c.i.embedder.EclipseLogger - Using platform encoding (Cp1252 actually) to copy filtered resources, i.e. build is platform dependent!
2025-11-14 00:32:11,497 [Worker-133] INFO  o.e.m.c.i.embedder.EclipseLogger - Copying 0 resource
2025-11-14 00:32:11,497 [Worker-133] WARN  o.e.m.c.i.embedder.EclipseLogger - Using platform encoding (Cp1252 actually) to copy filtered resources, i.e. build is platform dependent!
2025-11-14 00:32:11,497 [Worker-133] INFO  o.e.m.c.i.embedder.EclipseLogger - skip non existing resourceDirectory D:\Code\SpringMVC\MVCproject\src\test\resources
2025-11-14 00:36:17,529 [Worker-130] WARN  o.e.m.c.i.embedder.EclipseLogger - Using platform encoding (Cp1252 actually) to copy filtered resources, i.e. build is platform dependent!
2025-11-14 00:36:17,534 [Worker-130] INFO  o.e.m.c.i.embedder.EclipseLogger - Copying 0 resource
2025-11-14 00:36:17,535 [Worker-130] WARN  o.e.m.c.i.embedder.EclipseLogger - Using platform encoding (Cp1252 actually) to copy filtered resources, i.e. build is platform dependent!
2025-11-14 00:36:17,535 [Worker-130] INFO  o.e.m.c.i.embedder.EclipseLogger - skip non existing resourceDirectory D:\Code\SpringMVC\MVCproject\src\test\resources
2025-11-14 00:43:04,937 [Worker-136] WARN  o.e.m.c.i.embedder.EclipseLogger - Using platform encoding (Cp1252 actually) to copy filtered resources, i.e. build is platform dependent!
2025-11-14 00:43:04,939 [Worker-136] INFO  o.e.m.c.i.embedder.EclipseLogger - Copying 0 resource
2025-11-14 00:43:04,939 [Worker-136] WARN  o.e.m.c.i.embedder.EclipseLogger - Using platform encoding (Cp1252 actually) to copy filtered resources, i.e. build is platform dependent!
2025-11-14 00:43:04,941 [Worker-136] INFO  o.e.m.c.i.embedder.EclipseLogger - skip non existing resourceDirectory D:\Code\SpringMVC\MVCproject\src\test\resources
2025-11-14 00:44:38,659 [Worker-129] WARN  o.e.m.c.i.embedder.EclipseLogger - Using platform encoding (Cp1252 actually) to copy filtered resources, i.e. build is platform dependent!
2025-11-14 00:44:38,661 [Worker-129] INFO  o.e.m.c.i.embedder.EclipseLogger - Copying 0 resource
2025-11-14 00:44:38,663 [Worker-129] WARN  o.e.m.c.i.embedder.EclipseLogger - Using platform encoding (Cp1252 actually) to copy filtered resources, i.e. build is platform dependent!
2025-11-14 00:44:38,663 [Worker-129] INFO  o.e.m.c.i.embedder.EclipseLogger - skip non existing resourceDirectory D:\Code\SpringMVC\MVCproject\src\test\resources
2025-11-14 00:52:06,797 [Worker-137] WARN  o.e.m.c.i.embedder.EclipseLogger - Using platform encoding (Cp1252 actually) to copy filtered resources, i.e. build is platform dependent!
2025-11-14 00:52:06,797 [Worker-137] INFO  o.e.m.c.i.embedder.EclipseLogger - Copying 0 resource
2025-11-14 00:52:06,797 [Worker-137] WARN  o.e.m.c.i.embedder.EclipseLogger - Using platform encoding (Cp1252 actually) to copy filtered resources, i.e. build is platform dependent!
2025-11-14 00:52:06,797 [Worker-137] INFO  o.e.m.c.i.embedder.EclipseLogger - skip non existing resourceDirectory D:\Code\SpringMVC\MVCproject\src\test\resources
2025-11-14 00:52:48,300 [Worker-136] WARN  o.e.m.c.i.embedder.EclipseLogger - Using platform encoding (Cp1252 actually) to copy filtered resources, i.e. build is platform dependent!
2025-11-14 00:52:48,300 [Worker-136] INFO  o.e.m.c.i.embedder.EclipseLogger - Copying 0 resource
2025-11-14 00:52:48,302 [Worker-136] WARN  o.e.m.c.i.embedder.EclipseLogger - Using platform encoding (Cp1252 actually) to copy filtered resources, i.e. build is platform dependent!
2025-11-14 00:52:48,304 [Worker-136] INFO  o.e.m.c.i.embedder.EclipseLogger - skip non existing resourceDirectory D:\Code\SpringMVC\MVCproject\src\test\resources
2025-11-14 00:53:00,030 [Worker-128] WARN  o.e.m.c.i.embedder.EclipseLogger - Using platform encoding (Cp1252 actually) to copy filtered resources, i.e. build is platform dependent!
2025-11-14 00:53:00,033 [Worker-128] INFO  o.e.m.c.i.embedder.EclipseLogger - Copying 0 resource
2025-11-14 00:53:00,035 [Worker-128] WARN  o.e.m.c.i.embedder.EclipseLogger - Using platform encoding (Cp1252 actually) to copy filtered resources, i.e. build is platform dependent!
2025-11-14 00:53:00,035 [Worker-128] INFO  o.e.m.c.i.embedder.EclipseLogger - skip non existing resourceDirectory D:\Code\SpringMVC\MVCproject\src\test\resources
2025-11-14 00:53:07,157 [Worker-130] WARN  o.e.m.c.i.embedder.EclipseLogger - Using platform encoding (Cp1252 actually) to copy filtered resources, i.e. build is platform dependent!
2025-11-14 00:53:07,159 [Worker-130] INFO  o.e.m.c.i.embedder.EclipseLogger - Copying 0 resource
2025-11-14 00:53:07,159 [Worker-130] WARN  o.e.m.c.i.embedder.EclipseLogger - Using platform encoding (Cp1252 actually) to copy filtered resources, i.e. build is platform dependent!
2025-11-14 00:53:07,159 [Worker-130] INFO  o.e.m.c.i.embedder.EclipseLogger - skip non existing resourceDirectory D:\Code\SpringMVC\MVCproject\src\test\resources
2025-11-14 22:40:49,456 [Worker-5] WARN  o.e.m.c.i.embedder.EclipseLogger - Using platform encoding (Cp1252 actually) to copy filtered resources, i.e. build is platform dependent!
2025-11-14 22:40:49,464 [Worker-5] INFO  o.e.m.c.i.embedder.EclipseLogger - Copying 0 resource
2025-11-14 22:40:49,466 [Worker-5] WARN  o.e.m.c.i.embedder.EclipseLogger - Using platform encoding (Cp1252 actually) to copy filtered resources, i.e. build is platform dependent!
2025-11-14 22:40:49,467 [Worker-5] INFO  o.e.m.c.i.embedder.EclipseLogger - skip non existing resourceDirectory D:\Code\SpringMVC\MVCproject\src\test\resources
2025-11-14 22:48:09,547 [Worker-20] WARN  o.e.m.c.i.embedder.EclipseLogger - Using platform encoding (Cp1252 actually) to copy filtered resources, i.e. build is platform dependent!
2025-11-14 22:48:09,552 [Worker-20] INFO  o.e.m.c.i.embedder.EclipseLogger - Copying 0 resource
2025-11-14 22:48:09,553 [Worker-20] WARN  o.e.m.c.i.embedder.EclipseLogger - Using platform encoding (Cp1252 actually) to copy filtered resources, i.e. build is platform dependent!
2025-11-14 22:48:09,554 [Worker-20] INFO  o.e.m.c.i.embedder.EclipseLogger - skip non existing resourceDirectory D:\Code\SpringMVC\MVCproject\src\test\resources
2025-11-14 22:48:26,410 [Worker-5] WARN  o.e.m.c.i.embedder.EclipseLogger - Using platform encoding (Cp1252 actually) to copy filtered resources, i.e. build is platform dependent!
2025-11-14 22:48:26,417 [Worker-5] INFO  o.e.m.c.i.embedder.EclipseLogger - Copying 0 resource
2025-11-14 22:48:26,418 [Worker-5] WARN  o.e.m.c.i.embedder.EclipseLogger - Using platform encoding (Cp1252 actually) to copy filtered resources, i.e. build is platform dependent!
2025-11-14 22:48:26,419 [Worker-5] INFO  o.e.m.c.i.embedder.EclipseLogger - skip non existing resourceDirectory D:\Code\SpringMVC\MVCproject\src\test\resources
2025-11-14 22:49:08,019 [Worker-8] WARN  o.e.m.c.i.embedder.EclipseLogger - Using platform encoding (Cp1252 actually) to copy filtered resources, i.e. build is platform dependent!
2025-11-14 22:49:08,021 [Worker-8] INFO  o.e.m.c.i.embedder.EclipseLogger - Copying 0 resource
2025-11-14 22:49:08,023 [Worker-8] WARN  o.e.m.c.i.embedder.EclipseLogger - Using platform encoding (Cp1252 actually) to copy filtered resources, i.e. build is platform dependent!
2025-11-14 22:49:08,025 [Worker-8] INFO  o.e.m.c.i.embedder.EclipseLogger - skip non existing resourceDirectory D:\Code\SpringMVC\MVCproject\src\test\resources
2025-11-14 22:49:53,805 [Worker-5] WARN  o.e.m.c.i.embedder.EclipseLogger - Using platform encoding (Cp1252 actually) to copy filtered resources, i.e. build is platform dependent!
2025-11-14 22:49:53,806 [Worker-5] INFO  o.e.m.c.i.embedder.EclipseLogger - Copying 0 resource
2025-11-14 22:49:53,807 [Worker-5] WARN  o.e.m.c.i.embedder.EclipseLogger - Using platform encoding (Cp1252 actually) to copy filtered resources, i.e. build is platform dependent!
2025-11-14 22:49:53,808 [Worker-5] INFO  o.e.m.c.i.embedder.EclipseLogger - skip non existing resourceDirectory D:\Code\SpringMVC\MVCproject\src\test\resources
2025-11-14 22:50:26,340 [Worker-5] WARN  o.e.m.c.i.embedder.EclipseLogger - Using platform encoding (Cp1252 actually) to copy filtered resources, i.e. build is platform dependent!
2025-11-14 22:50:26,342 [Worker-5] INFO  o.e.m.c.i.embedder.EclipseLogger - Copying 0 resource
2025-11-14 22:50:26,343 [Worker-5] WARN  o.e.m.c.i.embedder.EclipseLogger - Using platform encoding (Cp1252 actually) to copy filtered resources, i.e. build is platform dependent!
2025-11-14 22:50:26,343 [Worker-5] INFO  o.e.m.c.i.embedder.EclipseLogger - skip non existing resourceDirectory D:\Code\SpringMVC\MVCproject\src\test\resources
2025-11-14 22:50:42,076 [Worker-20] WARN  o.e.m.c.i.embedder.EclipseLogger - Using platform encoding (Cp1252 actually) to copy filtered resources, i.e. build is platform dependent!
2025-11-14 22:50:42,077 [Worker-20] INFO  o.e.m.c.i.embedder.EclipseLogger - Copying 0 resource
2025-11-14 22:50:42,078 [Worker-20] WARN  o.e.m.c.i.embedder.EclipseLogger - Using platform encoding (Cp1252 actually) to copy filtered resources, i.e. build is platform dependent!
2025-11-14 22:50:42,079 [Worker-20] INFO  o.e.m.c.i.embedder.EclipseLogger - skip non existing resourceDirectory D:\Code\SpringMVC\MVCproject\src\test\resources
2025-11-14 22:52:44,951 [Worker-22] WARN  o.e.m.c.i.embedder.EclipseLogger - Using platform encoding (Cp1252 actually) to copy filtered resources, i.e. build is platform dependent!
2025-11-14 22:52:44,952 [Worker-22] INFO  o.e.m.c.i.embedder.EclipseLogger - Copying 0 resource
2025-11-14 22:52:44,954 [Worker-22] WARN  o.e.m.c.i.embedder.EclipseLogger - Using platform encoding (Cp1252 actually) to copy filtered resources, i.e. build is platform dependent!
2025-11-14 22:52:44,954 [Worker-22] INFO  o.e.m.c.i.embedder.EclipseLogger - skip non existing resourceDirectory D:\Code\SpringMVC\MVCproject\src\test\resources
2025-11-14 22:56:10,019 [Worker-21] WARN  o.e.m.c.i.embedder.EclipseLogger - Using platform encoding (Cp1252 actually) to copy filtered resources, i.e. build is platform dependent!
2025-11-14 22:56:10,020 [Worker-21] INFO  o.e.m.c.i.embedder.EclipseLogger - Copying 0 resource
2025-11-14 22:56:10,022 [Worker-21] WARN  o.e.m.c.i.embedder.EclipseLogger - Using platform encoding (Cp1252 actually) to copy filtered resources, i.e. build is platform dependent!
2025-11-14 22:56:10,022 [Worker-21] INFO  o.e.m.c.i.embedder.EclipseLogger - skip non existing resourceDirectory D:\Code\SpringMVC\MVCproject\src\test\resources
2025-11-14 22:58:03,719 [Worker-20] WARN  o.e.m.c.i.embedder.EclipseLogger - Using platform encoding (Cp1252 actually) to copy filtered resources, i.e. build is platform dependent!
2025-11-14 22:58:03,720 [Worker-20] INFO  o.e.m.c.i.embedder.EclipseLogger - Copying 0 resource
2025-11-14 22:58:03,721 [Worker-20] WARN  o.e.m.c.i.embedder.EclipseLogger - Using platform encoding (Cp1252 actually) to copy filtered resources, i.e. build is platform dependent!
2025-11-14 22:58:03,721 [Worker-20] INFO  o.e.m.c.i.embedder.EclipseLogger - skip non existing resourceDirectory D:\Code\SpringMVC\MVCproject\src\test\resources
2025-11-14 22:59:26,849 [Worker-19] WARN  o.e.m.c.i.embedder.EclipseLogger - Using platform encoding (Cp1252 actually) to copy filtered resources, i.e. build is platform dependent!
2025-11-14 22:59:26,850 [Worker-19] INFO  o.e.m.c.i.embedder.EclipseLogger - Copying 0 resource
2025-11-14 22:59:26,850 [Worker-19] WARN  o.e.m.c.i.embedder.EclipseLogger - Using platform encoding (Cp1252 actually) to copy filtered resources, i.e. build is platform dependent!
2025-11-14 22:59:26,851 [Worker-19] INFO  o.e.m.c.i.embedder.EclipseLogger - skip non existing resourceDirectory D:\Code\SpringMVC\MVCproject\src\test\resources
2025-11-14 23:00:14,412 [Worker-25] WARN  o.e.m.c.i.embedder.EclipseLogger - Using platform encoding (Cp1252 actually) to copy filtered resources, i.e. build is platform dependent!
2025-11-14 23:00:14,413 [Worker-25] INFO  o.e.m.c.i.embedder.EclipseLogger - Copying 0 resource
2025-11-14 23:00:14,413 [Worker-25] WARN  o.e.m.c.i.embedder.EclipseLogger - Using platform encoding (Cp1252 actually) to copy filtered resources, i.e. build is platform dependent!
2025-11-14 23:00:14,414 [Worker-25] INFO  o.e.m.c.i.embedder.EclipseLogger - skip non existing resourceDirectory D:\Code\SpringMVC\MVCproject\src\test\resources
2025-11-14 23:01:08,312 [Worker-32] WARN  o.e.m.c.i.embedder.EclipseLogger - Using platform encoding (Cp1252 actually) to copy filtered resources, i.e. build is platform dependent!
2025-11-14 23:01:08,312 [Worker-32] INFO  o.e.m.c.i.embedder.EclipseLogger - Copying 0 resource
2025-11-14 23:01:08,313 [Worker-32] WARN  o.e.m.c.i.embedder.EclipseLogger - Using platform encoding (Cp1252 actually) to copy filtered resources, i.e. build is platform dependent!
2025-11-14 23:01:08,314 [Worker-32] INFO  o.e.m.c.i.embedder.EclipseLogger - skip non existing resourceDirectory D:\Code\SpringMVC\MVCproject\src\test\resources
2025-11-14 23:04:05,308 [Worker-36] WARN  o.e.m.c.i.embedder.EclipseLogger - Using platform encoding (Cp1252 actually) to copy filtered resources, i.e. build is platform dependent!
2025-11-14 23:04:05,309 [Worker-36] INFO  o.e.m.c.i.embedder.EclipseLogger - Copying 0 resource
2025-11-14 23:04:05,310 [Worker-36] WARN  o.e.m.c.i.embedder.EclipseLogger - Using platform encoding (Cp1252 actually) to copy filtered resources, i.e. build is platform dependent!
2025-11-14 23:04:05,310 [Worker-36] INFO  o.e.m.c.i.embedder.EclipseLogger - skip non existing resourceDirectory D:\Code\SpringMVC\MVCproject\src\test\resources
2025-11-14 23:05:21,134 [Worker-34] WARN  o.e.m.c.i.embedder.EclipseLogger - Using platform encoding (Cp1252 actually) to copy filtered resources, i.e. build is platform dependent!
2025-11-14 23:05:21,135 [Worker-34] INFO  o.e.m.c.i.embedder.EclipseLogger - Copying 0 resource
2025-11-14 23:05:21,136 [Worker-34] WARN  o.e.m.c.i.embedder.EclipseLogger - Using platform encoding (Cp1252 actually) to copy filtered resources, i.e. build is platform dependent!
2025-11-14 23:05:21,136 [Worker-34] INFO  o.e.m.c.i.embedder.EclipseLogger - skip non existing resourceDirectory D:\Code\SpringMVC\MVCproject\src\test\resources
2025-11-14 23:07:57,721 [Worker-34] WARN  o.e.m.c.i.embedder.EclipseLogger - Using platform encoding (Cp1252 actually) to copy filtered resources, i.e. build is platform dependent!
2025-11-14 23:07:57,722 [Worker-34] INFO  o.e.m.c.i.embedder.EclipseLogger - Copying 0 resource
2025-11-14 23:07:57,724 [Worker-34] WARN  o.e.m.c.i.embedder.EclipseLogger - Using platform encoding (Cp1252 actually) to copy filtered resources, i.e. build is platform dependent!
2025-11-14 23:07:57,725 [Worker-34] INFO  o.e.m.c.i.embedder.EclipseLogger - skip non existing resourceDirectory D:\Code\SpringMVC\MVCproject\src\test\resources
2025-11-14 23:09:29,296 [Worker-19] WARN  o.e.m.c.i.embedder.EclipseLogger - Using platform encoding (Cp1252 actually) to copy filtered resources, i.e. build is platform dependent!
2025-11-14 23:09:29,296 [Worker-19] INFO  o.e.m.c.i.embedder.EclipseLogger - Copying 0 resource
2025-11-14 23:09:29,297 [Worker-19] WARN  o.e.m.c.i.embedder.EclipseLogger - Using platform encoding (Cp1252 actually) to copy filtered resources, i.e. build is platform dependent!
2025-11-14 23:09:29,297 [Worker-19] INFO  o.e.m.c.i.embedder.EclipseLogger - skip non existing resourceDirectory D:\Code\SpringMVC\MVCproject\src\test\resources
2025-11-14 23:10:37,496 [Worker-38] WARN  o.e.m.c.i.embedder.EclipseLogger - Using platform encoding (Cp1252 actually) to copy filtered resources, i.e. build is platform dependent!
2025-11-14 23:10:37,497 [Worker-38] INFO  o.e.m.c.i.embedder.EclipseLogger - Copying 0 resource
2025-11-14 23:10:37,498 [Worker-38] WARN  o.e.m.c.i.embedder.EclipseLogger - Using platform encoding (Cp1252 actually) to copy filtered resources, i.e. build is platform dependent!
2025-11-14 23:10:37,498 [Worker-38] INFO  o.e.m.c.i.embedder.EclipseLogger - skip non existing resourceDirectory D:\Code\SpringMVC\MVCproject\src\test\resources
2025-11-14 23:13:10,469 [Worker-44] WARN  o.e.m.c.i.embedder.EclipseLogger - Using platform encoding (Cp1252 actually) to copy filtered resources, i.e. build is platform dependent!
2025-11-14 23:13:10,470 [Worker-44] INFO  o.e.m.c.i.embedder.EclipseLogger - Copying 0 resource
2025-11-14 23:13:10,470 [Worker-44] WARN  o.e.m.c.i.embedder.EclipseLogger - Using platform encoding (Cp1252 actually) to copy filtered resources, i.e. build is platform dependent!
2025-11-14 23:13:10,471 [Worker-44] INFO  o.e.m.c.i.embedder.EclipseLogger - skip non existing resourceDirectory D:\Code\SpringMVC\MVCproject\src\test\resources
2025-11-14 23:13:43,666 [Worker-45] WARN  o.e.m.c.i.embedder.EclipseLogger - Using platform encoding (Cp1252 actually) to copy filtered resources, i.e. build is platform dependent!
2025-11-14 23:13:43,667 [Worker-45] INFO  o.e.m.c.i.embedder.EclipseLogger - Copying 0 resource
2025-11-14 23:13:43,668 [Worker-45] WARN  o.e.m.c.i.embedder.EclipseLogger - Using platform encoding (Cp1252 actually) to copy filtered resources, i.e. build is platform dependent!
2025-11-14 23:13:43,668 [Worker-45] INFO  o.e.m.c.i.embedder.EclipseLogger - skip non existing resourceDirectory D:\Code\SpringMVC\MVCproject\src\test\resources
2025-11-14 23:14:36,095 [Worker-44] WARN  o.e.m.c.i.embedder.EclipseLogger - Using platform encoding (Cp1252 actually) to copy filtered resources, i.e. build is platform dependent!
2025-11-14 23:14:36,095 [Worker-44] INFO  o.e.m.c.i.embedder.EclipseLogger - Copying 0 resource
2025-11-14 23:14:36,096 [Worker-44] WARN  o.e.m.c.i.embedder.EclipseLogger - Using platform encoding (Cp1252 actually) to copy filtered resources, i.e. build is platform dependent!
2025-11-14 23:14:36,096 [Worker-44] INFO  o.e.m.c.i.embedder.EclipseLogger - skip non existing resourceDirectory D:\Code\SpringMVC\MVCproject\src\test\resources
2025-11-14 23:15:46,795 [Worker-44] WARN  o.e.m.c.i.embedder.EclipseLogger - Using platform encoding (Cp1252 actually) to copy filtered resources, i.e. build is platform dependent!
2025-11-14 23:15:46,795 [Worker-44] INFO  o.e.m.c.i.embedder.EclipseLogger - Copying 0 resource
2025-11-14 23:15:46,796 [Worker-44] WARN  o.e.m.c.i.embedder.EclipseLogger - Using platform encoding (Cp1252 actually) to copy filtered resources, i.e. build is platform dependent!
2025-11-14 23:15:46,797 [Worker-44] INFO  o.e.m.c.i.embedder.EclipseLogger - skip non existing resourceDirectory D:\Code\SpringMVC\MVCproject\src\test\resources
2025-11-14 23:18:41,382 [Worker-52] WARN  o.e.m.c.i.embedder.EclipseLogger - Using platform encoding (Cp1252 actually) to copy filtered resources, i.e. build is platform dependent!
2025-11-14 23:18:41,382 [Worker-52] INFO  o.e.m.c.i.embedder.EclipseLogger - Copying 0 resource
2025-11-14 23:18:41,382 [Worker-52] WARN  o.e.m.c.i.embedder.EclipseLogger - Using platform encoding (Cp1252 actually) to copy filtered resources, i.e. build is platform dependent!
2025-11-14 23:18:41,382 [Worker-52] INFO  o.e.m.c.i.embedder.EclipseLogger - skip non existing resourceDirectory D:\Code\SpringMVC\MVCproject\src\test\resources
2025-11-14 23:18:58,498 [Worker-44] WARN  o.e.m.c.i.embedder.EclipseLogger - Using platform encoding (Cp1252 actually) to copy filtered resources, i.e. build is platform dependent!
2025-11-14 23:18:58,498 [Worker-44] INFO  o.e.m.c.i.embedder.EclipseLogger - Copying 0 resource
2025-11-14 23:18:58,498 [Worker-44] WARN  o.e.m.c.i.embedder.EclipseLogger - Using platform encoding (Cp1252 actually) to copy filtered resources, i.e. build is platform dependent!
2025-11-14 23:18:58,498 [Worker-44] INFO  o.e.m.c.i.embedder.EclipseLogger - skip non existing resourceDirectory D:\Code\SpringMVC\MVCproject\src\test\resources
2025-11-14 23:20:03,044 [Worker-49] WARN  o.e.m.c.i.embedder.EclipseLogger - Using platform encoding (Cp1252 actually) to copy filtered resources, i.e. build is platform dependent!
2025-11-14 23:20:03,044 [Worker-49] INFO  o.e.m.c.i.embedder.EclipseLogger - Copying 0 resource
2025-11-14 23:20:03,044 [Worker-49] WARN  o.e.m.c.i.embedder.EclipseLogger - Using platform encoding (Cp1252 actually) to copy filtered resources, i.e. build is platform dependent!
2025-11-14 23:20:03,044 [Worker-49] INFO  o.e.m.c.i.embedder.EclipseLogger - skip non existing resourceDirectory D:\Code\SpringMVC\MVCproject\src\test\resources
2025-11-14 23:20:32,115 [Worker-32] WARN  o.e.m.c.i.embedder.EclipseLogger - Using platform encoding (Cp1252 actually) to copy filtered resources, i.e. build is platform dependent!
2025-11-14 23:20:32,120 [Worker-32] INFO  o.e.m.c.i.embedder.EclipseLogger - Copying 0 resource
2025-11-14 23:20:32,120 [Worker-32] WARN  o.e.m.c.i.embedder.EclipseLogger - Using platform encoding (Cp1252 actually) to copy filtered resources, i.e. build is platform dependent!
2025-11-14 23:20:32,120 [Worker-32] INFO  o.e.m.c.i.embedder.EclipseLogger - skip non existing resourceDirectory D:\Code\SpringMVC\MVCproject\src\test\resources
2025-11-14 23:21:14,619 [Worker-53] WARN  o.e.m.c.i.embedder.EclipseLogger - Using platform encoding (Cp1252 actually) to copy filtered resources, i.e. build is platform dependent!
2025-11-14 23:21:14,619 [Worker-53] INFO  o.e.m.c.i.embedder.EclipseLogger - Copying 0 resource
2025-11-14 23:21:14,619 [Worker-53] WARN  o.e.m.c.i.embedder.EclipseLogger - Using platform encoding (Cp1252 actually) to copy filtered resources, i.e. build is platform dependent!
2025-11-14 23:21:14,621 [Worker-53] INFO  o.e.m.c.i.embedder.EclipseLogger - skip non existing resourceDirectory D:\Code\SpringMVC\MVCproject\src\test\resources
2025-11-14 23:21:32,256 [Worker-49] WARN  o.e.m.c.i.embedder.EclipseLogger - Using platform encoding (Cp1252 actually) to copy filtered resources, i.e. build is platform dependent!
2025-11-14 23:21:32,256 [Worker-49] INFO  o.e.m.c.i.embedder.EclipseLogger - Copying 0 resource
2025-11-14 23:21:32,256 [Worker-49] WARN  o.e.m.c.i.embedder.EclipseLogger - Using platform encoding (Cp1252 actually) to copy filtered resources, i.e. build is platform dependent!
2025-11-14 23:21:32,256 [Worker-49] INFO  o.e.m.c.i.embedder.EclipseLogger - skip non existing resourceDirectory D:\Code\SpringMVC\MVCproject\src\test\resources
2025-11-14 23:22:10,254 [Worker-54] WARN  o.e.m.c.i.embedder.EclipseLogger - Using platform encoding (Cp1252 actually) to copy filtered resources, i.e. build is platform dependent!
2025-11-14 23:22:10,254 [Worker-54] INFO  o.e.m.c.i.embedder.EclipseLogger - Copying 0 resource
2025-11-14 23:22:10,254 [Worker-54] WARN  o.e.m.c.i.embedder.EclipseLogger - Using platform encoding (Cp1252 actually) to copy filtered resources, i.e. build is platform dependent!
2025-11-14 23:22:10,254 [Worker-54] INFO  o.e.m.c.i.embedder.EclipseLogger - skip non existing resourceDirectory D:\Code\SpringMVC\MVCproject\src\test\resources
2025-11-14 23:22:37,078 [Worker-49] WARN  o.e.m.c.i.embedder.EclipseLogger - Using platform encoding (Cp1252 actually) to copy filtered resources, i.e. build is platform dependent!
2025-11-14 23:22:37,078 [Worker-49] INFO  o.e.m.c.i.embedder.EclipseLogger - Copying 0 resource
2025-11-14 23:22:37,078 [Worker-49] WARN  o.e.m.c.i.embedder.EclipseLogger - Using platform encoding (Cp1252 actually) to copy filtered resources, i.e. build is platform dependent!
2025-11-14 23:22:37,078 [Worker-49] INFO  o.e.m.c.i.embedder.EclipseLogger - skip non existing resourceDirectory D:\Code\SpringMVC\MVCproject\src\test\resources
2025-11-14 23:22:54,738 [Worker-50] WARN  o.e.m.c.i.embedder.EclipseLogger - Using platform encoding (Cp1252 actually) to copy filtered resources, i.e. build is platform dependent!
2025-11-14 23:22:54,738 [Worker-50] INFO  o.e.m.c.i.embedder.EclipseLogger - Copying 0 resource
2025-11-14 23:22:54,738 [Worker-50] WARN  o.e.m.c.i.embedder.EclipseLogger - Using platform encoding (Cp1252 actually) to copy filtered resources, i.e. build is platform dependent!
2025-11-14 23:22:54,738 [Worker-50] INFO  o.e.m.c.i.embedder.EclipseLogger - skip non existing resourceDirectory D:\Code\SpringMVC\MVCproject\src\test\resources
2025-11-14 23:24:56,163 [Worker-50] WARN  o.e.m.c.i.embedder.EclipseLogger - Using platform encoding (Cp1252 actually) to copy filtered resources, i.e. build is platform dependent!
2025-11-14 23:24:56,163 [Worker-50] INFO  o.e.m.c.i.embedder.EclipseLogger - Copying 0 resource
2025-11-14 23:24:56,163 [Worker-50] WARN  o.e.m.c.i.embedder.EclipseLogger - Using platform encoding (Cp1252 actually) to copy filtered resources, i.e. build is platform dependent!
2025-11-14 23:24:56,179 [Worker-50] INFO  o.e.m.c.i.embedder.EclipseLogger - skip non existing resourceDirectory D:\Code\SpringMVC\MVCproject\src\test\resources
2025-11-14 23:25:43,774 [Worker-52] WARN  o.e.m.c.i.embedder.EclipseLogger - Using platform encoding (Cp1252 actually) to copy filtered resources, i.e. build is platform dependent!
2025-11-14 23:25:43,774 [Worker-52] INFO  o.e.m.c.i.embedder.EclipseLogger - Copying 0 resource
2025-11-14 23:25:43,774 [Worker-52] WARN  o.e.m.c.i.embedder.EclipseLogger - Using platform encoding (Cp1252 actually) to copy filtered resources, i.e. build is platform dependent!
2025-11-14 23:25:43,776 [Worker-52] INFO  o.e.m.c.i.embedder.EclipseLogger - skip non existing resourceDirectory D:\Code\SpringMVC\MVCproject\src\test\resources
2025-11-14 23:26:11,226 [Worker-52] WARN  o.e.m.c.i.embedder.EclipseLogger - Using platform encoding (Cp1252 actually) to copy filtered resources, i.e. build is platform dependent!
2025-11-14 23:26:11,226 [Worker-52] INFO  o.e.m.c.i.embedder.EclipseLogger - Copying 0 resource
2025-11-14 23:26:11,226 [Worker-52] WARN  o.e.m.c.i.embedder.EclipseLogger - Using platform encoding (Cp1252 actually) to copy filtered resources, i.e. build is platform dependent!
2025-11-14 23:26:11,226 [Worker-52] INFO  o.e.m.c.i.embedder.EclipseLogger - skip non existing resourceDirectory D:\Code\SpringMVC\MVCproject\src\test\resources
2025-11-14 23:26:39,044 [Worker-56] WARN  o.e.m.c.i.embedder.EclipseLogger - Using platform encoding (Cp1252 actually) to copy filtered resources, i.e. build is platform dependent!
2025-11-14 23:26:39,044 [Worker-56] INFO  o.e.m.c.i.embedder.EclipseLogger - Copying 0 resource
2025-11-14 23:26:39,044 [Worker-56] WARN  o.e.m.c.i.embedder.EclipseLogger - Using platform encoding (Cp1252 actually) to copy filtered resources, i.e. build is platform dependent!
2025-11-14 23:26:39,044 [Worker-56] INFO  o.e.m.c.i.embedder.EclipseLogger - skip non existing resourceDirectory D:\Code\SpringMVC\MVCproject\src\test\resources
2025-11-14 23:27:05,581 [Worker-44] WARN  o.e.m.c.i.embedder.EclipseLogger - Using platform encoding (Cp1252 actually) to copy filtered resources, i.e. build is platform dependent!
2025-11-14 23:27:05,589 [Worker-44] INFO  o.e.m.c.i.embedder.EclipseLogger - Copying 0 resource
2025-11-14 23:27:05,589 [Worker-44] WARN  o.e.m.c.i.embedder.EclipseLogger - Using platform encoding (Cp1252 actually) to copy filtered resources, i.e. build is platform dependent!
2025-11-14 23:27:05,589 [Worker-44] INFO  o.e.m.c.i.embedder.EclipseLogger - skip non existing resourceDirectory D:\Code\SpringMVC\MVCproject\src\test\resources
2025-11-14 23:28:29,236 [Worker-56] WARN  o.e.m.c.i.embedder.EclipseLogger - Using platform encoding (Cp1252 actually) to copy filtered resources, i.e. build is platform dependent!
2025-11-14 23:28:29,236 [Worker-56] INFO  o.e.m.c.i.embedder.EclipseLogger - Copying 0 resource
2025-11-14 23:28:29,236 [Worker-56] WARN  o.e.m.c.i.embedder.EclipseLogger - Using platform encoding (Cp1252 actually) to copy filtered resources, i.e. build is platform dependent!
2025-11-14 23:28:29,236 [Worker-56] INFO  o.e.m.c.i.embedder.EclipseLogger - skip non existing resourceDirectory D:\Code\SpringMVC\MVCproject\src\test\resources
2025-11-14 23:30:44,771 [Worker-55] WARN  o.e.m.c.i.embedder.EclipseLogger - Using platform encoding (Cp1252 actually) to copy filtered resources, i.e. build is platform dependent!
2025-11-14 23:30:44,771 [Worker-55] INFO  o.e.m.c.i.embedder.EclipseLogger - Copying 0 resource
2025-11-14 23:30:44,771 [Worker-55] WARN  o.e.m.c.i.embedder.EclipseLogger - Using platform encoding (Cp1252 actually) to copy filtered resources, i.e. build is platform dependent!
2025-11-14 23:30:44,771 [Worker-55] INFO  o.e.m.c.i.embedder.EclipseLogger - skip non existing resourceDirectory D:\Code\SpringMVC\MVCproject\src\test\resources
2025-11-14 23:32:16,519 [Worker-50] WARN  o.e.r.models.ModelRepository - Failed to download org.eclipse.recommenders:index::zip:0.0.0
org.eclipse.aether.resolution.ArtifactResolutionException: Could not find artifact org.eclipse.recommenders:index:zip:0.0.0-SNAPSHOT in models (http://download.eclipse.org/recommenders/models/neon/)
	at org.eclipse.aether.internal.impl.DefaultArtifactResolver.resolve(DefaultArtifactResolver.java:444) ~[na:na]
	at org.eclipse.aether.internal.impl.DefaultArtifactResolver.resolveArtifacts(DefaultArtifactResolver.java:246) ~[na:na]
	at org.eclipse.aether.internal.impl.DefaultArtifactResolver.resolveArtifact(DefaultArtifactResolver.java:223) ~[na:na]
	at org.eclipse.aether.internal.impl.DefaultRepositorySystem.resolveArtifact(DefaultRepositorySystem.java:294) ~[na:na]
	at org.eclipse.recommenders.models.ModelRepository.resolveInternal(ModelRepository.java:193) [org.eclipse.recommenders.models_2.4.6.v20170307-1041.jar:na]
	at org.eclipse.recommenders.models.ModelRepository.resolve(ModelRepository.java:172) [org.eclipse.recommenders.models_2.4.6.v20170307-1041.jar:na]
	at org.eclipse.recommenders.internal.models.rcp.EclipseModelRepository.resolve(EclipseModelRepository.java:169) [org.eclipse.recommenders.models.rcp_2.4.6.v20170307-1041.jar:na]
	at org.eclipse.recommenders.internal.models.rcp.DownloadModelArchiveJob.run(DownloadModelArchiveJob.java:76) [org.eclipse.recommenders.models.rcp_2.4.6.v20170307-1041.jar:na]
	at org.eclipse.core.internal.jobs.Worker.run(Worker.java:55) [org.eclipse.core.jobs_3.8.0.v20160509-0411.jar:na]
Caused by: org.eclipse.aether.transfer.ArtifactNotFoundException: Could not find artifact org.eclipse.recommenders:index:zip:0.0.0-SNAPSHOT in models (http://download.eclipse.org/recommenders/models/neon/)
	at org.eclipse.aether.connector.basic.ArtifactTransportListener.transferFailed(ArtifactTransportListener.java:39) ~[org.eclipse.aether.connector.basic_1.0.1.v20141111.jar:na]
	at org.eclipse.aether.connector.basic.BasicRepositoryConnector$TaskRunner.run(BasicRepositoryConnector.java:355) ~[org.eclipse.aether.connector.basic_1.0.1.v20141111.jar:na]
	at org.eclipse.aether.util.concurrency.RunnableErrorForwarder$1.run(RunnableErrorForwarder.java:67) ~[na:na]
	at org.eclipse.aether.connector.basic.BasicRepositoryConnector$DirectExecutor.execute(BasicRepositoryConnector.java:581) ~[org.eclipse.aether.connector.basic_1.0.1.v20141111.jar:na]
	at org.eclipse.aether.connector.basic.BasicRepositoryConnector.get(BasicRepositoryConnector.java:249) ~[org.eclipse.aether.connector.basic_1.0.1.v20141111.jar:na]
	at org.eclipse.aether.internal.impl.DefaultArtifactResolver.performDownloads(DefaultArtifactResolver.java:520) ~[na:na]
	at org.eclipse.aether.internal.impl.DefaultArtifactResolver.resolve(DefaultArtifactResolver.java:421) ~[na:na]
	... 8 common frames omitted
2025-11-14 23:32:49,658 [Worker-50] WARN  o.e.m.c.i.embedder.EclipseLogger - Using platform encoding (Cp1252 actually) to copy filtered resources, i.e. build is platform dependent!
2025-11-14 23:32:49,658 [Worker-50] INFO  o.e.m.c.i.embedder.EclipseLogger - Copying 0 resource
2025-11-14 23:32:49,658 [Worker-50] WARN  o.e.m.c.i.embedder.EclipseLogger - Using platform encoding (Cp1252 actually) to copy filtered resources, i.e. build is platform dependent!
2025-11-14 23:32:49,658 [Worker-50] INFO  o.e.m.c.i.embedder.EclipseLogger - skip non existing resourceDirectory D:\Code\SpringMVC\MVCproject\src\test\resources
2025-11-15 08:38:05,554 [Worker-2] WARN  o.e.m.c.i.embedder.EclipseLogger - Using platform encoding (Cp1252 actually) to copy filtered resources, i.e. build is platform dependent!
2025-11-15 08:38:05,576 [Worker-2] INFO  o.e.m.c.i.embedder.EclipseLogger - Copying 0 resource
2025-11-15 08:38:05,582 [Worker-2] WARN  o.e.m.c.i.embedder.EclipseLogger - Using platform encoding (Cp1252 actually) to copy filtered resources, i.e. build is platform dependent!
2025-11-15 08:38:05,584 [Worker-2] INFO  o.e.m.c.i.embedder.EclipseLogger - skip non existing resourceDirectory D:\Code\SpringMVC\MVCproject\src\test\resources
2025-11-16 11:53:08,296 [Worker-11] WARN  o.e.m.c.i.embedder.EclipseLogger - Using platform encoding (Cp1252 actually) to copy filtered resources, i.e. build is platform dependent!
2025-11-16 11:53:08,346 [Worker-11] INFO  o.e.m.c.i.embedder.EclipseLogger - Copying 0 resource
2025-11-16 11:53:08,356 [Worker-11] WARN  o.e.m.c.i.embedder.EclipseLogger - Using platform encoding (Cp1252 actually) to copy filtered resources, i.e. build is platform dependent!
2025-11-16 11:53:08,361 [Worker-11] INFO  o.e.m.c.i.embedder.EclipseLogger - skip non existing resourceDirectory D:\Code\SpringMVC\MVCproject\src\test\resources
2025-11-16 12:25:02,118 [Worker-23] INFO  o.e.m.c.i.p.ProjectConfigurationManager - Collecting project info '/pom.xml' D:\Code\SpringMVC\MVCData\pom.xml
2025-11-16 12:25:07,037 [Worker-23] INFO  o.e.m.c.i.l.LifecycleMappingFactory - Using org.maven.ide.eclipse.wtp.WarLifecycleMapping lifecycle mapping for MavenProject: MVCData:MVCData:0.0.1-SNAPSHOT @ D:\Code\SpringMVC\MVCData\pom.xml.
2025-11-16 12:25:07,463 [Worker-23] INFO  o.e.m.j.i.AbstractJavaProjectConfigurator - Adding source folder /MVCData/src/main/java
2025-11-16 12:25:07,463 [Worker-23] INFO  o.e.m.j.i.AbstractJavaProjectConfigurator - Adding resource folder /MVCData/src/main/resources
2025-11-16 12:25:07,463 [Worker-23] INFO  o.e.m.j.i.AbstractJavaProjectConfigurator - Adding source folder /MVCData/src/test/java
2025-11-16 12:25:08,743 [Worker-23] INFO  o.e.m.c.i.p.ProjectConfigurationManager - Imported and configured 1 project(s) in 6 sec
2025-11-16 12:25:09,318 [Worker-26] WARN  o.e.m.c.i.embedder.EclipseLogger - Using platform encoding (Cp1252 actually) to copy filtered resources, i.e. build is platform dependent!
2025-11-16 12:25:09,322 [Worker-26] INFO  o.e.m.c.i.embedder.EclipseLogger - Copying 0 resource
2025-11-16 12:25:09,324 [Worker-26] WARN  o.e.m.c.i.embedder.EclipseLogger - Using platform encoding (Cp1252 actually) to copy filtered resources, i.e. build is platform dependent!
2025-11-16 12:25:09,326 [Worker-26] INFO  o.e.m.c.i.embedder.EclipseLogger - skip non existing resourceDirectory D:\Code\SpringMVC\MVCData\src\test\resources
2025-11-16 12:26:42,818 [Worker-26] WARN  o.e.m.c.i.embedder.EclipseLogger - Using platform encoding (Cp1252 actually) to copy filtered resources, i.e. build is platform dependent!
2025-11-16 12:26:42,818 [Worker-26] INFO  o.e.m.c.i.embedder.EclipseLogger - Copying 0 resource
2025-11-16 12:26:42,818 [Worker-26] WARN  o.e.m.c.i.embedder.EclipseLogger - Using platform encoding (Cp1252 actually) to copy filtered resources, i.e. build is platform dependent!
2025-11-16 12:26:42,828 [Worker-26] INFO  o.e.m.c.i.embedder.EclipseLogger - skip non existing resourceDirectory D:\Code\SpringMVC\MVCData\src\test\resources
2025-11-16 12:26:50,909 [Worker-27] WARN  o.e.m.c.i.embedder.EclipseLogger - Using platform encoding (Cp1252 actually) to copy filtered resources, i.e. build is platform dependent!
2025-11-16 12:26:50,909 [Worker-27] INFO  o.e.m.c.i.embedder.EclipseLogger - Copying 0 resource
2025-11-16 12:26:50,918 [Worker-27] WARN  o.e.m.c.i.embedder.EclipseLogger - Using platform encoding (Cp1252 actually) to copy filtered resources, i.e. build is platform dependent!
2025-11-16 12:26:50,920 [Worker-27] INFO  o.e.m.c.i.embedder.EclipseLogger - skip non existing resourceDirectory D:\Code\SpringMVC\MVCData\src\test\resources
2025-11-16 12:26:58,991 [Worker-21] WARN  o.e.m.c.i.embedder.EclipseLogger - Using platform encoding (Cp1252 actually) to copy filtered resources, i.e. build is platform dependent!
2025-11-16 12:26:58,993 [Worker-21] INFO  o.e.m.c.i.embedder.EclipseLogger - Copying 0 resource
2025-11-16 12:26:58,995 [Worker-21] WARN  o.e.m.c.i.embedder.EclipseLogger - Using platform encoding (Cp1252 actually) to copy filtered resources, i.e. build is platform dependent!
2025-11-16 12:26:58,997 [Worker-21] INFO  o.e.m.c.i.embedder.EclipseLogger - skip non existing resourceDirectory D:\Code\SpringMVC\MVCData\src\test\resources
2025-11-16 12:27:09,727 [Worker-24] WARN  o.e.m.c.i.embedder.EclipseLogger - Using platform encoding (Cp1252 actually) to copy filtered resources, i.e. build is platform dependent!
2025-11-16 12:27:09,727 [Worker-24] INFO  o.e.m.c.i.embedder.EclipseLogger - Copying 0 resource
2025-11-16 12:27:09,729 [Worker-24] WARN  o.e.m.c.i.embedder.EclipseLogger - Using platform encoding (Cp1252 actually) to copy filtered resources, i.e. build is platform dependent!
2025-11-16 12:27:09,729 [Worker-24] INFO  o.e.m.c.i.embedder.EclipseLogger - skip non existing resourceDirectory D:\Code\SpringMVC\MVCData\src\test\resources
2025-11-16 12:39:16,855 [Worker-39] INFO  o.e.m.c.i.p.ProjectConfigurationManager - Update started
2025-11-16 12:39:17,308 [Worker-39] INFO  o.e.m.c.i.l.LifecycleMappingFactory - Using org.maven.ide.eclipse.wtp.WarLifecycleMapping lifecycle mapping for MavenProject: MVCData:MVCData:0.0.1-SNAPSHOT @ D:\Code\SpringMVC\MVCData\pom.xml.
2025-11-16 12:39:17,351 [Worker-39] INFO  o.e.m.c.i.l.LifecycleMappingFactory - Using org.maven.ide.eclipse.wtp.WarLifecycleMapping lifecycle mapping for MavenProject: MVCproject:MVCproject:0.0.1-SNAPSHOT @ D:\Code\SpringMVC\MVCproject\pom.xml.
2025-11-16 12:39:17,996 [Worker-39] INFO  o.e.m.j.i.AbstractJavaProjectConfigurator - Adding source folder /MVCData/src/main/java
2025-11-16 12:39:17,996 [Worker-39] INFO  o.e.m.j.i.AbstractJavaProjectConfigurator - Adding resource folder /MVCData/src/main/resources
2025-11-16 12:39:17,996 [Worker-39] INFO  o.e.m.j.i.AbstractJavaProjectConfigurator - Adding source folder /MVCData/src/test/java
2025-11-16 12:39:18,514 [Worker-39] INFO  o.e.m.j.i.AbstractJavaProjectConfigurator - Adding source folder /MVCproject/src/main/java
2025-11-16 12:39:18,514 [Worker-39] INFO  o.e.m.j.i.AbstractJavaProjectConfigurator - Adding resource folder /MVCproject/src/main/resources
2025-11-16 12:39:18,517 [Worker-39] INFO  o.e.m.j.i.AbstractJavaProjectConfigurator - Adding source folder /MVCproject/src/test/java
2025-11-16 12:39:19,075 [Worker-39] INFO  o.e.m.w.i.f.ResourceFilteringBuildParticipant - Cleaning filtered folder for MVCData
2025-11-16 12:39:19,129 [Worker-39] INFO  o.e.m.w.i.f.ResourceFilteringBuildParticipant - Cleaning filtered folder for MVCproject
2025-11-16 12:39:19,133 [Worker-39] INFO  o.e.m.c.i.p.ProjectConfigurationManager - Update completed: 2 sec
2025-11-16 12:39:19,350 [Worker-39] WARN  o.e.m.c.i.embedder.EclipseLogger - Using platform encoding (Cp1252 actually) to copy filtered resources, i.e. build is platform dependent!
2025-11-16 12:39:19,350 [Worker-39] INFO  o.e.m.c.i.embedder.EclipseLogger - Copying 0 resource
2025-11-16 12:39:19,360 [Worker-39] WARN  o.e.m.c.i.embedder.EclipseLogger - Using platform encoding (Cp1252 actually) to copy filtered resources, i.e. build is platform dependent!
2025-11-16 12:39:19,360 [Worker-39] INFO  o.e.m.c.i.embedder.EclipseLogger - skip non existing resourceDirectory D:\Code\SpringMVC\MVCData\src\test\resources
2025-11-16 12:39:19,360 [Worker-39] INFO  o.e.m.w.i.f.ResourceFilteringBuildParticipant - Changed resources require a complete clean of filtered resources of MVCData
2025-11-16 12:39:19,360 [Worker-39] INFO  o.e.m.w.i.f.ResourceFilteringBuildParticipant - Executing resource filtering for MVCData
2025-11-16 12:39:19,369 [Worker-39] WARN  o.e.m.c.i.embedder.EclipseLogger - Using platform encoding (Cp1252 actually) to copy filtered resources, i.e. build is platform dependent!
2025-11-16 12:39:19,939 [Worker-35] WARN  o.e.m.c.i.embedder.EclipseLogger - Using platform encoding (Cp1252 actually) to copy filtered resources, i.e. build is platform dependent!
2025-11-16 12:39:19,939 [Worker-35] INFO  o.e.m.c.i.embedder.EclipseLogger - Copying 0 resource
2025-11-16 12:39:19,941 [Worker-35] WARN  o.e.m.c.i.embedder.EclipseLogger - Using platform encoding (Cp1252 actually) to copy filtered resources, i.e. build is platform dependent!
2025-11-16 12:39:19,941 [Worker-35] INFO  o.e.m.c.i.embedder.EclipseLogger - skip non existing resourceDirectory D:\Code\SpringMVC\MVCproject\src\test\resources
2025-11-16 12:39:19,943 [Worker-35] INFO  o.e.m.w.i.f.ResourceFilteringBuildParticipant - Changed resources require a complete clean of filtered resources of MVCproject
2025-11-16 12:39:19,943 [Worker-35] INFO  o.e.m.w.i.f.ResourceFilteringBuildParticipant - Executing resource filtering for MVCproject
2025-11-16 12:39:19,947 [Worker-35] WARN  o.e.m.c.i.embedder.EclipseLogger - Using platform encoding (Cp1252 actually) to copy filtered resources, i.e. build is platform dependent!
2025-11-16 12:48:42,471 [Worker-44] INFO  o.e.m.c.i.p.ProjectConfigurationManager - Update started
2025-11-16 12:48:42,829 [Worker-44] INFO  o.e.m.c.i.l.LifecycleMappingFactory - Using org.maven.ide.eclipse.wtp.WarLifecycleMapping lifecycle mapping for MavenProject: MVCData:MVCData:0.0.1-SNAPSHOT @ D:\Code\SpringMVC\MVCData\pom.xml.
2025-11-16 12:48:42,874 [Worker-44] INFO  o.e.m.c.i.l.LifecycleMappingFactory - Using org.maven.ide.eclipse.wtp.WarLifecycleMapping lifecycle mapping for MavenProject: MVCproject:MVCproject:0.0.1-SNAPSHOT @ D:\Code\SpringMVC\MVCproject\pom.xml.
2025-11-16 12:48:43,352 [Worker-44] INFO  o.e.m.j.i.AbstractJavaProjectConfigurator - Adding source folder /MVCData/src/main/java
2025-11-16 12:48:43,352 [Worker-44] INFO  o.e.m.j.i.AbstractJavaProjectConfigurator - Adding resource folder /MVCData/src/main/resources
2025-11-16 12:48:43,352 [Worker-44] INFO  o.e.m.j.i.AbstractJavaProjectConfigurator - Adding source folder /MVCData/src/test/java
2025-11-16 12:48:43,621 [Worker-44] INFO  o.e.m.w.i.f.ResourceFilteringBuildParticipant - Cleaning filtered folder for MVCData
2025-11-16 12:48:43,625 [Worker-44] INFO  o.e.m.c.i.p.ProjectConfigurationManager - Update completed: 1 sec
2025-11-16 12:48:43,800 [Worker-45] WARN  o.e.m.c.i.embedder.EclipseLogger - Using platform encoding (Cp1252 actually) to copy filtered resources, i.e. build is platform dependent!
2025-11-16 12:48:43,802 [Worker-45] INFO  o.e.m.c.i.embedder.EclipseLogger - Copying 0 resource
2025-11-16 12:48:43,807 [Worker-45] WARN  o.e.m.c.i.embedder.EclipseLogger - Using platform encoding (Cp1252 actually) to copy filtered resources, i.e. build is platform dependent!
2025-11-16 12:48:43,807 [Worker-45] INFO  o.e.m.c.i.embedder.EclipseLogger - skip non existing resourceDirectory D:\Code\SpringMVC\MVCData\src\test\resources
2025-11-16 12:48:43,810 [Worker-45] INFO  o.e.m.w.i.f.ResourceFilteringBuildParticipant - Changed resources require a complete clean of filtered resources of MVCData
2025-11-16 12:48:43,810 [Worker-45] INFO  o.e.m.w.i.f.ResourceFilteringBuildParticipant - Executing resource filtering for MVCData
2025-11-16 12:48:43,812 [Worker-45] WARN  o.e.m.c.i.embedder.EclipseLogger - Using platform encoding (Cp1252 actually) to copy filtered resources, i.e. build is platform dependent!
2025-11-16 12:48:43,859 [Worker-45] WARN  o.e.m.c.i.embedder.EclipseLogger - Using platform encoding (Cp1252 actually) to copy filtered resources, i.e. build is platform dependent!
2025-11-16 12:48:43,859 [Worker-45] INFO  o.e.m.c.i.embedder.EclipseLogger - Copying 0 resource
2025-11-16 12:48:43,859 [Worker-45] WARN  o.e.m.c.i.embedder.EclipseLogger - Using platform encoding (Cp1252 actually) to copy filtered resources, i.e. build is platform dependent!
2025-11-16 12:48:43,859 [Worker-45] INFO  o.e.m.c.i.embedder.EclipseLogger - skip non existing resourceDirectory D:\Code\SpringMVC\MVCproject\src\test\resources
2025-11-16 12:52:11,433 [Worker-47] WARN  o.e.m.c.i.embedder.EclipseLogger - Using platform encoding (Cp1252 actually) to copy filtered resources, i.e. build is platform dependent!
2025-11-16 12:52:11,436 [Worker-47] INFO  o.e.m.c.i.embedder.EclipseLogger - Copying 0 resource
2025-11-16 12:52:11,439 [Worker-47] WARN  o.e.m.c.i.embedder.EclipseLogger - Using platform encoding (Cp1252 actually) to copy filtered resources, i.e. build is platform dependent!
2025-11-16 12:52:11,441 [Worker-47] INFO  o.e.m.c.i.embedder.EclipseLogger - skip non existing resourceDirectory D:\Code\SpringMVC\MVCData\src\test\resources
2025-11-16 12:53:19,157 [Worker-49] WARN  o.e.m.c.i.embedder.EclipseLogger - Using platform encoding (Cp1252 actually) to copy filtered resources, i.e. build is platform dependent!
2025-11-16 12:53:19,157 [Worker-49] INFO  o.e.m.c.i.embedder.EclipseLogger - Copying 0 resource
2025-11-16 12:53:19,157 [Worker-49] WARN  o.e.m.c.i.embedder.EclipseLogger - Using platform encoding (Cp1252 actually) to copy filtered resources, i.e. build is platform dependent!
2025-11-16 12:53:19,157 [Worker-49] INFO  o.e.m.c.i.embedder.EclipseLogger - skip non existing resourceDirectory D:\Code\SpringMVC\MVCData\src\test\resources
2025-11-16 12:53:41,448 [Worker-49] WARN  o.e.m.c.i.embedder.EclipseLogger - Using platform encoding (Cp1252 actually) to copy filtered resources, i.e. build is platform dependent!
2025-11-16 12:53:41,448 [Worker-49] INFO  o.e.m.c.i.embedder.EclipseLogger - Copying 0 resource
2025-11-16 12:53:41,448 [Worker-49] WARN  o.e.m.c.i.embedder.EclipseLogger - Using platform encoding (Cp1252 actually) to copy filtered resources, i.e. build is platform dependent!
2025-11-16 12:53:41,448 [Worker-49] INFO  o.e.m.c.i.embedder.EclipseLogger - skip non existing resourceDirectory D:\Code\SpringMVC\MVCData\src\test\resources
2025-11-16 12:54:21,170 [Worker-47] WARN  o.e.m.c.i.embedder.EclipseLogger - Using platform encoding (Cp1252 actually) to copy filtered resources, i.e. build is platform dependent!
2025-11-16 12:54:21,172 [Worker-47] INFO  o.e.m.c.i.embedder.EclipseLogger - Copying 0 resource
2025-11-16 12:54:21,174 [Worker-47] WARN  o.e.m.c.i.embedder.EclipseLogger - Using platform encoding (Cp1252 actually) to copy filtered resources, i.e. build is platform dependent!
2025-11-16 12:54:21,176 [Worker-47] INFO  o.e.m.c.i.embedder.EclipseLogger - skip non existing resourceDirectory D:\Code\SpringMVC\MVCData\src\test\resources
2025-11-16 12:55:58,815 [Worker-51] WARN  o.e.m.c.i.embedder.EclipseLogger - Using platform encoding (Cp1252 actually) to copy filtered resources, i.e. build is platform dependent!
2025-11-16 12:55:58,815 [Worker-51] INFO  o.e.m.c.i.embedder.EclipseLogger - Copying 0 resource
2025-11-16 12:55:58,815 [Worker-51] WARN  o.e.m.c.i.embedder.EclipseLogger - Using platform encoding (Cp1252 actually) to copy filtered resources, i.e. build is platform dependent!
2025-11-16 12:55:58,815 [Worker-51] INFO  o.e.m.c.i.embedder.EclipseLogger - skip non existing resourceDirectory D:\Code\SpringMVC\MVCData\src\test\resources
2025-11-16 12:57:14,941 [Worker-44] INFO  o.e.m.c.i.l.LifecycleMappingFactory - Using org.maven.ide.eclipse.wtp.WarLifecycleMapping lifecycle mapping for MavenProject: MVCData:MVCData:0.0.1-SNAPSHOT @ D:\Code\SpringMVC\MVCData\pom.xml.
2025-11-16 12:57:17,745 [Worker-44] WARN  o.e.m.c.i.embedder.EclipseLogger - Using platform encoding (Cp1252 actually) to copy filtered resources, i.e. build is platform dependent!
2025-11-16 12:57:17,748 [Worker-44] INFO  o.e.m.c.i.embedder.EclipseLogger - Copying 0 resource
2025-11-16 12:57:17,750 [Worker-44] WARN  o.e.m.c.i.embedder.EclipseLogger - Using platform encoding (Cp1252 actually) to copy filtered resources, i.e. build is platform dependent!
2025-11-16 12:57:17,750 [Worker-44] INFO  o.e.m.c.i.embedder.EclipseLogger - skip non existing resourceDirectory D:\Code\SpringMVC\MVCData\src\test\resources
2025-11-16 12:57:17,750 [Worker-44] INFO  o.e.m.w.i.f.ResourceFilteringBuildParticipant - Changed resources require a complete clean of filtered resources of MVCData
2025-11-16 12:57:17,750 [Worker-44] INFO  o.e.m.w.i.f.ResourceFilteringBuildParticipant - Executing resource filtering for MVCData
2025-11-16 12:57:17,752 [Worker-44] WARN  o.e.m.c.i.embedder.EclipseLogger - Using platform encoding (Cp1252 actually) to copy filtered resources, i.e. build is platform dependent!
2025-11-16 12:57:20,362 [Worker-47] WARN  o.e.m.c.i.embedder.EclipseLogger - Using platform encoding (Cp1252 actually) to copy filtered resources, i.e. build is platform dependent!
2025-11-16 12:57:20,373 [Worker-47] INFO  o.e.m.c.i.embedder.EclipseLogger - Copying 0 resource
2025-11-16 12:57:20,373 [Worker-47] WARN  o.e.m.c.i.embedder.EclipseLogger - Using platform encoding (Cp1252 actually) to copy filtered resources, i.e. build is platform dependent!
2025-11-16 12:57:20,373 [Worker-47] INFO  o.e.m.c.i.embedder.EclipseLogger - skip non existing resourceDirectory D:\Code\SpringMVC\MVCData\src\test\resources
2025-11-16 12:59:22,211 [Worker-47] WARN  o.e.m.c.i.embedder.EclipseLogger - Using platform encoding (Cp1252 actually) to copy filtered resources, i.e. build is platform dependent!
2025-11-16 12:59:22,213 [Worker-47] INFO  o.e.m.c.i.embedder.EclipseLogger - Copying 0 resource
2025-11-16 12:59:22,215 [Worker-47] WARN  o.e.m.c.i.embedder.EclipseLogger - Using platform encoding (Cp1252 actually) to copy filtered resources, i.e. build is platform dependent!
2025-11-16 12:59:22,217 [Worker-47] INFO  o.e.m.c.i.embedder.EclipseLogger - skip non existing resourceDirectory D:\Code\SpringMVC\MVCData\src\test\resources
2025-11-16 13:02:14,617 [Worker-54] WARN  o.e.m.c.i.embedder.EclipseLogger - Using platform encoding (Cp1252 actually) to copy filtered resources, i.e. build is platform dependent!
2025-11-16 13:02:14,621 [Worker-54] INFO  o.e.m.c.i.embedder.EclipseLogger - Copying 0 resource
2025-11-16 13:02:14,623 [Worker-54] WARN  o.e.m.c.i.embedder.EclipseLogger - Using platform encoding (Cp1252 actually) to copy filtered resources, i.e. build is platform dependent!
2025-11-16 13:02:14,623 [Worker-54] INFO  o.e.m.c.i.embedder.EclipseLogger - skip non existing resourceDirectory D:\Code\SpringMVC\MVCData\src\test\resources
2025-11-16 13:02:48,218 [Worker-57] WARN  o.e.m.c.i.embedder.EclipseLogger - Using platform encoding (Cp1252 actually) to copy filtered resources, i.e. build is platform dependent!
2025-11-16 13:02:48,222 [Worker-57] INFO  o.e.m.c.i.embedder.EclipseLogger - Copying 0 resource
2025-11-16 13:02:48,227 [Worker-57] WARN  o.e.m.c.i.embedder.EclipseLogger - Using platform encoding (Cp1252 actually) to copy filtered resources, i.e. build is platform dependent!
2025-11-16 13:02:48,227 [Worker-57] INFO  o.e.m.c.i.embedder.EclipseLogger - skip non existing resourceDirectory D:\Code\SpringMVC\MVCData\src\test\resources
2025-11-16 13:03:16,551 [Worker-59] WARN  o.e.m.c.i.embedder.EclipseLogger - Using platform encoding (Cp1252 actually) to copy filtered resources, i.e. build is platform dependent!
2025-11-16 13:03:16,555 [Worker-59] INFO  o.e.m.c.i.embedder.EclipseLogger - Copying 0 resource
2025-11-16 13:03:16,559 [Worker-59] WARN  o.e.m.c.i.embedder.EclipseLogger - Using platform encoding (Cp1252 actually) to copy filtered resources, i.e. build is platform dependent!
2025-11-16 13:03:16,561 [Worker-59] INFO  o.e.m.c.i.embedder.EclipseLogger - skip non existing resourceDirectory D:\Code\SpringMVC\MVCData\src\test\resources
2025-11-16 13:03:56,260 [Worker-54] WARN  o.e.m.c.i.embedder.EclipseLogger - Using platform encoding (Cp1252 actually) to copy filtered resources, i.e. build is platform dependent!
2025-11-16 13:03:56,260 [Worker-54] INFO  o.e.m.c.i.embedder.EclipseLogger - Copying 0 resource
2025-11-16 13:03:56,262 [Worker-54] WARN  o.e.m.c.i.embedder.EclipseLogger - Using platform encoding (Cp1252 actually) to copy filtered resources, i.e. build is platform dependent!
2025-11-16 13:03:56,262 [Worker-54] INFO  o.e.m.c.i.embedder.EclipseLogger - skip non existing resourceDirectory D:\Code\SpringMVC\MVCData\src\test\resources
2025-11-16 13:07:08,389 [Worker-59] WARN  o.e.r.models.ModelRepository - Failed to download org.eclipse.recommenders:index::zip:0.0.0
org.eclipse.aether.resolution.ArtifactResolutionException: Could not find artifact org.eclipse.recommenders:index:zip:0.0.0-SNAPSHOT in models (http://download.eclipse.org/recommenders/models/neon/)
	at org.eclipse.aether.internal.impl.DefaultArtifactResolver.resolve(DefaultArtifactResolver.java:444) ~[na:na]
	at org.eclipse.aether.internal.impl.DefaultArtifactResolver.resolveArtifacts(DefaultArtifactResolver.java:246) ~[na:na]
	at org.eclipse.aether.internal.impl.DefaultArtifactResolver.resolveArtifact(DefaultArtifactResolver.java:223) ~[na:na]
	at org.eclipse.aether.internal.impl.DefaultRepositorySystem.resolveArtifact(DefaultRepositorySystem.java:294) ~[na:na]
	at org.eclipse.recommenders.models.ModelRepository.resolveInternal(ModelRepository.java:193) [org.eclipse.recommenders.models_2.4.6.v20170307-1041.jar:na]
	at org.eclipse.recommenders.models.ModelRepository.resolve(ModelRepository.java:172) [org.eclipse.recommenders.models_2.4.6.v20170307-1041.jar:na]
	at org.eclipse.recommenders.internal.models.rcp.EclipseModelRepository.resolve(EclipseModelRepository.java:169) [org.eclipse.recommenders.models.rcp_2.4.6.v20170307-1041.jar:na]
	at org.eclipse.recommenders.internal.models.rcp.DownloadModelArchiveJob.run(DownloadModelArchiveJob.java:76) [org.eclipse.recommenders.models.rcp_2.4.6.v20170307-1041.jar:na]
	at org.eclipse.core.internal.jobs.Worker.run(Worker.java:55) [org.eclipse.core.jobs_3.8.0.v20160509-0411.jar:na]
Caused by: org.eclipse.aether.transfer.ArtifactNotFoundException: Could not find artifact org.eclipse.recommenders:index:zip:0.0.0-SNAPSHOT in models (http://download.eclipse.org/recommenders/models/neon/)
	at org.eclipse.aether.connector.basic.ArtifactTransportListener.transferFailed(ArtifactTransportListener.java:39) ~[org.eclipse.aether.connector.basic_1.0.1.v20141111.jar:na]
	at org.eclipse.aether.connector.basic.BasicRepositoryConnector$TaskRunner.run(BasicRepositoryConnector.java:355) ~[org.eclipse.aether.connector.basic_1.0.1.v20141111.jar:na]
	at org.eclipse.aether.util.concurrency.RunnableErrorForwarder$1.run(RunnableErrorForwarder.java:67) ~[na:na]
	at org.eclipse.aether.connector.basic.BasicRepositoryConnector$DirectExecutor.execute(BasicRepositoryConnector.java:581) ~[org.eclipse.aether.connector.basic_1.0.1.v20141111.jar:na]
	at org.eclipse.aether.connector.basic.BasicRepositoryConnector.get(BasicRepositoryConnector.java:249) ~[org.eclipse.aether.connector.basic_1.0.1.v20141111.jar:na]
	at org.eclipse.aether.internal.impl.DefaultArtifactResolver.performDownloads(DefaultArtifactResolver.java:520) ~[na:na]
	at org.eclipse.aether.internal.impl.DefaultArtifactResolver.resolve(DefaultArtifactResolver.java:421) ~[na:na]
	... 8 common frames omitted
2025-11-16 13:08:58,489 [Worker-59] WARN  o.e.m.c.i.embedder.EclipseLogger - Using platform encoding (Cp1252 actually) to copy filtered resources, i.e. build is platform dependent!
2025-11-16 13:08:58,489 [Worker-59] INFO  o.e.m.c.i.embedder.EclipseLogger - Copying 0 resource
2025-11-16 13:08:58,494 [Worker-59] WARN  o.e.m.c.i.embedder.EclipseLogger - Using platform encoding (Cp1252 actually) to copy filtered resources, i.e. build is platform dependent!
2025-11-16 13:08:58,494 [Worker-59] INFO  o.e.m.c.i.embedder.EclipseLogger - skip non existing resourceDirectory D:\Code\SpringMVC\MVCData\src\test\resources
2025-11-16 19:33:24,145 [Worker-7] WARN  o.e.m.c.i.embedder.EclipseLogger - Using platform encoding (Cp1252 actually) to copy filtered resources, i.e. build is platform dependent!
2025-11-16 19:33:24,157 [Worker-7] INFO  o.e.m.c.i.embedder.EclipseLogger - Copying 0 resource
2025-11-16 19:33:24,160 [Worker-7] WARN  o.e.m.c.i.embedder.EclipseLogger - Using platform encoding (Cp1252 actually) to copy filtered resources, i.e. build is platform dependent!
2025-11-16 19:33:24,161 [Worker-7] INFO  o.e.m.c.i.embedder.EclipseLogger - skip non existing resourceDirectory D:\Code\SpringMVC\MVCData\src\test\resources
2025-11-16 19:33:24,686 [Worker-7] WARN  o.e.m.c.i.embedder.EclipseLogger - Using platform encoding (Cp1252 actually) to copy filtered resources, i.e. build is platform dependent!
2025-11-16 19:33:24,687 [Worker-7] INFO  o.e.m.c.i.embedder.EclipseLogger - Copying 0 resource
2025-11-16 19:33:24,689 [Worker-7] WARN  o.e.m.c.i.embedder.EclipseLogger - Using platform encoding (Cp1252 actually) to copy filtered resources, i.e. build is platform dependent!
2025-11-16 19:33:24,690 [Worker-7] INFO  o.e.m.c.i.embedder.EclipseLogger - skip non existing resourceDirectory D:\Code\SpringMVC\MVCproject\src\test\resources
2025-11-16 19:42:00,878 [Worker-18] WARN  o.e.r.models.ModelRepository - Failed to download org.eclipse.recommenders:index::zip:0.0.0
org.eclipse.aether.resolution.ArtifactResolutionException: Could not find artifact org.eclipse.recommenders:index:zip:0.0.0-SNAPSHOT in models (http://download.eclipse.org/recommenders/models/neon/)
	at org.eclipse.aether.internal.impl.DefaultArtifactResolver.resolve(DefaultArtifactResolver.java:444) ~[na:na]
	at org.eclipse.aether.internal.impl.DefaultArtifactResolver.resolveArtifacts(DefaultArtifactResolver.java:246) ~[na:na]
	at org.eclipse.aether.internal.impl.DefaultArtifactResolver.resolveArtifact(DefaultArtifactResolver.java:223) ~[na:na]
	at org.eclipse.aether.internal.impl.DefaultRepositorySystem.resolveArtifact(DefaultRepositorySystem.java:294) ~[na:na]
	at org.eclipse.recommenders.models.ModelRepository.resolveInternal(ModelRepository.java:193) [org.eclipse.recommenders.models_2.4.6.v20170307-1041.jar:na]
	at org.eclipse.recommenders.models.ModelRepository.resolve(ModelRepository.java:172) [org.eclipse.recommenders.models_2.4.6.v20170307-1041.jar:na]
	at org.eclipse.recommenders.internal.models.rcp.EclipseModelRepository.resolve(EclipseModelRepository.java:169) [org.eclipse.recommenders.models.rcp_2.4.6.v20170307-1041.jar:na]
	at org.eclipse.recommenders.internal.models.rcp.DownloadModelArchiveJob.run(DownloadModelArchiveJob.java:76) [org.eclipse.recommenders.models.rcp_2.4.6.v20170307-1041.jar:na]
	at org.eclipse.core.internal.jobs.Worker.run(Worker.java:55) [org.eclipse.core.jobs_3.8.0.v20160509-0411.jar:na]
Caused by: org.eclipse.aether.transfer.ArtifactNotFoundException: Could not find artifact org.eclipse.recommenders:index:zip:0.0.0-SNAPSHOT in models (http://download.eclipse.org/recommenders/models/neon/)
	at org.eclipse.aether.connector.basic.ArtifactTransportListener.transferFailed(ArtifactTransportListener.java:39) ~[org.eclipse.aether.connector.basic_1.0.1.v20141111.jar:na]
	at org.eclipse.aether.connector.basic.BasicRepositoryConnector$TaskRunner.run(BasicRepositoryConnector.java:355) ~[org.eclipse.aether.connector.basic_1.0.1.v20141111.jar:na]
	at org.eclipse.aether.util.concurrency.RunnableErrorForwarder$1.run(RunnableErrorForwarder.java:67) ~[na:na]
	at org.eclipse.aether.connector.basic.BasicRepositoryConnector$DirectExecutor.execute(BasicRepositoryConnector.java:581) ~[org.eclipse.aether.connector.basic_1.0.1.v20141111.jar:na]
	at org.eclipse.aether.connector.basic.BasicRepositoryConnector.get(BasicRepositoryConnector.java:249) ~[org.eclipse.aether.connector.basic_1.0.1.v20141111.jar:na]
	at org.eclipse.aether.internal.impl.DefaultArtifactResolver.performDownloads(DefaultArtifactResolver.java:520) ~[na:na]
	at org.eclipse.aether.internal.impl.DefaultArtifactResolver.resolve(DefaultArtifactResolver.java:421) ~[na:na]
	... 8 common frames omitted
2025-11-16 19:42:29,782 [Worker-0] WARN  o.e.m.c.i.embedder.EclipseLogger - Using platform encoding (Cp1252 actually) to copy filtered resources, i.e. build is platform dependent!
2025-11-16 19:42:31,122 [Worker-0] INFO  o.e.m.c.i.embedder.EclipseLogger - Copying 0 resource
2025-11-16 19:42:31,124 [Worker-0] WARN  o.e.m.c.i.embedder.EclipseLogger - Using platform encoding (Cp1252 actually) to copy filtered resources, i.e. build is platform dependent!
2025-11-16 19:42:31,125 [Worker-0] INFO  o.e.m.c.i.embedder.EclipseLogger - skip non existing resourceDirectory D:\Code\SpringMVC\MVCData\src\test\resources
2025-11-16 19:44:29,069 [Worker-18] WARN  o.e.m.c.i.embedder.EclipseLogger - Using platform encoding (Cp1252 actually) to copy filtered resources, i.e. build is platform dependent!
2025-11-16 19:44:29,070 [Worker-18] INFO  o.e.m.c.i.embedder.EclipseLogger - Copying 0 resource
2025-11-16 19:44:29,072 [Worker-18] WARN  o.e.m.c.i.embedder.EclipseLogger - Using platform encoding (Cp1252 actually) to copy filtered resources, i.e. build is platform dependent!
2025-11-16 19:44:29,073 [Worker-18] INFO  o.e.m.c.i.embedder.EclipseLogger - skip non existing resourceDirectory D:\Code\SpringMVC\MVCData\src\test\resources
2025-11-16 20:33:24,123 [Worker-35] WARN  o.e.m.c.i.embedder.EclipseLogger - Using platform encoding (Cp1252 actually) to copy filtered resources, i.e. build is platform dependent!
2025-11-16 20:33:24,137 [Worker-35] INFO  o.e.m.c.i.embedder.EclipseLogger - Copying 0 resource
2025-11-16 20:33:24,138 [Worker-35] WARN  o.e.m.c.i.embedder.EclipseLogger - Using platform encoding (Cp1252 actually) to copy filtered resources, i.e. build is platform dependent!
2025-11-16 20:33:24,139 [Worker-35] INFO  o.e.m.c.i.embedder.EclipseLogger - skip non existing resourceDirectory D:\Code\SpringMVC\MVCData\src\test\resources
2025-11-16 20:33:55,285 [Worker-35] WARN  o.e.m.c.i.embedder.EclipseLogger - Using platform encoding (Cp1252 actually) to copy filtered resources, i.e. build is platform dependent!
2025-11-16 20:33:55,286 [Worker-35] INFO  o.e.m.c.i.embedder.EclipseLogger - Copying 0 resource
2025-11-16 20:33:55,287 [Worker-35] WARN  o.e.m.c.i.embedder.EclipseLogger - Using platform encoding (Cp1252 actually) to copy filtered resources, i.e. build is platform dependent!
2025-11-16 20:33:55,287 [Worker-35] INFO  o.e.m.c.i.embedder.EclipseLogger - skip non existing resourceDirectory D:\Code\SpringMVC\MVCData\src\test\resources
2025-11-16 20:35:21,888 [Worker-33] WARN  o.e.m.c.i.embedder.EclipseLogger - Using platform encoding (Cp1252 actually) to copy filtered resources, i.e. build is platform dependent!
2025-11-16 20:35:21,889 [Worker-33] INFO  o.e.m.c.i.embedder.EclipseLogger - Copying 0 resource
2025-11-16 20:35:21,891 [Worker-33] WARN  o.e.m.c.i.embedder.EclipseLogger - Using platform encoding (Cp1252 actually) to copy filtered resources, i.e. build is platform dependent!
2025-11-16 20:35:21,892 [Worker-33] INFO  o.e.m.c.i.embedder.EclipseLogger - skip non existing resourceDirectory D:\Code\SpringMVC\MVCData\src\test\resources
2025-11-16 20:36:54,965 [Worker-39] WARN  o.e.m.c.i.embedder.EclipseLogger - Using platform encoding (Cp1252 actually) to copy filtered resources, i.e. build is platform dependent!
2025-11-16 20:36:54,966 [Worker-39] INFO  o.e.m.c.i.embedder.EclipseLogger - Copying 0 resource
2025-11-16 20:36:54,966 [Worker-39] WARN  o.e.m.c.i.embedder.EclipseLogger - Using platform encoding (Cp1252 actually) to copy filtered resources, i.e. build is platform dependent!
2025-11-16 20:36:54,967 [Worker-39] INFO  o.e.m.c.i.embedder.EclipseLogger - skip non existing resourceDirectory D:\Code\SpringMVC\MVCData\src\test\resources
2025-11-16 20:37:36,109 [Worker-39] WARN  o.e.m.c.i.embedder.EclipseLogger - Using platform encoding (Cp1252 actually) to copy filtered resources, i.e. build is platform dependent!
2025-11-16 20:37:36,109 [Worker-39] INFO  o.e.m.c.i.embedder.EclipseLogger - Copying 0 resource
2025-11-16 20:37:36,109 [Worker-39] WARN  o.e.m.c.i.embedder.EclipseLogger - Using platform encoding (Cp1252 actually) to copy filtered resources, i.e. build is platform dependent!
2025-11-16 20:37:36,109 [Worker-39] INFO  o.e.m.c.i.embedder.EclipseLogger - skip non existing resourceDirectory D:\Code\SpringMVC\MVCData\src\test\resources
2025-11-16 20:38:39,091 [Worker-40] WARN  o.e.m.c.i.embedder.EclipseLogger - Using platform encoding (Cp1252 actually) to copy filtered resources, i.e. build is platform dependent!
2025-11-16 20:38:39,091 [Worker-40] INFO  o.e.m.c.i.embedder.EclipseLogger - Copying 0 resource
2025-11-16 20:38:39,091 [Worker-40] WARN  o.e.m.c.i.embedder.EclipseLogger - Using platform encoding (Cp1252 actually) to copy filtered resources, i.e. build is platform dependent!
2025-11-16 20:38:39,091 [Worker-40] INFO  o.e.m.c.i.embedder.EclipseLogger - skip non existing resourceDirectory D:\Code\SpringMVC\MVCData\src\test\resources
2025-11-16 20:39:25,479 [Worker-35] WARN  o.e.m.c.i.embedder.EclipseLogger - Using platform encoding (Cp1252 actually) to copy filtered resources, i.e. build is platform dependent!
2025-11-16 20:39:25,479 [Worker-35] INFO  o.e.m.c.i.embedder.EclipseLogger - Copying 0 resource
2025-11-16 20:39:25,479 [Worker-35] WARN  o.e.m.c.i.embedder.EclipseLogger - Using platform encoding (Cp1252 actually) to copy filtered resources, i.e. build is platform dependent!
2025-11-16 20:39:25,479 [Worker-35] INFO  o.e.m.c.i.embedder.EclipseLogger - skip non existing resourceDirectory D:\Code\SpringMVC\MVCData\src\test\resources
2025-11-16 20:40:36,153 [Worker-36] WARN  o.e.m.c.i.embedder.EclipseLogger - Using platform encoding (Cp1252 actually) to copy filtered resources, i.e. build is platform dependent!
2025-11-16 20:40:36,153 [Worker-36] INFO  o.e.m.c.i.embedder.EclipseLogger - Copying 0 resource
2025-11-16 20:40:36,153 [Worker-36] WARN  o.e.m.c.i.embedder.EclipseLogger - Using platform encoding (Cp1252 actually) to copy filtered resources, i.e. build is platform dependent!
2025-11-16 20:40:36,153 [Worker-36] INFO  o.e.m.c.i.embedder.EclipseLogger - skip non existing resourceDirectory D:\Code\SpringMVC\MVCData\src\test\resources
2025-11-16 20:44:38,343 [Worker-35] WARN  o.e.m.c.i.embedder.EclipseLogger - Using platform encoding (Cp1252 actually) to copy filtered resources, i.e. build is platform dependent!
2025-11-16 20:44:38,348 [Worker-35] INFO  o.e.m.c.i.embedder.EclipseLogger - Copying 0 resource
2025-11-16 20:44:38,348 [Worker-35] WARN  o.e.m.c.i.embedder.EclipseLogger - Using platform encoding (Cp1252 actually) to copy filtered resources, i.e. build is platform dependent!
2025-11-16 20:44:38,348 [Worker-35] INFO  o.e.m.c.i.embedder.EclipseLogger - skip non existing resourceDirectory D:\Code\SpringMVC\MVCData\src\test\resources
2025-11-16 20:44:41,372 [Worker-38] WARN  o.e.m.c.i.embedder.EclipseLogger - Using platform encoding (Cp1252 actually) to copy filtered resources, i.e. build is platform dependent!
2025-11-16 20:44:41,385 [Worker-38] INFO  o.e.m.c.i.embedder.EclipseLogger - Copying 0 resource
2025-11-16 20:44:41,385 [Worker-38] WARN  o.e.m.c.i.embedder.EclipseLogger - Using platform encoding (Cp1252 actually) to copy filtered resources, i.e. build is platform dependent!
2025-11-16 20:44:41,385 [Worker-38] INFO  o.e.m.c.i.embedder.EclipseLogger - skip non existing resourceDirectory D:\Code\SpringMVC\MVCData\src\test\resources
2025-11-16 20:46:03,458 [Worker-41] WARN  o.e.m.c.i.embedder.EclipseLogger - Using platform encoding (Cp1252 actually) to copy filtered resources, i.e. build is platform dependent!
2025-11-16 20:46:03,458 [Worker-41] INFO  o.e.m.c.i.embedder.EclipseLogger - Copying 0 resource
2025-11-16 20:46:03,458 [Worker-41] WARN  o.e.m.c.i.embedder.EclipseLogger - Using platform encoding (Cp1252 actually) to copy filtered resources, i.e. build is platform dependent!
2025-11-16 20:46:03,458 [Worker-41] INFO  o.e.m.c.i.embedder.EclipseLogger - skip non existing resourceDirectory D:\Code\SpringMVC\MVCData\src\test\resources
2025-11-16 20:46:12,530 [Worker-33] WARN  o.e.m.c.i.embedder.EclipseLogger - Using platform encoding (Cp1252 actually) to copy filtered resources, i.e. build is platform dependent!
2025-11-16 20:46:12,530 [Worker-33] INFO  o.e.m.c.i.embedder.EclipseLogger - Copying 0 resource
2025-11-16 20:46:12,530 [Worker-33] WARN  o.e.m.c.i.embedder.EclipseLogger - Using platform encoding (Cp1252 actually) to copy filtered resources, i.e. build is platform dependent!
2025-11-16 20:46:12,536 [Worker-33] INFO  o.e.m.c.i.embedder.EclipseLogger - skip non existing resourceDirectory D:\Code\SpringMVC\MVCData\src\test\resources
2025-11-16 20:46:24,684 [Worker-33] WARN  o.e.m.c.i.embedder.EclipseLogger - Using platform encoding (Cp1252 actually) to copy filtered resources, i.e. build is platform dependent!
2025-11-16 20:46:24,684 [Worker-33] INFO  o.e.m.c.i.embedder.EclipseLogger - Copying 0 resource
2025-11-16 20:46:24,684 [Worker-33] WARN  o.e.m.c.i.embedder.EclipseLogger - Using platform encoding (Cp1252 actually) to copy filtered resources, i.e. build is platform dependent!
2025-11-16 20:46:24,684 [Worker-33] INFO  o.e.m.c.i.embedder.EclipseLogger - skip non existing resourceDirectory D:\Code\SpringMVC\MVCData\src\test\resources
2025-11-16 20:47:08,952 [Worker-38] WARN  o.e.m.c.i.embedder.EclipseLogger - Using platform encoding (Cp1252 actually) to copy filtered resources, i.e. build is platform dependent!
2025-11-16 20:47:08,952 [Worker-38] INFO  o.e.m.c.i.embedder.EclipseLogger - Copying 0 resource
2025-11-16 20:47:08,954 [Worker-38] WARN  o.e.m.c.i.embedder.EclipseLogger - Using platform encoding (Cp1252 actually) to copy filtered resources, i.e. build is platform dependent!
2025-11-16 20:47:08,954 [Worker-38] INFO  o.e.m.c.i.embedder.EclipseLogger - skip non existing resourceDirectory D:\Code\SpringMVC\MVCData\src\test\resources
2025-11-16 20:48:15,233 [Worker-33] WARN  o.e.m.c.i.embedder.EclipseLogger - Using platform encoding (Cp1252 actually) to copy filtered resources, i.e. build is platform dependent!
2025-11-16 20:48:15,233 [Worker-33] INFO  o.e.m.c.i.embedder.EclipseLogger - Copying 0 resource
2025-11-16 20:48:15,236 [Worker-33] WARN  o.e.m.c.i.embedder.EclipseLogger - Using platform encoding (Cp1252 actually) to copy filtered resources, i.e. build is platform dependent!
2025-11-16 20:48:15,236 [Worker-33] INFO  o.e.m.c.i.embedder.EclipseLogger - skip non existing resourceDirectory D:\Code\SpringMVC\MVCData\src\test\resources
2025-11-16 20:48:18,753 [Worker-34] WARN  o.e.m.c.i.embedder.EclipseLogger - Using platform encoding (Cp1252 actually) to copy filtered resources, i.e. build is platform dependent!
2025-11-16 20:48:18,769 [Worker-34] INFO  o.e.m.c.i.embedder.EclipseLogger - Copying 0 resource
2025-11-16 20:48:18,769 [Worker-34] WARN  o.e.m.c.i.embedder.EclipseLogger - Using platform encoding (Cp1252 actually) to copy filtered resources, i.e. build is platform dependent!
2025-11-16 20:48:18,769 [Worker-34] INFO  o.e.m.c.i.embedder.EclipseLogger - skip non existing resourceDirectory D:\Code\SpringMVC\MVCData\src\test\resources
2025-11-16 20:49:04,793 [Worker-37] WARN  o.e.m.c.i.embedder.EclipseLogger - Using platform encoding (Cp1252 actually) to copy filtered resources, i.e. build is platform dependent!
2025-11-16 20:49:04,793 [Worker-37] INFO  o.e.m.c.i.embedder.EclipseLogger - Copying 0 resource
2025-11-16 20:49:04,793 [Worker-37] WARN  o.e.m.c.i.embedder.EclipseLogger - Using platform encoding (Cp1252 actually) to copy filtered resources, i.e. build is platform dependent!
2025-11-16 20:49:04,793 [Worker-37] INFO  o.e.m.c.i.embedder.EclipseLogger - skip non existing resourceDirectory D:\Code\SpringMVC\MVCData\src\test\resources
2025-11-16 20:51:08,465 [Worker-35] WARN  o.e.m.c.i.embedder.EclipseLogger - Using platform encoding (Cp1252 actually) to copy filtered resources, i.e. build is platform dependent!
2025-11-16 20:51:08,470 [Worker-35] INFO  o.e.m.c.i.embedder.EclipseLogger - Copying 0 resource
2025-11-16 20:51:08,470 [Worker-35] WARN  o.e.m.c.i.embedder.EclipseLogger - Using platform encoding (Cp1252 actually) to copy filtered resources, i.e. build is platform dependent!
2025-11-16 20:51:08,470 [Worker-35] INFO  o.e.m.c.i.embedder.EclipseLogger - skip non existing resourceDirectory D:\Code\SpringMVC\MVCData\src\test\resources
2025-11-16 20:54:02,894 [Worker-44] WARN  o.e.m.c.i.embedder.EclipseLogger - Using platform encoding (Cp1252 actually) to copy filtered resources, i.e. build is platform dependent!
2025-11-16 20:54:02,894 [Worker-44] INFO  o.e.m.c.i.embedder.EclipseLogger - Copying 0 resource
2025-11-16 20:54:02,894 [Worker-44] WARN  o.e.m.c.i.embedder.EclipseLogger - Using platform encoding (Cp1252 actually) to copy filtered resources, i.e. build is platform dependent!
2025-11-16 20:54:02,894 [Worker-44] INFO  o.e.m.c.i.embedder.EclipseLogger - skip non existing resourceDirectory D:\Code\SpringMVC\MVCData\src\test\resources
2025-11-16 20:54:54,696 [Worker-34] WARN  o.e.m.c.i.embedder.EclipseLogger - Using platform encoding (Cp1252 actually) to copy filtered resources, i.e. build is platform dependent!
2025-11-16 20:54:54,699 [Worker-34] INFO  o.e.m.c.i.embedder.EclipseLogger - Copying 0 resource
2025-11-16 20:54:54,699 [Worker-34] WARN  o.e.m.c.i.embedder.EclipseLogger - Using platform encoding (Cp1252 actually) to copy filtered resources, i.e. build is platform dependent!
2025-11-16 20:54:54,708 [Worker-34] INFO  o.e.m.c.i.embedder.EclipseLogger - skip non existing resourceDirectory D:\Code\SpringMVC\MVCData\src\test\resources
2025-11-16 20:56:26,845 [Worker-35] INFO  o.e.m.c.i.e.AbstractTransferListenerAdapter - Downloading https://repo.maven.apache.org/maven2/org/springframework/spring-orm/5.3.23/spring-orm-5.3.23-sources.jar
2025-11-16 20:56:26,955 [Worker-35] INFO  o.e.m.c.i.e.AbstractTransferListenerAdapter - Downloaded https://repo.maven.apache.org/maven2/org/springframework/spring-orm/5.3.23/spring-orm-5.3.23-sources.jar
2025-11-16 20:56:27,320 [Worker-35] INFO  o.e.m.j.internal.DownloadSourcesJob - Downloaded sources for org.springframework:spring-orm:5.3.23
2025-11-16 20:56:27,582 [Worker-35] WARN  o.e.m.c.i.embedder.EclipseLogger - Using platform encoding (Cp1252 actually) to copy filtered resources, i.e. build is platform dependent!
2025-11-16 20:56:27,582 [Worker-35] INFO  o.e.m.c.i.embedder.EclipseLogger - Copying 0 resource
2025-11-16 20:56:27,584 [Worker-35] WARN  o.e.m.c.i.embedder.EclipseLogger - Using platform encoding (Cp1252 actually) to copy filtered resources, i.e. build is platform dependent!
2025-11-16 20:56:27,584 [Worker-35] INFO  o.e.m.c.i.embedder.EclipseLogger - skip non existing resourceDirectory D:\Code\SpringMVC\MVCData\src\test\resources
2025-11-16 20:58:41,259 [Worker-48] WARN  o.e.m.c.i.embedder.EclipseLogger - Using platform encoding (Cp1252 actually) to copy filtered resources, i.e. build is platform dependent!
2025-11-16 20:58:41,259 [Worker-48] INFO  o.e.m.c.i.embedder.EclipseLogger - Copying 0 resource
2025-11-16 20:58:41,259 [Worker-48] WARN  o.e.m.c.i.embedder.EclipseLogger - Using platform encoding (Cp1252 actually) to copy filtered resources, i.e. build is platform dependent!
2025-11-16 20:58:41,259 [Worker-48] INFO  o.e.m.c.i.embedder.EclipseLogger - skip non existing resourceDirectory D:\Code\SpringMVC\MVCData\src\test\resources
2025-11-16 20:58:56,594 [Worker-44] WARN  o.e.m.c.i.embedder.EclipseLogger - Using platform encoding (Cp1252 actually) to copy filtered resources, i.e. build is platform dependent!
2025-11-16 20:58:56,603 [Worker-44] INFO  o.e.m.c.i.embedder.EclipseLogger - Copying 0 resource
2025-11-16 20:58:56,603 [Worker-44] WARN  o.e.m.c.i.embedder.EclipseLogger - Using platform encoding (Cp1252 actually) to copy filtered resources, i.e. build is platform dependent!
2025-11-16 20:58:56,603 [Worker-44] INFO  o.e.m.c.i.embedder.EclipseLogger - skip non existing resourceDirectory D:\Code\SpringMVC\MVCData\src\test\resources
2025-11-16 20:59:16,082 [Worker-47] WARN  o.e.m.c.i.embedder.EclipseLogger - Using platform encoding (Cp1252 actually) to copy filtered resources, i.e. build is platform dependent!
2025-11-16 20:59:16,084 [Worker-47] INFO  o.e.m.c.i.embedder.EclipseLogger - Copying 0 resource
2025-11-16 20:59:16,084 [Worker-47] WARN  o.e.m.c.i.embedder.EclipseLogger - Using platform encoding (Cp1252 actually) to copy filtered resources, i.e. build is platform dependent!
2025-11-16 20:59:16,086 [Worker-47] INFO  o.e.m.c.i.embedder.EclipseLogger - skip non existing resourceDirectory D:\Code\SpringMVC\MVCData\src\test\resources
2025-11-16 20:59:56,381 [Worker-47] WARN  o.e.m.c.i.embedder.EclipseLogger - Using platform encoding (Cp1252 actually) to copy filtered resources, i.e. build is platform dependent!
2025-11-16 20:59:56,381 [Worker-47] INFO  o.e.m.c.i.embedder.EclipseLogger - Copying 0 resource
2025-11-16 20:59:56,383 [Worker-47] WARN  o.e.m.c.i.embedder.EclipseLogger - Using platform encoding (Cp1252 actually) to copy filtered resources, i.e. build is platform dependent!
2025-11-16 20:59:56,383 [Worker-47] INFO  o.e.m.c.i.embedder.EclipseLogger - skip non existing resourceDirectory D:\Code\SpringMVC\MVCData\src\test\resources
2025-11-16 20:59:56,389 [Worker-47] WARN  o.e.m.c.i.embedder.EclipseLogger - Using platform encoding (Cp1252 actually) to copy filtered resources, i.e. build is platform dependent!
2025-11-16 20:59:56,389 [Worker-47] INFO  o.e.m.c.i.embedder.EclipseLogger - Copying 0 resource
2025-11-16 20:59:56,389 [Worker-47] WARN  o.e.m.c.i.embedder.EclipseLogger - Using platform encoding (Cp1252 actually) to copy filtered resources, i.e. build is platform dependent!
2025-11-16 20:59:56,389 [Worker-47] INFO  o.e.m.c.i.embedder.EclipseLogger - skip non existing resourceDirectory D:\Code\SpringMVC\MVCproject\src\test\resources
2025-11-16 21:00:01,176 [Worker-35] WARN  o.e.m.c.i.embedder.EclipseLogger - Using platform encoding (Cp1252 actually) to copy filtered resources, i.e. build is platform dependent!
2025-11-16 21:00:01,176 [Worker-35] INFO  o.e.m.c.i.embedder.EclipseLogger - Copying 0 resource
2025-11-16 21:00:01,176 [Worker-35] WARN  o.e.m.c.i.embedder.EclipseLogger - Using platform encoding (Cp1252 actually) to copy filtered resources, i.e. build is platform dependent!
2025-11-16 21:00:01,176 [Worker-35] INFO  o.e.m.c.i.embedder.EclipseLogger - skip non existing resourceDirectory D:\Code\SpringMVC\MVCData\src\test\resources
2025-11-16 21:00:01,187 [Worker-35] WARN  o.e.m.c.i.embedder.EclipseLogger - Using platform encoding (Cp1252 actually) to copy filtered resources, i.e. build is platform dependent!
2025-11-16 21:00:01,187 [Worker-35] INFO  o.e.m.c.i.embedder.EclipseLogger - Copying 0 resource
2025-11-16 21:00:01,187 [Worker-35] WARN  o.e.m.c.i.embedder.EclipseLogger - Using platform encoding (Cp1252 actually) to copy filtered resources, i.e. build is platform dependent!
2025-11-16 21:00:01,187 [Worker-35] INFO  o.e.m.c.i.embedder.EclipseLogger - skip non existing resourceDirectory D:\Code\SpringMVC\MVCproject\src\test\resources
2025-11-16 21:00:09,231 [Worker-43] WARN  o.e.m.c.i.embedder.EclipseLogger - Using platform encoding (Cp1252 actually) to copy filtered resources, i.e. build is platform dependent!
2025-11-16 21:00:09,231 [Worker-43] INFO  o.e.m.c.i.embedder.EclipseLogger - Copying 0 resource
2025-11-16 21:00:09,231 [Worker-43] WARN  o.e.m.c.i.embedder.EclipseLogger - Using platform encoding (Cp1252 actually) to copy filtered resources, i.e. build is platform dependent!
2025-11-16 21:00:09,231 [Worker-43] INFO  o.e.m.c.i.embedder.EclipseLogger - skip non existing resourceDirectory D:\Code\SpringMVC\MVCData\src\test\resources
2025-11-16 21:00:27,750 [Worker-43] WARN  o.e.m.c.i.embedder.EclipseLogger - Using platform encoding (Cp1252 actually) to copy filtered resources, i.e. build is platform dependent!
2025-11-16 21:00:27,750 [Worker-43] INFO  o.e.m.c.i.embedder.EclipseLogger - Copying 0 resource
2025-11-16 21:00:27,750 [Worker-43] WARN  o.e.m.c.i.embedder.EclipseLogger - Using platform encoding (Cp1252 actually) to copy filtered resources, i.e. build is platform dependent!
2025-11-16 21:00:27,756 [Worker-43] INFO  o.e.m.c.i.embedder.EclipseLogger - skip non existing resourceDirectory D:\Code\SpringMVC\MVCData\src\test\resources
2025-11-16 21:00:56,905 [Worker-34] WARN  o.e.m.c.i.embedder.EclipseLogger - Using platform encoding (Cp1252 actually) to copy filtered resources, i.e. build is platform dependent!
2025-11-16 21:00:56,905 [Worker-34] INFO  o.e.m.c.i.embedder.EclipseLogger - Copying 0 resource
2025-11-16 21:00:56,905 [Worker-34] WARN  o.e.m.c.i.embedder.EclipseLogger - Using platform encoding (Cp1252 actually) to copy filtered resources, i.e. build is platform dependent!
2025-11-16 21:00:56,905 [Worker-34] INFO  o.e.m.c.i.embedder.EclipseLogger - skip non existing resourceDirectory D:\Code\SpringMVC\MVCData\src\test\resources
2025-11-16 21:01:43,408 [Worker-43] WARN  o.e.m.c.i.embedder.EclipseLogger - Using platform encoding (Cp1252 actually) to copy filtered resources, i.e. build is platform dependent!
2025-11-16 21:01:43,408 [Worker-43] INFO  o.e.m.c.i.embedder.EclipseLogger - Copying 0 resource
2025-11-16 21:01:43,417 [Worker-43] WARN  o.e.m.c.i.embedder.EclipseLogger - Using platform encoding (Cp1252 actually) to copy filtered resources, i.e. build is platform dependent!
2025-11-16 21:01:43,417 [Worker-43] INFO  o.e.m.c.i.embedder.EclipseLogger - skip non existing resourceDirectory D:\Code\SpringMVC\MVCData\src\test\resources
2025-11-16 21:03:40,956 [Worker-47] INFO  o.e.m.c.i.p.ProjectConfigurationManager - Update started
2025-11-16 21:03:45,393 [Worker-47] INFO  o.e.m.c.i.l.LifecycleMappingFactory - Using org.maven.ide.eclipse.wtp.WarLifecycleMapping lifecycle mapping for MavenProject: MVCData:MVCData:0.0.1-SNAPSHOT @ D:\Code\SpringMVC\MVCData\pom.xml.
2025-11-16 21:03:46,412 [Worker-47] INFO  o.e.m.c.i.l.LifecycleMappingFactory - Using org.maven.ide.eclipse.wtp.WarLifecycleMapping lifecycle mapping for MavenProject: MVCproject:MVCproject:0.0.1-SNAPSHOT @ D:\Code\SpringMVC\MVCproject\pom.xml.
2025-11-16 21:03:48,288 [Worker-47] INFO  o.e.m.j.i.AbstractJavaProjectConfigurator - Adding source folder /MVCData/src/main/java
2025-11-16 21:03:48,302 [Worker-47] INFO  o.e.m.j.i.AbstractJavaProjectConfigurator - Adding resource folder /MVCData/src/main/resources
2025-11-16 21:03:48,302 [Worker-47] INFO  o.e.m.j.i.AbstractJavaProjectConfigurator - Adding source folder /MVCData/src/test/java
2025-11-16 21:03:49,102 [Worker-47] INFO  o.e.m.w.i.f.ResourceFilteringBuildParticipant - Cleaning filtered folder for MVCData
2025-11-16 21:03:49,131 [Worker-47] INFO  o.e.m.c.i.p.ProjectConfigurationManager - Update completed: 8 sec
2025-11-16 21:03:49,394 [Worker-35] WARN  o.e.m.c.i.embedder.EclipseLogger - Using platform encoding (Cp1252 actually) to copy filtered resources, i.e. build is platform dependent!
2025-11-16 21:03:49,396 [Worker-35] INFO  o.e.m.c.i.embedder.EclipseLogger - Copying 0 resource
2025-11-16 21:03:49,398 [Worker-35] WARN  o.e.m.c.i.embedder.EclipseLogger - Using platform encoding (Cp1252 actually) to copy filtered resources, i.e. build is platform dependent!
2025-11-16 21:03:49,398 [Worker-35] INFO  o.e.m.c.i.embedder.EclipseLogger - skip non existing resourceDirectory D:\Code\SpringMVC\MVCData\src\test\resources
2025-11-16 21:03:49,398 [Worker-35] INFO  o.e.m.w.i.f.ResourceFilteringBuildParticipant - Changed resources require a complete clean of filtered resources of MVCData
2025-11-16 21:03:49,406 [Worker-35] INFO  o.e.m.w.i.f.ResourceFilteringBuildParticipant - Executing resource filtering for MVCData
2025-11-16 21:03:49,412 [Worker-35] WARN  o.e.m.c.i.embedder.EclipseLogger - Using platform encoding (Cp1252 actually) to copy filtered resources, i.e. build is platform dependent!
2025-11-16 21:03:49,636 [Worker-35] WARN  o.e.m.c.i.embedder.EclipseLogger - Using platform encoding (Cp1252 actually) to copy filtered resources, i.e. build is platform dependent!
2025-11-16 21:03:49,636 [Worker-35] INFO  o.e.m.c.i.embedder.EclipseLogger - Copying 0 resource
2025-11-16 21:03:49,638 [Worker-35] WARN  o.e.m.c.i.embedder.EclipseLogger - Using platform encoding (Cp1252 actually) to copy filtered resources, i.e. build is platform dependent!
2025-11-16 21:03:49,638 [Worker-35] INFO  o.e.m.c.i.embedder.EclipseLogger - skip non existing resourceDirectory D:\Code\SpringMVC\MVCproject\src\test\resources
2025-11-16 21:04:23,313 [Worker-44] WARN  o.e.m.c.i.embedder.EclipseLogger - Using platform encoding (Cp1252 actually) to copy filtered resources, i.e. build is platform dependent!
2025-11-16 21:04:23,313 [Worker-44] INFO  o.e.m.c.i.embedder.EclipseLogger - Copying 0 resource
2025-11-16 21:04:23,313 [Worker-44] WARN  o.e.m.c.i.embedder.EclipseLogger - Using platform encoding (Cp1252 actually) to copy filtered resources, i.e. build is platform dependent!
2025-11-16 21:04:23,313 [Worker-44] INFO  o.e.m.c.i.embedder.EclipseLogger - skip non existing resourceDirectory D:\Code\SpringMVC\MVCData\src\test\resources
2025-11-16 21:05:07,366 [Worker-44] WARN  o.e.m.c.i.embedder.EclipseLogger - Using platform encoding (Cp1252 actually) to copy filtered resources, i.e. build is platform dependent!
2025-11-16 21:05:07,368 [Worker-44] INFO  o.e.m.c.i.embedder.EclipseLogger - Copying 0 resource
2025-11-16 21:05:07,368 [Worker-44] WARN  o.e.m.c.i.embedder.EclipseLogger - Using platform encoding (Cp1252 actually) to copy filtered resources, i.e. build is platform dependent!
2025-11-16 21:05:07,370 [Worker-44] INFO  o.e.m.c.i.embedder.EclipseLogger - skip non existing resourceDirectory D:\Code\SpringMVC\MVCproject\src\test\resources
2025-11-16 21:05:59,521 [Worker-47] WARN  o.e.m.c.i.embedder.EclipseLogger - Using platform encoding (Cp1252 actually) to copy filtered resources, i.e. build is platform dependent!
2025-11-16 21:05:59,521 [Worker-47] INFO  o.e.m.c.i.embedder.EclipseLogger - Copying 0 resource
2025-11-16 21:05:59,521 [Worker-47] WARN  o.e.m.c.i.embedder.EclipseLogger - Using platform encoding (Cp1252 actually) to copy filtered resources, i.e. build is platform dependent!
2025-11-16 21:05:59,521 [Worker-47] INFO  o.e.m.c.i.embedder.EclipseLogger - skip non existing resourceDirectory D:\Code\SpringMVC\MVCData\src\test\resources
2025-11-16 21:06:21,204 [Worker-47] WARN  o.e.m.c.i.embedder.EclipseLogger - Using platform encoding (Cp1252 actually) to copy filtered resources, i.e. build is platform dependent!
2025-11-16 21:06:21,204 [Worker-47] INFO  o.e.m.c.i.embedder.EclipseLogger - Copying 0 resource
2025-11-16 21:06:21,204 [Worker-47] WARN  o.e.m.c.i.embedder.EclipseLogger - Using platform encoding (Cp1252 actually) to copy filtered resources, i.e. build is platform dependent!
2025-11-16 21:06:21,205 [Worker-47] INFO  o.e.m.c.i.embedder.EclipseLogger - skip non existing resourceDirectory D:\Code\SpringMVC\MVCData\src\test\resources
2025-11-16 21:06:31,997 [Worker-43] WARN  o.e.m.c.i.embedder.EclipseLogger - Using platform encoding (Cp1252 actually) to copy filtered resources, i.e. build is platform dependent!
2025-11-16 21:06:31,997 [Worker-43] INFO  o.e.m.c.i.embedder.EclipseLogger - Copying 0 resource
2025-11-16 21:06:31,997 [Worker-43] WARN  o.e.m.c.i.embedder.EclipseLogger - Using platform encoding (Cp1252 actually) to copy filtered resources, i.e. build is platform dependent!
2025-11-16 21:06:31,997 [Worker-43] INFO  o.e.m.c.i.embedder.EclipseLogger - skip non existing resourceDirectory D:\Code\SpringMVC\MVCData\src\test\resources
2025-11-16 21:06:39,585 [Worker-47] WARN  o.e.m.c.i.embedder.EclipseLogger - Using platform encoding (Cp1252 actually) to copy filtered resources, i.e. build is platform dependent!
2025-11-16 21:06:39,587 [Worker-47] INFO  o.e.m.c.i.embedder.EclipseLogger - Copying 0 resource
2025-11-16 21:06:39,587 [Worker-47] WARN  o.e.m.c.i.embedder.EclipseLogger - Using platform encoding (Cp1252 actually) to copy filtered resources, i.e. build is platform dependent!
2025-11-16 21:06:39,587 [Worker-47] INFO  o.e.m.c.i.embedder.EclipseLogger - skip non existing resourceDirectory D:\Code\SpringMVC\MVCData\src\test\resources
2025-11-16 21:08:13,452 [Worker-53] WARN  o.e.m.c.i.embedder.EclipseLogger - Using platform encoding (Cp1252 actually) to copy filtered resources, i.e. build is platform dependent!
2025-11-16 21:08:13,454 [Worker-53] INFO  o.e.m.c.i.embedder.EclipseLogger - Copying 0 resource
2025-11-16 21:08:13,454 [Worker-53] WARN  o.e.m.c.i.embedder.EclipseLogger - Using platform encoding (Cp1252 actually) to copy filtered resources, i.e. build is platform dependent!
2025-11-16 21:08:13,454 [Worker-53] INFO  o.e.m.c.i.embedder.EclipseLogger - skip non existing resourceDirectory D:\Code\SpringMVC\MVCData\src\test\resources
2025-11-16 21:08:31,177 [Worker-47] WARN  o.e.m.c.i.embedder.EclipseLogger - Using platform encoding (Cp1252 actually) to copy filtered resources, i.e. build is platform dependent!
2025-11-16 21:08:31,177 [Worker-47] INFO  o.e.m.c.i.embedder.EclipseLogger - Copying 0 resource
2025-11-16 21:08:31,177 [Worker-47] WARN  o.e.m.c.i.embedder.EclipseLogger - Using platform encoding (Cp1252 actually) to copy filtered resources, i.e. build is platform dependent!
2025-11-16 21:08:31,184 [Worker-47] INFO  o.e.m.c.i.embedder.EclipseLogger - skip non existing resourceDirectory D:\Code\SpringMVC\MVCData\src\test\resources
2025-11-16 21:09:04,986 [Worker-47] WARN  o.e.m.c.i.embedder.EclipseLogger - Using platform encoding (Cp1252 actually) to copy filtered resources, i.e. build is platform dependent!
2025-11-16 21:09:04,986 [Worker-47] INFO  o.e.m.c.i.embedder.EclipseLogger - Copying 0 resource
2025-11-16 21:09:04,988 [Worker-47] WARN  o.e.m.c.i.embedder.EclipseLogger - Using platform encoding (Cp1252 actually) to copy filtered resources, i.e. build is platform dependent!
2025-11-16 21:09:04,988 [Worker-47] INFO  o.e.m.c.i.embedder.EclipseLogger - skip non existing resourceDirectory D:\Code\SpringMVC\MVCData\src\test\resources
2025-11-16 21:11:09,644 [Worker-48] WARN  o.e.m.c.i.embedder.EclipseLogger - Using platform encoding (Cp1252 actually) to copy filtered resources, i.e. build is platform dependent!
2025-11-16 21:11:09,644 [Worker-48] INFO  o.e.m.c.i.embedder.EclipseLogger - Copying 0 resource
2025-11-16 21:11:09,646 [Worker-48] WARN  o.e.m.c.i.embedder.EclipseLogger - Using platform encoding (Cp1252 actually) to copy filtered resources, i.e. build is platform dependent!
2025-11-16 21:11:09,646 [Worker-48] INFO  o.e.m.c.i.embedder.EclipseLogger - skip non existing resourceDirectory D:\Code\SpringMVC\MVCData\src\test\resources
2025-11-16 21:11:55,774 [Worker-55] WARN  o.e.m.c.i.embedder.EclipseLogger - Using platform encoding (Cp1252 actually) to copy filtered resources, i.e. build is platform dependent!
2025-11-16 21:11:55,774 [Worker-55] INFO  o.e.m.c.i.embedder.EclipseLogger - Copying 0 resource
2025-11-16 21:11:55,774 [Worker-55] WARN  o.e.m.c.i.embedder.EclipseLogger - Using platform encoding (Cp1252 actually) to copy filtered resources, i.e. build is platform dependent!
2025-11-16 21:11:55,774 [Worker-55] INFO  o.e.m.c.i.embedder.EclipseLogger - skip non existing resourceDirectory D:\Code\SpringMVC\MVCData\src\test\resources
2025-11-16 21:12:03,274 [Worker-47] WARN  o.e.m.c.i.embedder.EclipseLogger - Using platform encoding (Cp1252 actually) to copy filtered resources, i.e. build is platform dependent!
2025-11-16 21:12:03,274 [Worker-47] INFO  o.e.m.c.i.embedder.EclipseLogger - Copying 0 resource
2025-11-16 21:12:03,274 [Worker-47] WARN  o.e.m.c.i.embedder.EclipseLogger - Using platform encoding (Cp1252 actually) to copy filtered resources, i.e. build is platform dependent!
2025-11-16 21:12:03,290 [Worker-47] INFO  o.e.m.c.i.embedder.EclipseLogger - skip non existing resourceDirectory D:\Code\SpringMVC\MVCData\src\test\resources
2025-11-16 22:02:57,326 [Worker-16] WARN  o.e.m.c.i.embedder.EclipseLogger - Using platform encoding (Cp1252 actually) to copy filtered resources, i.e. build is platform dependent!
2025-11-16 22:02:57,354 [Worker-16] INFO  o.e.m.c.i.embedder.EclipseLogger - Copying 0 resource
2025-11-16 22:02:57,360 [Worker-16] WARN  o.e.m.c.i.embedder.EclipseLogger - Using platform encoding (Cp1252 actually) to copy filtered resources, i.e. build is platform dependent!
2025-11-16 22:02:57,362 [Worker-16] INFO  o.e.m.c.i.embedder.EclipseLogger - skip non existing resourceDirectory D:\Code\SpringMVC\MVCData\src\test\resources
2025-11-16 22:03:02,140 [Worker-2] WARN  o.e.m.c.i.embedder.EclipseLogger - Using platform encoding (Cp1252 actually) to copy filtered resources, i.e. build is platform dependent!
2025-11-16 22:03:02,145 [Worker-2] INFO  o.e.m.c.i.embedder.EclipseLogger - Copying 0 resource
2025-11-16 22:03:02,149 [Worker-2] WARN  o.e.m.c.i.embedder.EclipseLogger - Using platform encoding (Cp1252 actually) to copy filtered resources, i.e. build is platform dependent!
2025-11-16 22:03:02,151 [Worker-2] INFO  o.e.m.c.i.embedder.EclipseLogger - skip non existing resourceDirectory D:\Code\SpringMVC\MVCproject\src\test\resources
2025-11-16 22:19:26,547 [Worker-27] WARN  o.e.m.c.i.embedder.EclipseLogger - Using platform encoding (Cp1252 actually) to copy filtered resources, i.e. build is platform dependent!
2025-11-16 22:19:26,559 [Worker-27] INFO  o.e.m.c.i.embedder.EclipseLogger - Copying 0 resource
2025-11-16 22:19:26,562 [Worker-27] WARN  o.e.m.c.i.embedder.EclipseLogger - Using platform encoding (Cp1252 actually) to copy filtered resources, i.e. build is platform dependent!
2025-11-16 22:19:26,563 [Worker-27] INFO  o.e.m.c.i.embedder.EclipseLogger - skip non existing resourceDirectory D:\Code\SpringMVC\MVCData\src\test\resources
2025-11-16 22:19:28,699 [Worker-28] WARN  o.e.m.c.i.embedder.EclipseLogger - Using platform encoding (Cp1252 actually) to copy filtered resources, i.e. build is platform dependent!
2025-11-16 22:19:28,702 [Worker-28] INFO  o.e.m.c.i.embedder.EclipseLogger - Copying 0 resource
2025-11-16 22:19:28,704 [Worker-28] WARN  o.e.m.c.i.embedder.EclipseLogger - Using platform encoding (Cp1252 actually) to copy filtered resources, i.e. build is platform dependent!
2025-11-16 22:19:28,705 [Worker-28] INFO  o.e.m.c.i.embedder.EclipseLogger - skip non existing resourceDirectory D:\Code\SpringMVC\MVCData\src\test\resources
2025-11-16 22:19:47,775 [Worker-6] WARN  o.e.m.c.i.embedder.EclipseLogger - Using platform encoding (Cp1252 actually) to copy filtered resources, i.e. build is platform dependent!
2025-11-16 22:19:47,783 [Worker-6] INFO  o.e.m.c.i.embedder.EclipseLogger - Copying 0 resource
2025-11-16 22:19:47,785 [Worker-6] WARN  o.e.m.c.i.embedder.EclipseLogger - Using platform encoding (Cp1252 actually) to copy filtered resources, i.e. build is platform dependent!
2025-11-16 22:19:47,788 [Worker-6] INFO  o.e.m.c.i.embedder.EclipseLogger - skip non existing resourceDirectory D:\Code\SpringMVC\MVCData\src\test\resources
2025-11-16 22:21:09,219 [Worker-6] WARN  o.e.m.c.i.embedder.EclipseLogger - Using platform encoding (Cp1252 actually) to copy filtered resources, i.e. build is platform dependent!
2025-11-16 22:21:09,220 [Worker-6] INFO  o.e.m.c.i.embedder.EclipseLogger - Copying 0 resource
2025-11-16 22:21:09,222 [Worker-6] WARN  o.e.m.c.i.embedder.EclipseLogger - Using platform encoding (Cp1252 actually) to copy filtered resources, i.e. build is platform dependent!
2025-11-16 22:21:09,223 [Worker-6] INFO  o.e.m.c.i.embedder.EclipseLogger - skip non existing resourceDirectory D:\Code\SpringMVC\MVCData\src\test\resources
2025-11-16 22:24:21,959 [Worker-23] WARN  o.e.m.c.i.embedder.EclipseLogger - Using platform encoding (Cp1252 actually) to copy filtered resources, i.e. build is platform dependent!
2025-11-16 22:24:21,961 [Worker-23] INFO  o.e.m.c.i.embedder.EclipseLogger - Copying 0 resource
2025-11-16 22:24:21,962 [Worker-23] WARN  o.e.m.c.i.embedder.EclipseLogger - Using platform encoding (Cp1252 actually) to copy filtered resources, i.e. build is platform dependent!
2025-11-16 22:24:21,970 [Worker-23] INFO  o.e.m.c.i.embedder.EclipseLogger - skip non existing resourceDirectory D:\Code\SpringMVC\MVCData\src\test\resources
2025-11-16 22:24:37,787 [Worker-28] WARN  o.e.m.c.i.embedder.EclipseLogger - Using platform encoding (Cp1252 actually) to copy filtered resources, i.e. build is platform dependent!
2025-11-16 22:24:37,788 [Worker-28] INFO  o.e.m.c.i.embedder.EclipseLogger - Copying 0 resource
2025-11-16 22:24:37,790 [Worker-28] WARN  o.e.m.c.i.embedder.EclipseLogger - Using platform encoding (Cp1252 actually) to copy filtered resources, i.e. build is platform dependent!
2025-11-16 22:24:37,798 [Worker-28] INFO  o.e.m.c.i.embedder.EclipseLogger - skip non existing resourceDirectory D:\Code\SpringMVC\MVCData\src\test\resources
2025-11-16 22:24:39,816 [Worker-6] WARN  o.e.m.c.i.embedder.EclipseLogger - Using platform encoding (Cp1252 actually) to copy filtered resources, i.e. build is platform dependent!
2025-11-16 22:24:39,817 [Worker-6] INFO  o.e.m.c.i.embedder.EclipseLogger - Copying 0 resource
2025-11-16 22:24:39,821 [Worker-6] WARN  o.e.m.c.i.embedder.EclipseLogger - Using platform encoding (Cp1252 actually) to copy filtered resources, i.e. build is platform dependent!
2025-11-16 22:24:39,822 [Worker-6] INFO  o.e.m.c.i.embedder.EclipseLogger - skip non existing resourceDirectory D:\Code\SpringMVC\MVCData\src\test\resources
2025-11-16 22:25:55,749 [Worker-23] WARN  o.e.r.models.ModelRepository - Failed to download org.eclipse.recommenders:index::zip:0.0.0
org.eclipse.aether.resolution.ArtifactResolutionException: Could not find artifact org.eclipse.recommenders:index:zip:0.0.0-SNAPSHOT in models (http://download.eclipse.org/recommenders/models/neon/)
	at org.eclipse.aether.internal.impl.DefaultArtifactResolver.resolve(DefaultArtifactResolver.java:444) ~[na:na]
	at org.eclipse.aether.internal.impl.DefaultArtifactResolver.resolveArtifacts(DefaultArtifactResolver.java:246) ~[na:na]
	at org.eclipse.aether.internal.impl.DefaultArtifactResolver.resolveArtifact(DefaultArtifactResolver.java:223) ~[na:na]
	at org.eclipse.aether.internal.impl.DefaultRepositorySystem.resolveArtifact(DefaultRepositorySystem.java:294) ~[na:na]
	at org.eclipse.recommenders.models.ModelRepository.resolveInternal(ModelRepository.java:193) [org.eclipse.recommenders.models_2.4.6.v20170307-1041.jar:na]
	at org.eclipse.recommenders.models.ModelRepository.resolve(ModelRepository.java:172) [org.eclipse.recommenders.models_2.4.6.v20170307-1041.jar:na]
	at org.eclipse.recommenders.internal.models.rcp.EclipseModelRepository.resolve(EclipseModelRepository.java:169) [org.eclipse.recommenders.models.rcp_2.4.6.v20170307-1041.jar:na]
	at org.eclipse.recommenders.internal.models.rcp.DownloadModelArchiveJob.run(DownloadModelArchiveJob.java:76) [org.eclipse.recommenders.models.rcp_2.4.6.v20170307-1041.jar:na]
	at org.eclipse.core.internal.jobs.Worker.run(Worker.java:55) [org.eclipse.core.jobs_3.8.0.v20160509-0411.jar:na]
Caused by: org.eclipse.aether.transfer.ArtifactNotFoundException: Could not find artifact org.eclipse.recommenders:index:zip:0.0.0-SNAPSHOT in models (http://download.eclipse.org/recommenders/models/neon/)
	at org.eclipse.aether.connector.basic.ArtifactTransportListener.transferFailed(ArtifactTransportListener.java:39) ~[org.eclipse.aether.connector.basic_1.0.1.v20141111.jar:na]
	at org.eclipse.aether.connector.basic.BasicRepositoryConnector$TaskRunner.run(BasicRepositoryConnector.java:355) ~[org.eclipse.aether.connector.basic_1.0.1.v20141111.jar:na]
	at org.eclipse.aether.util.concurrency.RunnableErrorForwarder$1.run(RunnableErrorForwarder.java:67) ~[na:na]
	at org.eclipse.aether.connector.basic.BasicRepositoryConnector$DirectExecutor.execute(BasicRepositoryConnector.java:581) ~[org.eclipse.aether.connector.basic_1.0.1.v20141111.jar:na]
	at org.eclipse.aether.connector.basic.BasicRepositoryConnector.get(BasicRepositoryConnector.java:249) ~[org.eclipse.aether.connector.basic_1.0.1.v20141111.jar:na]
	at org.eclipse.aether.internal.impl.DefaultArtifactResolver.performDownloads(DefaultArtifactResolver.java:520) ~[na:na]
	at org.eclipse.aether.internal.impl.DefaultArtifactResolver.resolve(DefaultArtifactResolver.java:421) ~[na:na]
	... 8 common frames omitted
2025-11-16 22:26:38,467 [Worker-29] WARN  o.e.m.c.i.embedder.EclipseLogger - Using platform encoding (Cp1252 actually) to copy filtered resources, i.e. build is platform dependent!
2025-11-16 22:26:38,473 [Worker-29] INFO  o.e.m.c.i.embedder.EclipseLogger - Copying 0 resource
2025-11-16 22:26:38,476 [Worker-29] WARN  o.e.m.c.i.embedder.EclipseLogger - Using platform encoding (Cp1252 actually) to copy filtered resources, i.e. build is platform dependent!
2025-11-16 22:26:38,477 [Worker-29] INFO  o.e.m.c.i.embedder.EclipseLogger - skip non existing resourceDirectory D:\Code\SpringMVC\MVCData\src\test\resources
2025-11-16 22:29:45,189 [Worker-30] WARN  o.e.m.c.i.embedder.EclipseLogger - Using platform encoding (Cp1252 actually) to copy filtered resources, i.e. build is platform dependent!
2025-11-16 22:29:45,190 [Worker-30] INFO  o.e.m.c.i.embedder.EclipseLogger - Copying 0 resource
2025-11-16 22:29:45,191 [Worker-30] WARN  o.e.m.c.i.embedder.EclipseLogger - Using platform encoding (Cp1252 actually) to copy filtered resources, i.e. build is platform dependent!
2025-11-16 22:29:45,192 [Worker-30] INFO  o.e.m.c.i.embedder.EclipseLogger - skip non existing resourceDirectory D:\Code\SpringMVC\MVCData\src\test\resources
2025-11-16 22:30:54,165 [Worker-28] WARN  o.e.m.c.i.embedder.EclipseLogger - Using platform encoding (Cp1252 actually) to copy filtered resources, i.e. build is platform dependent!
2025-11-16 22:30:54,166 [Worker-28] INFO  o.e.m.c.i.embedder.EclipseLogger - Copying 0 resource
2025-11-16 22:30:54,167 [Worker-28] WARN  o.e.m.c.i.embedder.EclipseLogger - Using platform encoding (Cp1252 actually) to copy filtered resources, i.e. build is platform dependent!
2025-11-16 22:30:54,168 [Worker-28] INFO  o.e.m.c.i.embedder.EclipseLogger - skip non existing resourceDirectory D:\Code\SpringMVC\MVCData\src\test\resources
2025-11-16 22:42:17,220 [Worker-25] WARN  o.e.m.c.i.embedder.EclipseLogger - Using platform encoding (Cp1252 actually) to copy filtered resources, i.e. build is platform dependent!
2025-11-16 22:42:17,222 [Worker-25] INFO  o.e.m.c.i.embedder.EclipseLogger - Copying 0 resource
2025-11-16 22:42:17,223 [Worker-25] WARN  o.e.m.c.i.embedder.EclipseLogger - Using platform encoding (Cp1252 actually) to copy filtered resources, i.e. build is platform dependent!
2025-11-16 22:42:17,224 [Worker-25] INFO  o.e.m.c.i.embedder.EclipseLogger - skip non existing resourceDirectory D:\Code\SpringMVC\MVCData\src\test\resources
2025-11-16 22:44:36,206 [Worker-28] WARN  o.e.m.c.i.embedder.EclipseLogger - Using platform encoding (Cp1252 actually) to copy filtered resources, i.e. build is platform dependent!
2025-11-16 22:44:36,208 [Worker-28] INFO  o.e.m.c.i.embedder.EclipseLogger - Copying 0 resource
2025-11-16 22:44:36,209 [Worker-28] WARN  o.e.m.c.i.embedder.EclipseLogger - Using platform encoding (Cp1252 actually) to copy filtered resources, i.e. build is platform dependent!
2025-11-16 22:44:36,210 [Worker-28] INFO  o.e.m.c.i.embedder.EclipseLogger - skip non existing resourceDirectory D:\Code\SpringMVC\MVCData\src\test\resources
2025-11-16 22:44:52,380 [Worker-25] WARN  o.e.m.c.i.embedder.EclipseLogger - Using platform encoding (Cp1252 actually) to copy filtered resources, i.e. build is platform dependent!
2025-11-16 22:44:52,381 [Worker-25] INFO  o.e.m.c.i.embedder.EclipseLogger - Copying 0 resource
2025-11-16 22:44:52,382 [Worker-25] WARN  o.e.m.c.i.embedder.EclipseLogger - Using platform encoding (Cp1252 actually) to copy filtered resources, i.e. build is platform dependent!
2025-11-16 22:44:52,383 [Worker-25] INFO  o.e.m.c.i.embedder.EclipseLogger - skip non existing resourceDirectory D:\Code\SpringMVC\MVCData\src\test\resources
2025-11-16 22:45:24,670 [Worker-28] WARN  o.e.m.c.i.embedder.EclipseLogger - Using platform encoding (Cp1252 actually) to copy filtered resources, i.e. build is platform dependent!
2025-11-16 22:45:24,671 [Worker-28] INFO  o.e.m.c.i.embedder.EclipseLogger - Copying 0 resource
2025-11-16 22:45:24,673 [Worker-28] WARN  o.e.m.c.i.embedder.EclipseLogger - Using platform encoding (Cp1252 actually) to copy filtered resources, i.e. build is platform dependent!
2025-11-16 22:45:24,674 [Worker-28] INFO  o.e.m.c.i.embedder.EclipseLogger - skip non existing resourceDirectory D:\Code\SpringMVC\MVCData\src\test\resources
2025-11-16 22:46:12,090 [Worker-26] WARN  o.e.m.c.i.embedder.EclipseLogger - Using platform encoding (Cp1252 actually) to copy filtered resources, i.e. build is platform dependent!
2025-11-16 22:46:12,092 [Worker-26] INFO  o.e.m.c.i.embedder.EclipseLogger - Copying 0 resource
2025-11-16 22:46:12,093 [Worker-26] WARN  o.e.m.c.i.embedder.EclipseLogger - Using platform encoding (Cp1252 actually) to copy filtered resources, i.e. build is platform dependent!
2025-11-16 22:46:12,094 [Worker-26] INFO  o.e.m.c.i.embedder.EclipseLogger - skip non existing resourceDirectory D:\Code\SpringMVC\MVCData\src\test\resources
2025-11-16 22:46:34,950 [Worker-30] WARN  o.e.m.c.i.embedder.EclipseLogger - Using platform encoding (Cp1252 actually) to copy filtered resources, i.e. build is platform dependent!
2025-11-16 22:46:34,951 [Worker-30] INFO  o.e.m.c.i.embedder.EclipseLogger - Copying 0 resource
2025-11-16 22:46:34,954 [Worker-30] WARN  o.e.m.c.i.embedder.EclipseLogger - Using platform encoding (Cp1252 actually) to copy filtered resources, i.e. build is platform dependent!
2025-11-16 22:46:34,955 [Worker-30] INFO  o.e.m.c.i.embedder.EclipseLogger - skip non existing resourceDirectory D:\Code\SpringMVC\MVCData\src\test\resources
2025-11-16 22:54:19,882 [Worker-27] WARN  o.e.m.c.i.embedder.EclipseLogger - Using platform encoding (Cp1252 actually) to copy filtered resources, i.e. build is platform dependent!
2025-11-16 22:54:19,883 [Worker-27] INFO  o.e.m.c.i.embedder.EclipseLogger - Copying 0 resource
2025-11-16 22:54:19,885 [Worker-27] WARN  o.e.m.c.i.embedder.EclipseLogger - Using platform encoding (Cp1252 actually) to copy filtered resources, i.e. build is platform dependent!
2025-11-16 22:54:19,886 [Worker-27] INFO  o.e.m.c.i.embedder.EclipseLogger - skip non existing resourceDirectory D:\Code\SpringMVC\MVCData\src\test\resources
2025-11-16 22:55:21,096 [Worker-27] WARN  o.e.m.c.i.embedder.EclipseLogger - Using platform encoding (Cp1252 actually) to copy filtered resources, i.e. build is platform dependent!
2025-11-16 22:55:21,098 [Worker-27] INFO  o.e.m.c.i.embedder.EclipseLogger - Copying 0 resource
2025-11-16 22:55:21,099 [Worker-27] WARN  o.e.m.c.i.embedder.EclipseLogger - Using platform encoding (Cp1252 actually) to copy filtered resources, i.e. build is platform dependent!
2025-11-16 22:55:21,108 [Worker-27] INFO  o.e.m.c.i.embedder.EclipseLogger - skip non existing resourceDirectory D:\Code\SpringMVC\MVCData\src\test\resources
2025-11-16 23:00:18,118 [Worker-33] WARN  o.e.m.c.i.embedder.EclipseLogger - Using platform encoding (Cp1252 actually) to copy filtered resources, i.e. build is platform dependent!
2025-11-16 23:00:18,119 [Worker-33] INFO  o.e.m.c.i.embedder.EclipseLogger - Copying 0 resource
2025-11-16 23:00:18,120 [Worker-33] WARN  o.e.m.c.i.embedder.EclipseLogger - Using platform encoding (Cp1252 actually) to copy filtered resources, i.e. build is platform dependent!
2025-11-16 23:00:18,121 [Worker-33] INFO  o.e.m.c.i.embedder.EclipseLogger - skip non existing resourceDirectory D:\Code\SpringMVC\MVCData\src\test\resources
2025-11-16 23:08:06,316 [Worker-35] WARN  o.e.m.c.i.embedder.EclipseLogger - Using platform encoding (Cp1252 actually) to copy filtered resources, i.e. build is platform dependent!
2025-11-16 23:08:06,316 [Worker-35] INFO  o.e.m.c.i.embedder.EclipseLogger - Copying 0 resource
2025-11-16 23:08:06,318 [Worker-35] WARN  o.e.m.c.i.embedder.EclipseLogger - Using platform encoding (Cp1252 actually) to copy filtered resources, i.e. build is platform dependent!
2025-11-16 23:08:06,327 [Worker-35] INFO  o.e.m.c.i.embedder.EclipseLogger - skip non existing resourceDirectory D:\Code\SpringMVC\MVCData\src\test\resources
2025-11-16 23:12:54,157 [Worker-33] WARN  o.e.m.c.i.embedder.EclipseLogger - Using platform encoding (Cp1252 actually) to copy filtered resources, i.e. build is platform dependent!
2025-11-16 23:12:54,159 [Worker-33] INFO  o.e.m.c.i.embedder.EclipseLogger - Copying 0 resource
2025-11-16 23:12:54,159 [Worker-33] WARN  o.e.m.c.i.embedder.EclipseLogger - Using platform encoding (Cp1252 actually) to copy filtered resources, i.e. build is platform dependent!
2025-11-16 23:12:54,162 [Worker-33] INFO  o.e.m.c.i.embedder.EclipseLogger - skip non existing resourceDirectory D:\Code\SpringMVC\MVCData\src\test\resources
2025-11-16 23:13:39,652 [Worker-33] WARN  o.e.m.c.i.embedder.EclipseLogger - Using platform encoding (Cp1252 actually) to copy filtered resources, i.e. build is platform dependent!
2025-11-16 23:13:39,654 [Worker-33] INFO  o.e.m.c.i.embedder.EclipseLogger - Copying 0 resource
2025-11-16 23:13:39,654 [Worker-33] WARN  o.e.m.c.i.embedder.EclipseLogger - Using platform encoding (Cp1252 actually) to copy filtered resources, i.e. build is platform dependent!
2025-11-16 23:13:39,658 [Worker-33] INFO  o.e.m.c.i.embedder.EclipseLogger - skip non existing resourceDirectory D:\Code\SpringMVC\MVCData\src\test\resources
2025-11-16 23:14:47,611 [Worker-35] WARN  o.e.m.c.i.embedder.EclipseLogger - Using platform encoding (Cp1252 actually) to copy filtered resources, i.e. build is platform dependent!
2025-11-16 23:14:47,615 [Worker-35] INFO  o.e.m.c.i.embedder.EclipseLogger - Copying 0 resource
2025-11-16 23:14:47,617 [Worker-35] WARN  o.e.m.c.i.embedder.EclipseLogger - Using platform encoding (Cp1252 actually) to copy filtered resources, i.e. build is platform dependent!
2025-11-16 23:14:47,619 [Worker-35] INFO  o.e.m.c.i.embedder.EclipseLogger - skip non existing resourceDirectory D:\Code\SpringMVC\MVCData\src\test\resources
2025-11-16 23:16:35,151 [Worker-27] WARN  o.e.m.c.i.embedder.EclipseLogger - Using platform encoding (Cp1252 actually) to copy filtered resources, i.e. build is platform dependent!
2025-11-16 23:16:35,163 [Worker-27] INFO  o.e.m.c.i.embedder.EclipseLogger - Copying 0 resource
2025-11-16 23:16:35,165 [Worker-27] WARN  o.e.m.c.i.embedder.EclipseLogger - Using platform encoding (Cp1252 actually) to copy filtered resources, i.e. build is platform dependent!
2025-11-16 23:16:35,168 [Worker-27] INFO  o.e.m.c.i.embedder.EclipseLogger - skip non existing resourceDirectory D:\Code\SpringMVC\MVCData\src\test\resources
2025-11-16 23:21:59,068 [Worker-27] WARN  o.e.m.c.i.embedder.EclipseLogger - Using platform encoding (Cp1252 actually) to copy filtered resources, i.e. build is platform dependent!
2025-11-16 23:21:59,068 [Worker-27] INFO  o.e.m.c.i.embedder.EclipseLogger - Copying 0 resource
2025-11-16 23:21:59,072 [Worker-27] WARN  o.e.m.c.i.embedder.EclipseLogger - Using platform encoding (Cp1252 actually) to copy filtered resources, i.e. build is platform dependent!
2025-11-16 23:21:59,072 [Worker-27] INFO  o.e.m.c.i.embedder.EclipseLogger - skip non existing resourceDirectory D:\Code\SpringMVC\MVCData\src\test\resources
2025-11-16 23:22:18,322 [Worker-33] WARN  o.e.m.c.i.embedder.EclipseLogger - Using platform encoding (Cp1252 actually) to copy filtered resources, i.e. build is platform dependent!
2025-11-16 23:22:18,324 [Worker-33] INFO  o.e.m.c.i.embedder.EclipseLogger - Copying 0 resource
2025-11-16 23:22:18,326 [Worker-33] WARN  o.e.m.c.i.embedder.EclipseLogger - Using platform encoding (Cp1252 actually) to copy filtered resources, i.e. build is platform dependent!
2025-11-16 23:22:18,328 [Worker-33] INFO  o.e.m.c.i.embedder.EclipseLogger - skip non existing resourceDirectory D:\Code\SpringMVC\MVCData\src\test\resources
2025-11-16 23:22:29,874 [Worker-44] WARN  o.e.m.c.i.embedder.EclipseLogger - Using platform encoding (Cp1252 actually) to copy filtered resources, i.e. build is platform dependent!
2025-11-16 23:22:29,874 [Worker-44] INFO  o.e.m.c.i.embedder.EclipseLogger - Copying 0 resource
2025-11-16 23:22:29,874 [Worker-44] WARN  o.e.m.c.i.embedder.EclipseLogger - Using platform encoding (Cp1252 actually) to copy filtered resources, i.e. build is platform dependent!
2025-11-16 23:22:29,878 [Worker-44] INFO  o.e.m.c.i.embedder.EclipseLogger - skip non existing resourceDirectory D:\Code\SpringMVC\MVCData\src\test\resources
2025-11-16 23:22:55,970 [Worker-27] WARN  o.e.m.c.i.embedder.EclipseLogger - Using platform encoding (Cp1252 actually) to copy filtered resources, i.e. build is platform dependent!
2025-11-16 23:22:55,973 [Worker-27] INFO  o.e.m.c.i.embedder.EclipseLogger - Copying 0 resource
2025-11-16 23:22:55,977 [Worker-27] WARN  o.e.m.c.i.embedder.EclipseLogger - Using platform encoding (Cp1252 actually) to copy filtered resources, i.e. build is platform dependent!
2025-11-16 23:22:55,980 [Worker-27] INFO  o.e.m.c.i.embedder.EclipseLogger - skip non existing resourceDirectory D:\Code\SpringMVC\MVCData\src\test\resources
2025-11-16 23:27:34,264 [Worker-33] WARN  o.e.m.c.i.embedder.EclipseLogger - Using platform encoding (Cp1252 actually) to copy filtered resources, i.e. build is platform dependent!
2025-11-16 23:27:34,264 [Worker-33] INFO  o.e.m.c.i.embedder.EclipseLogger - Copying 0 resource
2025-11-16 23:27:34,264 [Worker-33] WARN  o.e.m.c.i.embedder.EclipseLogger - Using platform encoding (Cp1252 actually) to copy filtered resources, i.e. build is platform dependent!
2025-11-16 23:27:34,264 [Worker-33] INFO  o.e.m.c.i.embedder.EclipseLogger - skip non existing resourceDirectory D:\Code\SpringMVC\MVCData\src\test\resources
2025-11-16 23:32:09,959 [Worker-51] WARN  o.e.m.c.i.embedder.EclipseLogger - Using platform encoding (Cp1252 actually) to copy filtered resources, i.e. build is platform dependent!
2025-11-16 23:32:09,963 [Worker-51] INFO  o.e.m.c.i.embedder.EclipseLogger - Copying 0 resource
2025-11-16 23:32:09,965 [Worker-51] WARN  o.e.m.c.i.embedder.EclipseLogger - Using platform encoding (Cp1252 actually) to copy filtered resources, i.e. build is platform dependent!
2025-11-16 23:32:09,968 [Worker-51] INFO  o.e.m.c.i.embedder.EclipseLogger - skip non existing resourceDirectory D:\Code\SpringMVC\MVCData\src\test\resources
2025-11-16 23:45:24,695 [Worker-50] WARN  o.e.m.c.i.embedder.EclipseLogger - Using platform encoding (Cp1252 actually) to copy filtered resources, i.e. build is platform dependent!
2025-11-16 23:45:24,695 [Worker-50] INFO  o.e.m.c.i.embedder.EclipseLogger - Copying 0 resource
2025-11-16 23:45:24,708 [Worker-50] WARN  o.e.m.c.i.embedder.EclipseLogger - Using platform encoding (Cp1252 actually) to copy filtered resources, i.e. build is platform dependent!
2025-11-16 23:45:24,708 [Worker-50] INFO  o.e.m.c.i.embedder.EclipseLogger - skip non existing resourceDirectory D:\Code\SpringMVC\MVCData\src\test\resources
2025-11-17 21:37:31,869 [Worker-8] WARN  o.e.m.c.i.embedder.EclipseLogger - Using platform encoding (Cp1252 actually) to copy filtered resources, i.e. build is platform dependent!
2025-11-17 21:37:31,893 [Worker-8] INFO  o.e.m.c.i.embedder.EclipseLogger - Copying 0 resource
2025-11-17 21:37:31,900 [Worker-8] WARN  o.e.m.c.i.embedder.EclipseLogger - Using platform encoding (Cp1252 actually) to copy filtered resources, i.e. build is platform dependent!
2025-11-17 21:37:31,902 [Worker-8] INFO  o.e.m.c.i.embedder.EclipseLogger - skip non existing resourceDirectory D:\Code\SpringMVC\MVCData\src\test\resources
2025-11-17 21:37:39,243 [Worker-11] WARN  o.e.m.c.i.embedder.EclipseLogger - Using platform encoding (Cp1252 actually) to copy filtered resources, i.e. build is platform dependent!
2025-11-17 21:37:39,249 [Worker-11] INFO  o.e.m.c.i.embedder.EclipseLogger - Copying 0 resource
2025-11-17 21:37:39,253 [Worker-11] WARN  o.e.m.c.i.embedder.EclipseLogger - Using platform encoding (Cp1252 actually) to copy filtered resources, i.e. build is platform dependent!
2025-11-17 21:37:39,255 [Worker-11] INFO  o.e.m.c.i.embedder.EclipseLogger - skip non existing resourceDirectory D:\Code\SpringMVC\MVCproject\src\test\resources
2025-11-17 21:38:10,668 [Worker-15] WARN  o.e.m.c.i.embedder.EclipseLogger - Using platform encoding (Cp1252 actually) to copy filtered resources, i.e. build is platform dependent!
2025-11-17 21:38:10,679 [Worker-15] INFO  o.e.m.c.i.embedder.EclipseLogger - Copying 0 resource
2025-11-17 21:38:10,680 [Worker-15] WARN  o.e.m.c.i.embedder.EclipseLogger - Using platform encoding (Cp1252 actually) to copy filtered resources, i.e. build is platform dependent!
2025-11-17 21:38:10,681 [Worker-15] INFO  o.e.m.c.i.embedder.EclipseLogger - skip non existing resourceDirectory D:\Code\SpringMVC\MVCData\src\test\resources
2025-11-17 21:50:13,887 [Worker-29] WARN  o.e.m.c.i.embedder.EclipseLogger - Using platform encoding (Cp1252 actually) to copy filtered resources, i.e. build is platform dependent!
2025-11-17 21:50:13,888 [Worker-29] INFO  o.e.m.c.i.embedder.EclipseLogger - Copying 0 resource
2025-11-17 21:50:13,889 [Worker-29] WARN  o.e.m.c.i.embedder.EclipseLogger - Using platform encoding (Cp1252 actually) to copy filtered resources, i.e. build is platform dependent!
2025-11-17 21:50:13,889 [Worker-29] INFO  o.e.m.c.i.embedder.EclipseLogger - skip non existing resourceDirectory D:\Code\SpringMVC\MVCData\src\test\resources
2025-11-17 21:50:13,903 [Worker-29] WARN  o.e.m.c.i.embedder.EclipseLogger - Using platform encoding (Cp1252 actually) to copy filtered resources, i.e. build is platform dependent!
2025-11-17 21:50:13,906 [Worker-29] INFO  o.e.m.c.i.embedder.EclipseLogger - Copying 0 resource
2025-11-17 21:50:13,908 [Worker-29] WARN  o.e.m.c.i.embedder.EclipseLogger - Using platform encoding (Cp1252 actually) to copy filtered resources, i.e. build is platform dependent!
2025-11-17 21:50:13,909 [Worker-29] INFO  o.e.m.c.i.embedder.EclipseLogger - skip non existing resourceDirectory D:\Code\SpringMVC\MVCproject\src\test\resources
2025-11-17 21:50:18,257 [Worker-31] WARN  o.e.m.c.i.embedder.EclipseLogger - Using platform encoding (Cp1252 actually) to copy filtered resources, i.e. build is platform dependent!
2025-11-17 21:50:18,258 [Worker-31] INFO  o.e.m.c.i.embedder.EclipseLogger - Copying 0 resource
2025-11-17 21:50:18,260 [Worker-31] WARN  o.e.m.c.i.embedder.EclipseLogger - Using platform encoding (Cp1252 actually) to copy filtered resources, i.e. build is platform dependent!
2025-11-17 21:50:18,261 [Worker-31] INFO  o.e.m.c.i.embedder.EclipseLogger - skip non existing resourceDirectory D:\Code\SpringMVC\MVCData\src\test\resources
2025-11-17 21:50:18,271 [Worker-31] WARN  o.e.m.c.i.embedder.EclipseLogger - Using platform encoding (Cp1252 actually) to copy filtered resources, i.e. build is platform dependent!
2025-11-17 21:50:18,272 [Worker-31] INFO  o.e.m.c.i.embedder.EclipseLogger - Copying 0 resource
2025-11-17 21:50:18,273 [Worker-31] WARN  o.e.m.c.i.embedder.EclipseLogger - Using platform encoding (Cp1252 actually) to copy filtered resources, i.e. build is platform dependent!
2025-11-17 21:50:18,274 [Worker-31] INFO  o.e.m.c.i.embedder.EclipseLogger - skip non existing resourceDirectory D:\Code\SpringMVC\MVCproject\src\test\resources
2025-11-17 21:50:29,814 [Worker-31] WARN  o.e.m.c.i.embedder.EclipseLogger - Using platform encoding (Cp1252 actually) to copy filtered resources, i.e. build is platform dependent!
2025-11-17 21:50:29,816 [Worker-31] INFO  o.e.m.c.i.embedder.EclipseLogger - Copying 0 resource
2025-11-17 21:50:29,818 [Worker-31] WARN  o.e.m.c.i.embedder.EclipseLogger - Using platform encoding (Cp1252 actually) to copy filtered resources, i.e. build is platform dependent!
2025-11-17 21:50:29,819 [Worker-31] INFO  o.e.m.c.i.embedder.EclipseLogger - skip non existing resourceDirectory D:\Code\SpringMVC\MVCData\src\test\resources
2025-11-17 21:50:40,236 [Worker-27] WARN  o.e.m.c.i.embedder.EclipseLogger - Using platform encoding (Cp1252 actually) to copy filtered resources, i.e. build is platform dependent!
2025-11-17 21:50:40,237 [Worker-27] INFO  o.e.m.c.i.embedder.EclipseLogger - Copying 0 resource
2025-11-17 21:50:40,239 [Worker-27] WARN  o.e.m.c.i.embedder.EclipseLogger - Using platform encoding (Cp1252 actually) to copy filtered resources, i.e. build is platform dependent!
2025-11-17 21:50:40,240 [Worker-27] INFO  o.e.m.c.i.embedder.EclipseLogger - skip non existing resourceDirectory D:\Code\SpringMVC\MVCData\src\test\resources
2025-11-17 21:50:48,424 [Worker-32] WARN  o.e.m.c.i.embedder.EclipseLogger - Using platform encoding (Cp1252 actually) to copy filtered resources, i.e. build is platform dependent!
2025-11-17 21:50:48,425 [Worker-32] INFO  o.e.m.c.i.embedder.EclipseLogger - Copying 0 resource
2025-11-17 21:50:48,427 [Worker-32] WARN  o.e.m.c.i.embedder.EclipseLogger - Using platform encoding (Cp1252 actually) to copy filtered resources, i.e. build is platform dependent!
2025-11-17 21:50:48,428 [Worker-32] INFO  o.e.m.c.i.embedder.EclipseLogger - skip non existing resourceDirectory D:\Code\SpringMVC\MVCData\src\test\resources
2025-11-17 21:51:59,599 [Worker-29] INFO  o.e.m.c.i.p.ProjectConfigurationManager - Update started
2025-11-17 21:52:04,212 [Worker-29] INFO  o.e.m.c.i.l.LifecycleMappingFactory - Using org.maven.ide.eclipse.wtp.WarLifecycleMapping lifecycle mapping for MavenProject: MVCData:MVCData:0.0.1-SNAPSHOT @ D:\Code\SpringMVC\MVCData\pom.xml.
2025-11-17 21:52:04,369 [Worker-29] INFO  o.e.m.c.i.l.LifecycleMappingFactory - Using org.maven.ide.eclipse.wtp.WarLifecycleMapping lifecycle mapping for MavenProject: MVCproject:MVCproject:0.0.1-SNAPSHOT @ D:\Code\SpringMVC\MVCproject\pom.xml.
2025-11-17 21:52:05,292 [Worker-29] INFO  o.e.m.j.i.AbstractJavaProjectConfigurator - Adding source folder /MVCData/src/main/java
2025-11-17 21:52:05,292 [Worker-29] INFO  o.e.m.j.i.AbstractJavaProjectConfigurator - Adding resource folder /MVCData/src/main/resources
2025-11-17 21:52:05,293 [Worker-29] INFO  o.e.m.j.i.AbstractJavaProjectConfigurator - Adding source folder /MVCData/src/test/java
2025-11-17 21:52:06,407 [Worker-29] INFO  o.e.m.w.i.f.ResourceFilteringBuildParticipant - Cleaning filtered folder for MVCData
2025-11-17 21:52:06,412 [Worker-29] INFO  o.e.m.c.i.p.ProjectConfigurationManager - Update completed: 6 sec
2025-11-17 21:52:06,825 [Worker-32] WARN  o.e.m.c.i.embedder.EclipseLogger - Using platform encoding (Cp1252 actually) to copy filtered resources, i.e. build is platform dependent!
2025-11-17 21:52:06,826 [Worker-32] INFO  o.e.m.c.i.embedder.EclipseLogger - Copying 0 resource
2025-11-17 21:52:06,829 [Worker-32] WARN  o.e.m.c.i.embedder.EclipseLogger - Using platform encoding (Cp1252 actually) to copy filtered resources, i.e. build is platform dependent!
2025-11-17 21:52:06,830 [Worker-32] INFO  o.e.m.c.i.embedder.EclipseLogger - skip non existing resourceDirectory D:\Code\SpringMVC\MVCData\src\test\resources
2025-11-17 21:52:06,831 [Worker-32] INFO  o.e.m.w.i.f.ResourceFilteringBuildParticipant - Changed resources require a complete clean of filtered resources of MVCData
2025-11-17 21:52:06,832 [Worker-32] INFO  o.e.m.w.i.f.ResourceFilteringBuildParticipant - Executing resource filtering for MVCData
2025-11-17 21:52:06,837 [Worker-32] WARN  o.e.m.c.i.embedder.EclipseLogger - Using platform encoding (Cp1252 actually) to copy filtered resources, i.e. build is platform dependent!
2025-11-17 21:52:07,158 [Worker-36] WARN  o.e.m.c.i.embedder.EclipseLogger - Using platform encoding (Cp1252 actually) to copy filtered resources, i.e. build is platform dependent!
2025-11-17 21:52:07,160 [Worker-36] INFO  o.e.m.c.i.embedder.EclipseLogger - Copying 0 resource
2025-11-17 21:52:07,162 [Worker-36] WARN  o.e.m.c.i.embedder.EclipseLogger - Using platform encoding (Cp1252 actually) to copy filtered resources, i.e. build is platform dependent!
2025-11-17 21:52:07,163 [Worker-36] INFO  o.e.m.c.i.embedder.EclipseLogger - skip non existing resourceDirectory D:\Code\SpringMVC\MVCproject\src\test\resources
2025-11-17 21:54:57,587 [Worker-38] WARN  o.e.m.c.i.embedder.EclipseLogger - Using platform encoding (Cp1252 actually) to copy filtered resources, i.e. build is platform dependent!
2025-11-17 21:54:57,588 [Worker-38] INFO  o.e.m.c.i.embedder.EclipseLogger - Copying 0 resource
2025-11-17 21:54:57,590 [Worker-38] WARN  o.e.m.c.i.embedder.EclipseLogger - Using platform encoding (Cp1252 actually) to copy filtered resources, i.e. build is platform dependent!
2025-11-17 21:54:57,592 [Worker-38] INFO  o.e.m.c.i.embedder.EclipseLogger - skip non existing resourceDirectory D:\Code\SpringMVC\MVCData\src\test\resources
2025-11-17 21:59:01,481 [Worker-37] WARN  o.e.r.models.ModelRepository - Failed to download org.eclipse.recommenders:index::zip:0.0.0
org.eclipse.aether.resolution.ArtifactResolutionException: Could not find artifact org.eclipse.recommenders:index:zip:0.0.0-SNAPSHOT in models (http://download.eclipse.org/recommenders/models/neon/)
	at org.eclipse.aether.internal.impl.DefaultArtifactResolver.resolve(DefaultArtifactResolver.java:444) ~[na:na]
	at org.eclipse.aether.internal.impl.DefaultArtifactResolver.resolveArtifacts(DefaultArtifactResolver.java:246) ~[na:na]
	at org.eclipse.aether.internal.impl.DefaultArtifactResolver.resolveArtifact(DefaultArtifactResolver.java:223) ~[na:na]
	at org.eclipse.aether.internal.impl.DefaultRepositorySystem.resolveArtifact(DefaultRepositorySystem.java:294) ~[na:na]
	at org.eclipse.recommenders.models.ModelRepository.resolveInternal(ModelRepository.java:193) [org.eclipse.recommenders.models_2.4.6.v20170307-1041.jar:na]
	at org.eclipse.recommenders.models.ModelRepository.resolve(ModelRepository.java:172) [org.eclipse.recommenders.models_2.4.6.v20170307-1041.jar:na]
	at org.eclipse.recommenders.internal.models.rcp.EclipseModelRepository.resolve(EclipseModelRepository.java:169) [org.eclipse.recommenders.models.rcp_2.4.6.v20170307-1041.jar:na]
	at org.eclipse.recommenders.internal.models.rcp.DownloadModelArchiveJob.run(DownloadModelArchiveJob.java:76) [org.eclipse.recommenders.models.rcp_2.4.6.v20170307-1041.jar:na]
	at org.eclipse.core.internal.jobs.Worker.run(Worker.java:55) [org.eclipse.core.jobs_3.8.0.v20160509-0411.jar:na]
Caused by: org.eclipse.aether.transfer.ArtifactNotFoundException: Could not find artifact org.eclipse.recommenders:index:zip:0.0.0-SNAPSHOT in models (http://download.eclipse.org/recommenders/models/neon/)
	at org.eclipse.aether.connector.basic.ArtifactTransportListener.transferFailed(ArtifactTransportListener.java:39) ~[org.eclipse.aether.connector.basic_1.0.1.v20141111.jar:na]
	at org.eclipse.aether.connector.basic.BasicRepositoryConnector$TaskRunner.run(BasicRepositoryConnector.java:355) ~[org.eclipse.aether.connector.basic_1.0.1.v20141111.jar:na]
	at org.eclipse.aether.util.concurrency.RunnableErrorForwarder$1.run(RunnableErrorForwarder.java:67) ~[na:na]
	at org.eclipse.aether.connector.basic.BasicRepositoryConnector$DirectExecutor.execute(BasicRepositoryConnector.java:581) ~[org.eclipse.aether.connector.basic_1.0.1.v20141111.jar:na]
	at org.eclipse.aether.connector.basic.BasicRepositoryConnector.get(BasicRepositoryConnector.java:249) ~[org.eclipse.aether.connector.basic_1.0.1.v20141111.jar:na]
	at org.eclipse.aether.internal.impl.DefaultArtifactResolver.performDownloads(DefaultArtifactResolver.java:520) ~[na:na]
	at org.eclipse.aether.internal.impl.DefaultArtifactResolver.resolve(DefaultArtifactResolver.java:421) ~[na:na]
	... 8 common frames omitted
2025-11-17 22:01:31,199 [Worker-29] WARN  o.e.m.c.i.embedder.EclipseLogger - Using platform encoding (Cp1252 actually) to copy filtered resources, i.e. build is platform dependent!
2025-11-17 22:01:31,200 [Worker-29] INFO  o.e.m.c.i.embedder.EclipseLogger - Copying 0 resource
2025-11-17 22:01:31,201 [Worker-29] WARN  o.e.m.c.i.embedder.EclipseLogger - Using platform encoding (Cp1252 actually) to copy filtered resources, i.e. build is platform dependent!
2025-11-17 22:01:31,202 [Worker-29] INFO  o.e.m.c.i.embedder.EclipseLogger - skip non existing resourceDirectory D:\Code\SpringMVC\MVCData\src\test\resources
2025-11-17 22:04:18,779 [Worker-31] WARN  o.e.m.c.i.embedder.EclipseLogger - Using platform encoding (Cp1252 actually) to copy filtered resources, i.e. build is platform dependent!
2025-11-17 22:04:18,785 [Worker-31] INFO  o.e.m.c.i.embedder.EclipseLogger - Copying 0 resource
2025-11-17 22:04:18,787 [Worker-31] WARN  o.e.m.c.i.embedder.EclipseLogger - Using platform encoding (Cp1252 actually) to copy filtered resources, i.e. build is platform dependent!
2025-11-17 22:04:18,787 [Worker-31] INFO  o.e.m.c.i.embedder.EclipseLogger - skip non existing resourceDirectory D:\Code\SpringMVC\MVCData\src\test\resources
2025-11-17 22:07:13,155 [Worker-41] WARN  o.e.m.c.i.embedder.EclipseLogger - Using platform encoding (Cp1252 actually) to copy filtered resources, i.e. build is platform dependent!
2025-11-17 22:07:13,156 [Worker-41] INFO  o.e.m.c.i.embedder.EclipseLogger - Copying 0 resource
2025-11-17 22:07:13,158 [Worker-41] WARN  o.e.m.c.i.embedder.EclipseLogger - Using platform encoding (Cp1252 actually) to copy filtered resources, i.e. build is platform dependent!
2025-11-17 22:07:13,158 [Worker-41] INFO  o.e.m.c.i.embedder.EclipseLogger - skip non existing resourceDirectory D:\Code\SpringMVC\MVCData\src\test\resources
2025-11-17 22:14:07,304 [Worker-45] WARN  o.e.m.c.i.embedder.EclipseLogger - Using platform encoding (Cp1252 actually) to copy filtered resources, i.e. build is platform dependent!
2025-11-17 22:14:07,304 [Worker-45] INFO  o.e.m.c.i.embedder.EclipseLogger - Copying 0 resource
2025-11-17 22:14:07,304 [Worker-45] WARN  o.e.m.c.i.embedder.EclipseLogger - Using platform encoding (Cp1252 actually) to copy filtered resources, i.e. build is platform dependent!
2025-11-17 22:14:07,304 [Worker-45] INFO  o.e.m.c.i.embedder.EclipseLogger - skip non existing resourceDirectory D:\Code\SpringMVC\MVCData\src\test\resources
2025-11-17 22:17:38,419 [Worker-43] WARN  o.e.m.c.i.embedder.EclipseLogger - Using platform encoding (Cp1252 actually) to copy filtered resources, i.e. build is platform dependent!
2025-11-17 22:17:38,419 [Worker-43] INFO  o.e.m.c.i.embedder.EclipseLogger - Copying 0 resource
2025-11-17 22:17:38,419 [Worker-43] WARN  o.e.m.c.i.embedder.EclipseLogger - Using platform encoding (Cp1252 actually) to copy filtered resources, i.e. build is platform dependent!
2025-11-17 22:17:38,419 [Worker-43] INFO  o.e.m.c.i.embedder.EclipseLogger - skip non existing resourceDirectory D:\Code\SpringMVC\MVCData\src\test\resources
2025-11-17 22:25:17,200 [Worker-49] WARN  o.e.m.c.i.embedder.EclipseLogger - Using platform encoding (Cp1252 actually) to copy filtered resources, i.e. build is platform dependent!
2025-11-17 22:25:17,200 [Worker-49] INFO  o.e.m.c.i.embedder.EclipseLogger - Copying 0 resource
2025-11-17 22:25:17,202 [Worker-49] WARN  o.e.m.c.i.embedder.EclipseLogger - Using platform encoding (Cp1252 actually) to copy filtered resources, i.e. build is platform dependent!
2025-11-17 22:25:17,202 [Worker-49] INFO  o.e.m.c.i.embedder.EclipseLogger - skip non existing resourceDirectory D:\Code\SpringMVC\MVCData\src\test\resources
2025-11-17 23:17:19,277 [Worker-66] WARN  o.e.m.c.i.embedder.EclipseLogger - Using platform encoding (Cp1252 actually) to copy filtered resources, i.e. build is platform dependent!
2025-11-17 23:17:19,291 [Worker-66] INFO  o.e.m.c.i.embedder.EclipseLogger - Copying 0 resource
2025-11-17 23:17:19,291 [Worker-66] WARN  o.e.m.c.i.embedder.EclipseLogger - Using platform encoding (Cp1252 actually) to copy filtered resources, i.e. build is platform dependent!
2025-11-17 23:17:19,293 [Worker-66] INFO  o.e.m.c.i.embedder.EclipseLogger - skip non existing resourceDirectory D:\Code\SpringMVC\MVCData\src\test\resources
2025-11-17 23:20:15,037 [Worker-66] WARN  o.e.m.c.i.embedder.EclipseLogger - Using platform encoding (Cp1252 actually) to copy filtered resources, i.e. build is platform dependent!
2025-11-17 23:20:15,037 [Worker-66] INFO  o.e.m.c.i.embedder.EclipseLogger - Copying 0 resource
2025-11-17 23:20:15,039 [Worker-66] WARN  o.e.m.c.i.embedder.EclipseLogger - Using platform encoding (Cp1252 actually) to copy filtered resources, i.e. build is platform dependent!
2025-11-17 23:20:15,039 [Worker-66] INFO  o.e.m.c.i.embedder.EclipseLogger - skip non existing resourceDirectory D:\Code\SpringMVC\MVCData\src\test\resources
2025-11-17 23:20:50,561 [Worker-74] WARN  o.e.m.c.i.embedder.EclipseLogger - Using platform encoding (Cp1252 actually) to copy filtered resources, i.e. build is platform dependent!
2025-11-17 23:20:50,562 [Worker-74] INFO  o.e.m.c.i.embedder.EclipseLogger - Copying 0 resource
2025-11-17 23:20:50,562 [Worker-74] WARN  o.e.m.c.i.embedder.EclipseLogger - Using platform encoding (Cp1252 actually) to copy filtered resources, i.e. build is platform dependent!
2025-11-17 23:20:50,562 [Worker-74] INFO  o.e.m.c.i.embedder.EclipseLogger - skip non existing resourceDirectory D:\Code\SpringMVC\MVCData\src\test\resources
2025-11-17 23:24:14,574 [Worker-75] WARN  o.e.m.c.i.embedder.EclipseLogger - Using platform encoding (Cp1252 actually) to copy filtered resources, i.e. build is platform dependent!
2025-11-17 23:24:14,574 [Worker-75] INFO  o.e.m.c.i.embedder.EclipseLogger - Copying 0 resource
2025-11-17 23:24:14,574 [Worker-75] WARN  o.e.m.c.i.embedder.EclipseLogger - Using platform encoding (Cp1252 actually) to copy filtered resources, i.e. build is platform dependent!
2025-11-17 23:24:14,574 [Worker-75] INFO  o.e.m.c.i.embedder.EclipseLogger - skip non existing resourceDirectory D:\Code\SpringMVC\MVCData\src\test\resources
2025-11-18 22:19:17,072 [Worker-6] WARN  o.e.m.c.i.embedder.EclipseLogger - Using platform encoding (Cp1252 actually) to copy filtered resources, i.e. build is platform dependent!
2025-11-18 22:19:17,082 [Worker-6] INFO  o.e.m.c.i.embedder.EclipseLogger - Copying 0 resource
2025-11-18 22:19:17,085 [Worker-6] WARN  o.e.m.c.i.embedder.EclipseLogger - Using platform encoding (Cp1252 actually) to copy filtered resources, i.e. build is platform dependent!
2025-11-18 22:19:17,086 [Worker-6] INFO  o.e.m.c.i.embedder.EclipseLogger - skip non existing resourceDirectory D:\Code\SpringMVC\MVCData\src\test\resources
2025-11-18 22:19:20,101 [Worker-9] WARN  o.e.m.c.i.embedder.EclipseLogger - Using platform encoding (Cp1252 actually) to copy filtered resources, i.e. build is platform dependent!
2025-11-18 22:19:20,102 [Worker-9] INFO  o.e.m.c.i.embedder.EclipseLogger - Copying 0 resource
2025-11-18 22:19:20,104 [Worker-9] WARN  o.e.m.c.i.embedder.EclipseLogger - Using platform encoding (Cp1252 actually) to copy filtered resources, i.e. build is platform dependent!
2025-11-18 22:19:20,105 [Worker-9] INFO  o.e.m.c.i.embedder.EclipseLogger - skip non existing resourceDirectory D:\Code\SpringMVC\MVCproject\src\test\resources
2025-11-18 22:31:47,487 [Worker-6] WARN  o.e.m.c.i.embedder.EclipseLogger - Using platform encoding (Cp1252 actually) to copy filtered resources, i.e. build is platform dependent!
2025-11-18 22:31:47,493 [Worker-6] INFO  o.e.m.c.i.embedder.EclipseLogger - Copying 0 resource
2025-11-18 22:31:47,497 [Worker-6] WARN  o.e.m.c.i.embedder.EclipseLogger - Using platform encoding (Cp1252 actually) to copy filtered resources, i.e. build is platform dependent!
2025-11-18 22:31:47,497 [Worker-6] INFO  o.e.m.c.i.embedder.EclipseLogger - skip non existing resourceDirectory D:\Code\SpringMVC\MVCData\src\test\resources
2025-11-18 22:31:48,061 [Worker-6] WARN  o.e.m.c.i.embedder.EclipseLogger - Using platform encoding (Cp1252 actually) to copy filtered resources, i.e. build is platform dependent!
2025-11-18 22:31:48,061 [Worker-6] INFO  o.e.m.c.i.embedder.EclipseLogger - Copying 0 resource
2025-11-18 22:31:48,063 [Worker-6] WARN  o.e.m.c.i.embedder.EclipseLogger - Using platform encoding (Cp1252 actually) to copy filtered resources, i.e. build is platform dependent!
2025-11-18 22:31:48,065 [Worker-6] INFO  o.e.m.c.i.embedder.EclipseLogger - skip non existing resourceDirectory D:\Code\SpringMVC\MVCproject\src\test\resources
2025-11-18 22:36:48,701 [Worker-22] WARN  o.e.m.c.i.embedder.EclipseLogger - Using platform encoding (Cp1252 actually) to copy filtered resources, i.e. build is platform dependent!
2025-11-18 22:36:48,705 [Worker-22] INFO  o.e.m.c.i.embedder.EclipseLogger - Copying 0 resource
2025-11-18 22:36:48,708 [Worker-22] WARN  o.e.m.c.i.embedder.EclipseLogger - Using platform encoding (Cp1252 actually) to copy filtered resources, i.e. build is platform dependent!
2025-11-18 22:36:48,708 [Worker-22] INFO  o.e.m.c.i.embedder.EclipseLogger - skip non existing resourceDirectory D:\Code\SpringMVC\MVCData\src\test\resources
2025-11-18 22:38:49,461 [Worker-21] WARN  o.e.m.c.i.embedder.EclipseLogger - Using platform encoding (Cp1252 actually) to copy filtered resources, i.e. build is platform dependent!
2025-11-18 22:38:49,463 [Worker-21] INFO  o.e.m.c.i.embedder.EclipseLogger - Copying 0 resource
2025-11-18 22:38:49,463 [Worker-21] WARN  o.e.m.c.i.embedder.EclipseLogger - Using platform encoding (Cp1252 actually) to copy filtered resources, i.e. build is platform dependent!
2025-11-18 22:38:49,463 [Worker-21] INFO  o.e.m.c.i.embedder.EclipseLogger - skip non existing resourceDirectory D:\Code\SpringMVC\MVCData\src\test\resources
2025-11-18 22:39:48,403 [Worker-23] WARN  o.e.m.c.i.embedder.EclipseLogger - Using platform encoding (Cp1252 actually) to copy filtered resources, i.e. build is platform dependent!
2025-11-18 22:39:49,256 [Worker-23] INFO  o.e.m.c.i.embedder.EclipseLogger - Copying 0 resource
2025-11-18 22:39:49,256 [Worker-23] WARN  o.e.m.c.i.embedder.EclipseLogger - Using platform encoding (Cp1252 actually) to copy filtered resources, i.e. build is platform dependent!
2025-11-18 22:39:49,271 [Worker-23] INFO  o.e.m.c.i.embedder.EclipseLogger - skip non existing resourceDirectory D:\Code\SpringMVC\MVCData\src\test\resources
2025-11-18 22:43:15,788 [Worker-26] WARN  o.e.m.c.i.embedder.EclipseLogger - Using platform encoding (Cp1252 actually) to copy filtered resources, i.e. build is platform dependent!
2025-11-18 22:43:15,790 [Worker-26] INFO  o.e.m.c.i.embedder.EclipseLogger - Copying 0 resource
2025-11-18 22:43:15,792 [Worker-26] WARN  o.e.m.c.i.embedder.EclipseLogger - Using platform encoding (Cp1252 actually) to copy filtered resources, i.e. build is platform dependent!
2025-11-18 22:43:15,792 [Worker-26] INFO  o.e.m.c.i.embedder.EclipseLogger - skip non existing resourceDirectory D:\Code\SpringMVC\MVCData\src\test\resources
2025-11-18 22:43:16,301 [Worker-23] WARN  o.e.r.models.ModelRepository - Failed to download org.eclipse.recommenders:index::zip:0.0.0
org.eclipse.aether.resolution.ArtifactResolutionException: Could not find artifact org.eclipse.recommenders:index:zip:0.0.0-SNAPSHOT in models (http://download.eclipse.org/recommenders/models/neon/)
	at org.eclipse.aether.internal.impl.DefaultArtifactResolver.resolve(DefaultArtifactResolver.java:444) ~[na:na]
	at org.eclipse.aether.internal.impl.DefaultArtifactResolver.resolveArtifacts(DefaultArtifactResolver.java:246) ~[na:na]
	at org.eclipse.aether.internal.impl.DefaultArtifactResolver.resolveArtifact(DefaultArtifactResolver.java:223) ~[na:na]
	at org.eclipse.aether.internal.impl.DefaultRepositorySystem.resolveArtifact(DefaultRepositorySystem.java:294) ~[na:na]
	at org.eclipse.recommenders.models.ModelRepository.resolveInternal(ModelRepository.java:193) [org.eclipse.recommenders.models_2.4.6.v20170307-1041.jar:na]
	at org.eclipse.recommenders.models.ModelRepository.resolve(ModelRepository.java:172) [org.eclipse.recommenders.models_2.4.6.v20170307-1041.jar:na]
	at org.eclipse.recommenders.internal.models.rcp.EclipseModelRepository.resolve(EclipseModelRepository.java:169) [org.eclipse.recommenders.models.rcp_2.4.6.v20170307-1041.jar:na]
	at org.eclipse.recommenders.internal.models.rcp.DownloadModelArchiveJob.run(DownloadModelArchiveJob.java:76) [org.eclipse.recommenders.models.rcp_2.4.6.v20170307-1041.jar:na]
	at org.eclipse.core.internal.jobs.Worker.run(Worker.java:55) [org.eclipse.core.jobs_3.8.0.v20160509-0411.jar:na]
Caused by: org.eclipse.aether.transfer.ArtifactNotFoundException: Could not find artifact org.eclipse.recommenders:index:zip:0.0.0-SNAPSHOT in models (http://download.eclipse.org/recommenders/models/neon/)
	at org.eclipse.aether.connector.basic.ArtifactTransportListener.transferFailed(ArtifactTransportListener.java:39) ~[org.eclipse.aether.connector.basic_1.0.1.v20141111.jar:na]
	at org.eclipse.aether.connector.basic.BasicRepositoryConnector$TaskRunner.run(BasicRepositoryConnector.java:355) ~[org.eclipse.aether.connector.basic_1.0.1.v20141111.jar:na]
	at org.eclipse.aether.util.concurrency.RunnableErrorForwarder$1.run(RunnableErrorForwarder.java:67) ~[na:na]
	at org.eclipse.aether.connector.basic.BasicRepositoryConnector$DirectExecutor.execute(BasicRepositoryConnector.java:581) ~[org.eclipse.aether.connector.basic_1.0.1.v20141111.jar:na]
	at org.eclipse.aether.connector.basic.BasicRepositoryConnector.get(BasicRepositoryConnector.java:249) ~[org.eclipse.aether.connector.basic_1.0.1.v20141111.jar:na]
	at org.eclipse.aether.internal.impl.DefaultArtifactResolver.performDownloads(DefaultArtifactResolver.java:520) ~[na:na]
	at org.eclipse.aether.internal.impl.DefaultArtifactResolver.resolve(DefaultArtifactResolver.java:421) ~[na:na]
	... 8 common frames omitted
2025-11-18 22:45:32,218 [Worker-24] WARN  o.e.m.c.i.embedder.EclipseLogger - Using platform encoding (Cp1252 actually) to copy filtered resources, i.e. build is platform dependent!
2025-11-18 22:45:32,218 [Worker-24] INFO  o.e.m.c.i.embedder.EclipseLogger - Copying 0 resource
2025-11-18 22:45:32,233 [Worker-24] WARN  o.e.m.c.i.embedder.EclipseLogger - Using platform encoding (Cp1252 actually) to copy filtered resources, i.e. build is platform dependent!
2025-11-18 22:45:32,234 [Worker-24] INFO  o.e.m.c.i.embedder.EclipseLogger - skip non existing resourceDirectory D:\Code\SpringMVC\MVCData\src\test\resources
2025-11-18 22:47:56,960 [Worker-29] WARN  o.e.m.c.i.embedder.EclipseLogger - Using platform encoding (Cp1252 actually) to copy filtered resources, i.e. build is platform dependent!
2025-11-18 22:47:56,960 [Worker-29] INFO  o.e.m.c.i.embedder.EclipseLogger - Copying 0 resource
2025-11-18 22:47:56,969 [Worker-29] WARN  o.e.m.c.i.embedder.EclipseLogger - Using platform encoding (Cp1252 actually) to copy filtered resources, i.e. build is platform dependent!
2025-11-18 22:47:56,969 [Worker-29] INFO  o.e.m.c.i.embedder.EclipseLogger - skip non existing resourceDirectory D:\Code\SpringMVC\MVCData\src\test\resources
2025-11-18 22:49:10,048 [Worker-31] WARN  o.e.m.c.i.embedder.EclipseLogger - Using platform encoding (Cp1252 actually) to copy filtered resources, i.e. build is platform dependent!
2025-11-18 22:49:10,048 [Worker-31] INFO  o.e.m.c.i.embedder.EclipseLogger - Copying 0 resource
2025-11-18 22:49:10,048 [Worker-31] WARN  o.e.m.c.i.embedder.EclipseLogger - Using platform encoding (Cp1252 actually) to copy filtered resources, i.e. build is platform dependent!
2025-11-18 22:49:10,048 [Worker-31] INFO  o.e.m.c.i.embedder.EclipseLogger - skip non existing resourceDirectory D:\Code\SpringMVC\MVCData\src\test\resources
2025-11-18 22:49:18,636 [Worker-32] WARN  o.e.m.c.i.embedder.EclipseLogger - Using platform encoding (Cp1252 actually) to copy filtered resources, i.e. build is platform dependent!
2025-11-18 22:49:18,636 [Worker-32] INFO  o.e.m.c.i.embedder.EclipseLogger - Copying 0 resource
2025-11-18 22:49:18,636 [Worker-32] WARN  o.e.m.c.i.embedder.EclipseLogger - Using platform encoding (Cp1252 actually) to copy filtered resources, i.e. build is platform dependent!
2025-11-18 22:49:18,636 [Worker-32] INFO  o.e.m.c.i.embedder.EclipseLogger - skip non existing resourceDirectory D:\Code\SpringMVC\MVCData\src\test\resources
2025-11-18 22:50:50,801 [Worker-24] WARN  o.e.m.c.i.embedder.EclipseLogger - Using platform encoding (Cp1252 actually) to copy filtered resources, i.e. build is platform dependent!
2025-11-18 22:50:50,804 [Worker-24] INFO  o.e.m.c.i.embedder.EclipseLogger - Copying 0 resource
2025-11-18 22:50:50,807 [Worker-24] WARN  o.e.m.c.i.embedder.EclipseLogger - Using platform encoding (Cp1252 actually) to copy filtered resources, i.e. build is platform dependent!
2025-11-18 22:50:50,809 [Worker-24] INFO  o.e.m.c.i.embedder.EclipseLogger - skip non existing resourceDirectory D:\Code\SpringMVC\MVCData\src\test\resources
2025-11-18 22:53:23,061 [Worker-34] WARN  o.e.m.c.i.embedder.EclipseLogger - Using platform encoding (Cp1252 actually) to copy filtered resources, i.e. build is platform dependent!
2025-11-18 22:53:23,061 [Worker-34] INFO  o.e.m.c.i.embedder.EclipseLogger - Copying 0 resource
2025-11-18 22:53:23,061 [Worker-34] WARN  o.e.m.c.i.embedder.EclipseLogger - Using platform encoding (Cp1252 actually) to copy filtered resources, i.e. build is platform dependent!
2025-11-18 22:53:23,075 [Worker-34] INFO  o.e.m.c.i.embedder.EclipseLogger - skip non existing resourceDirectory D:\Code\SpringMVC\MVCData\src\test\resources
2025-11-18 22:54:36,580 [Worker-31] WARN  o.e.m.c.i.embedder.EclipseLogger - Using platform encoding (Cp1252 actually) to copy filtered resources, i.e. build is platform dependent!
2025-11-18 22:54:36,581 [Worker-31] INFO  o.e.m.c.i.embedder.EclipseLogger - Copying 0 resource
2025-11-18 22:54:36,582 [Worker-31] WARN  o.e.m.c.i.embedder.EclipseLogger - Using platform encoding (Cp1252 actually) to copy filtered resources, i.e. build is platform dependent!
2025-11-18 22:54:36,590 [Worker-31] INFO  o.e.m.c.i.embedder.EclipseLogger - skip non existing resourceDirectory D:\Code\SpringMVC\MVCData\src\test\resources
2025-11-18 22:55:55,657 [Worker-31] WARN  o.e.m.c.i.embedder.EclipseLogger - Using platform encoding (Cp1252 actually) to copy filtered resources, i.e. build is platform dependent!
2025-11-18 22:55:55,657 [Worker-31] INFO  o.e.m.c.i.embedder.EclipseLogger - Copying 0 resource
2025-11-18 22:55:55,657 [Worker-31] WARN  o.e.m.c.i.embedder.EclipseLogger - Using platform encoding (Cp1252 actually) to copy filtered resources, i.e. build is platform dependent!
2025-11-18 22:55:55,657 [Worker-31] INFO  o.e.m.c.i.embedder.EclipseLogger - skip non existing resourceDirectory D:\Code\SpringMVC\MVCData\src\test\resources
2025-11-18 22:56:16,547 [Worker-30] WARN  o.e.m.c.i.embedder.EclipseLogger - Using platform encoding (Cp1252 actually) to copy filtered resources, i.e. build is platform dependent!
2025-11-18 22:56:16,547 [Worker-30] INFO  o.e.m.c.i.embedder.EclipseLogger - Copying 0 resource
2025-11-18 22:56:16,547 [Worker-30] WARN  o.e.m.c.i.embedder.EclipseLogger - Using platform encoding (Cp1252 actually) to copy filtered resources, i.e. build is platform dependent!
2025-11-18 22:56:16,547 [Worker-30] INFO  o.e.m.c.i.embedder.EclipseLogger - skip non existing resourceDirectory D:\Code\SpringMVC\MVCData\src\test\resources
2025-11-18 22:57:40,107 [Worker-31] WARN  o.e.m.c.i.embedder.EclipseLogger - Using platform encoding (Cp1252 actually) to copy filtered resources, i.e. build is platform dependent!
2025-11-18 22:57:40,109 [Worker-31] INFO  o.e.m.c.i.embedder.EclipseLogger - Copying 0 resource
2025-11-18 22:57:40,110 [Worker-31] WARN  o.e.m.c.i.embedder.EclipseLogger - Using platform encoding (Cp1252 actually) to copy filtered resources, i.e. build is platform dependent!
2025-11-18 22:57:40,110 [Worker-31] INFO  o.e.m.c.i.embedder.EclipseLogger - skip non existing resourceDirectory D:\Code\SpringMVC\MVCData\src\test\resources
2025-11-18 22:58:55,636 [Worker-37] WARN  o.e.m.c.i.embedder.EclipseLogger - Using platform encoding (Cp1252 actually) to copy filtered resources, i.e. build is platform dependent!
2025-11-18 22:58:55,644 [Worker-37] INFO  o.e.m.c.i.embedder.EclipseLogger - Copying 0 resource
2025-11-18 22:58:55,646 [Worker-37] WARN  o.e.m.c.i.embedder.EclipseLogger - Using platform encoding (Cp1252 actually) to copy filtered resources, i.e. build is platform dependent!
2025-11-18 22:58:55,648 [Worker-37] INFO  o.e.m.c.i.embedder.EclipseLogger - skip non existing resourceDirectory D:\Code\SpringMVC\MVCData\src\test\resources
2025-11-18 22:59:41,706 [Worker-27] WARN  o.e.m.c.i.embedder.EclipseLogger - Using platform encoding (Cp1252 actually) to copy filtered resources, i.e. build is platform dependent!
2025-11-18 22:59:41,708 [Worker-27] INFO  o.e.m.c.i.embedder.EclipseLogger - Copying 0 resource
2025-11-18 22:59:41,710 [Worker-27] WARN  o.e.m.c.i.embedder.EclipseLogger - Using platform encoding (Cp1252 actually) to copy filtered resources, i.e. build is platform dependent!
2025-11-18 22:59:41,710 [Worker-27] INFO  o.e.m.c.i.embedder.EclipseLogger - skip non existing resourceDirectory D:\Code\SpringMVC\MVCData\src\test\resources
2025-11-18 23:01:52,091 [Worker-30] WARN  o.e.m.c.i.embedder.EclipseLogger - Using platform encoding (Cp1252 actually) to copy filtered resources, i.e. build is platform dependent!
2025-11-18 23:01:52,093 [Worker-30] INFO  o.e.m.c.i.embedder.EclipseLogger - Copying 0 resource
2025-11-18 23:01:52,093 [Worker-30] WARN  o.e.m.c.i.embedder.EclipseLogger - Using platform encoding (Cp1252 actually) to copy filtered resources, i.e. build is platform dependent!
2025-11-18 23:01:52,095 [Worker-30] INFO  o.e.m.c.i.embedder.EclipseLogger - skip non existing resourceDirectory D:\Code\SpringMVC\MVCData\src\test\resources
2025-11-18 23:02:05,134 [Worker-30] WARN  o.e.m.c.i.embedder.EclipseLogger - Using platform encoding (Cp1252 actually) to copy filtered resources, i.e. build is platform dependent!
2025-11-18 23:02:05,136 [Worker-30] INFO  o.e.m.c.i.embedder.EclipseLogger - Copying 0 resource
2025-11-18 23:02:05,138 [Worker-30] WARN  o.e.m.c.i.embedder.EclipseLogger - Using platform encoding (Cp1252 actually) to copy filtered resources, i.e. build is platform dependent!
2025-11-18 23:02:05,138 [Worker-30] INFO  o.e.m.c.i.embedder.EclipseLogger - skip non existing resourceDirectory D:\Code\SpringMVC\MVCData\src\test\resources
2025-11-18 23:03:03,504 [Worker-31] WARN  o.e.m.c.i.embedder.EclipseLogger - Using platform encoding (Cp1252 actually) to copy filtered resources, i.e. build is platform dependent!
2025-11-18 23:03:03,508 [Worker-31] INFO  o.e.m.c.i.embedder.EclipseLogger - Copying 0 resource
2025-11-18 23:03:03,508 [Worker-31] WARN  o.e.m.c.i.embedder.EclipseLogger - Using platform encoding (Cp1252 actually) to copy filtered resources, i.e. build is platform dependent!
2025-11-18 23:03:03,512 [Worker-31] INFO  o.e.m.c.i.embedder.EclipseLogger - skip non existing resourceDirectory D:\Code\SpringMVC\MVCData\src\test\resources
2025-11-18 23:04:31,005 [Worker-6] WARN  o.e.m.c.i.embedder.EclipseLogger - Using platform encoding (Cp1252 actually) to copy filtered resources, i.e. build is platform dependent!
2025-11-18 23:04:31,011 [Worker-6] INFO  o.e.m.c.i.embedder.EclipseLogger - Copying 0 resource
2025-11-18 23:04:31,011 [Worker-6] WARN  o.e.m.c.i.embedder.EclipseLogger - Using platform encoding (Cp1252 actually) to copy filtered resources, i.e. build is platform dependent!
2025-11-18 23:04:31,013 [Worker-6] INFO  o.e.m.c.i.embedder.EclipseLogger - skip non existing resourceDirectory D:\Code\SpringMVC\MVCData\src\test\resources
2025-11-18 23:04:38,908 [Worker-37] WARN  o.e.m.c.i.embedder.EclipseLogger - Using platform encoding (Cp1252 actually) to copy filtered resources, i.e. build is platform dependent!
2025-11-18 23:04:38,910 [Worker-37] INFO  o.e.m.c.i.embedder.EclipseLogger - Copying 0 resource
2025-11-18 23:04:38,912 [Worker-37] WARN  o.e.m.c.i.embedder.EclipseLogger - Using platform encoding (Cp1252 actually) to copy filtered resources, i.e. build is platform dependent!
2025-11-18 23:04:38,912 [Worker-37] INFO  o.e.m.c.i.embedder.EclipseLogger - skip non existing resourceDirectory D:\Code\SpringMVC\MVCData\src\test\resources
2025-11-18 23:04:58,609 [Worker-40] WARN  o.e.m.c.i.embedder.EclipseLogger - Using platform encoding (Cp1252 actually) to copy filtered resources, i.e. build is platform dependent!
2025-11-18 23:04:58,609 [Worker-40] INFO  o.e.m.c.i.embedder.EclipseLogger - Copying 0 resource
2025-11-18 23:04:58,609 [Worker-40] WARN  o.e.m.c.i.embedder.EclipseLogger - Using platform encoding (Cp1252 actually) to copy filtered resources, i.e. build is platform dependent!
2025-11-18 23:04:58,613 [Worker-40] INFO  o.e.m.c.i.embedder.EclipseLogger - skip non existing resourceDirectory D:\Code\SpringMVC\MVCData\src\test\resources
2025-11-18 23:05:02,589 [Worker-41] WARN  o.e.m.c.i.embedder.EclipseLogger - Using platform encoding (Cp1252 actually) to copy filtered resources, i.e. build is platform dependent!
2025-11-18 23:05:02,600 [Worker-41] INFO  o.e.m.c.i.embedder.EclipseLogger - Copying 0 resource
2025-11-18 23:05:02,600 [Worker-41] WARN  o.e.m.c.i.embedder.EclipseLogger - Using platform encoding (Cp1252 actually) to copy filtered resources, i.e. build is platform dependent!
2025-11-18 23:05:02,600 [Worker-41] INFO  o.e.m.c.i.embedder.EclipseLogger - skip non existing resourceDirectory D:\Code\SpringMVC\MVCData\src\test\resources
2025-11-18 23:05:26,516 [Worker-31] WARN  o.e.m.c.i.embedder.EclipseLogger - Using platform encoding (Cp1252 actually) to copy filtered resources, i.e. build is platform dependent!
2025-11-18 23:05:26,522 [Worker-31] INFO  o.e.m.c.i.embedder.EclipseLogger - Copying 0 resource
2025-11-18 23:05:26,524 [Worker-31] WARN  o.e.m.c.i.embedder.EclipseLogger - Using platform encoding (Cp1252 actually) to copy filtered resources, i.e. build is platform dependent!
2025-11-18 23:05:26,524 [Worker-31] INFO  o.e.m.c.i.embedder.EclipseLogger - skip non existing resourceDirectory D:\Code\SpringMVC\MVCData\src\test\resources
2025-11-18 23:06:03,394 [Worker-30] WARN  o.e.m.c.i.embedder.EclipseLogger - Using platform encoding (Cp1252 actually) to copy filtered resources, i.e. build is platform dependent!
2025-11-18 23:06:03,394 [Worker-30] INFO  o.e.m.c.i.embedder.EclipseLogger - Copying 0 resource
2025-11-18 23:06:03,405 [Worker-30] WARN  o.e.m.c.i.embedder.EclipseLogger - Using platform encoding (Cp1252 actually) to copy filtered resources, i.e. build is platform dependent!
2025-11-18 23:06:03,405 [Worker-30] INFO  o.e.m.c.i.embedder.EclipseLogger - skip non existing resourceDirectory D:\Code\SpringMVC\MVCData\src\test\resources
2025-11-18 23:06:45,446 [Worker-40] WARN  o.e.m.c.i.embedder.EclipseLogger - Using platform encoding (Cp1252 actually) to copy filtered resources, i.e. build is platform dependent!
2025-11-18 23:06:45,446 [Worker-40] INFO  o.e.m.c.i.embedder.EclipseLogger - Copying 0 resource
2025-11-18 23:06:45,446 [Worker-40] WARN  o.e.m.c.i.embedder.EclipseLogger - Using platform encoding (Cp1252 actually) to copy filtered resources, i.e. build is platform dependent!
2025-11-18 23:06:45,446 [Worker-40] INFO  o.e.m.c.i.embedder.EclipseLogger - skip non existing resourceDirectory D:\Code\SpringMVC\MVCData\src\test\resources
2025-11-18 23:07:42,400 [Worker-41] WARN  o.e.m.c.i.embedder.EclipseLogger - Using platform encoding (Cp1252 actually) to copy filtered resources, i.e. build is platform dependent!
2025-11-18 23:07:42,400 [Worker-41] INFO  o.e.m.c.i.embedder.EclipseLogger - Copying 0 resource
2025-11-18 23:07:42,406 [Worker-41] WARN  o.e.m.c.i.embedder.EclipseLogger - Using platform encoding (Cp1252 actually) to copy filtered resources, i.e. build is platform dependent!
2025-11-18 23:07:42,406 [Worker-41] INFO  o.e.m.c.i.embedder.EclipseLogger - skip non existing resourceDirectory D:\Code\SpringMVC\MVCData\src\test\resources
2025-11-18 23:19:03,644 [Worker-44] WARN  o.e.m.c.i.embedder.EclipseLogger - Using platform encoding (Cp1252 actually) to copy filtered resources, i.e. build is platform dependent!
2025-11-18 23:19:03,644 [Worker-44] INFO  o.e.m.c.i.embedder.EclipseLogger - Copying 0 resource
2025-11-18 23:19:03,659 [Worker-44] WARN  o.e.m.c.i.embedder.EclipseLogger - Using platform encoding (Cp1252 actually) to copy filtered resources, i.e. build is platform dependent!
2025-11-18 23:19:03,659 [Worker-44] INFO  o.e.m.c.i.embedder.EclipseLogger - skip non existing resourceDirectory D:\Code\SpringMVC\MVCData\src\test\resources
2025-11-18 23:21:40,276 [Worker-44] WARN  o.e.m.c.i.embedder.EclipseLogger - Using platform encoding (Cp1252 actually) to copy filtered resources, i.e. build is platform dependent!
2025-11-18 23:21:40,284 [Worker-44] INFO  o.e.m.c.i.embedder.EclipseLogger - Copying 0 resource
2025-11-18 23:21:40,288 [Worker-44] WARN  o.e.m.c.i.embedder.EclipseLogger - Using platform encoding (Cp1252 actually) to copy filtered resources, i.e. build is platform dependent!
2025-11-18 23:21:40,293 [Worker-44] INFO  o.e.m.c.i.embedder.EclipseLogger - skip non existing resourceDirectory D:\Code\SpringMVC\MVCData\src\test\resources
2025-11-18 23:23:28,167 [Worker-48] WARN  o.e.m.c.i.embedder.EclipseLogger - Using platform encoding (Cp1252 actually) to copy filtered resources, i.e. build is platform dependent!
2025-11-18 23:23:28,177 [Worker-48] INFO  o.e.m.c.i.embedder.EclipseLogger - Copying 0 resource
2025-11-18 23:23:28,179 [Worker-48] WARN  o.e.m.c.i.embedder.EclipseLogger - Using platform encoding (Cp1252 actually) to copy filtered resources, i.e. build is platform dependent!
2025-11-18 23:23:28,185 [Worker-48] INFO  o.e.m.c.i.embedder.EclipseLogger - skip non existing resourceDirectory D:\Code\SpringMVC\MVCData\src\test\resources
2025-11-18 23:24:38,034 [Worker-48] WARN  o.e.m.c.i.embedder.EclipseLogger - Using platform encoding (Cp1252 actually) to copy filtered resources, i.e. build is platform dependent!
2025-11-18 23:24:38,038 [Worker-48] INFO  o.e.m.c.i.embedder.EclipseLogger - Copying 0 resource
2025-11-18 23:24:38,040 [Worker-48] WARN  o.e.m.c.i.embedder.EclipseLogger - Using platform encoding (Cp1252 actually) to copy filtered resources, i.e. build is platform dependent!
2025-11-18 23:24:38,040 [Worker-48] INFO  o.e.m.c.i.embedder.EclipseLogger - skip non existing resourceDirectory D:\Code\SpringMVC\MVCData\src\test\resources
2025-11-18 23:25:41,939 [Worker-48] WARN  o.e.m.c.i.embedder.EclipseLogger - Using platform encoding (Cp1252 actually) to copy filtered resources, i.e. build is platform dependent!
2025-11-18 23:25:41,942 [Worker-48] INFO  o.e.m.c.i.embedder.EclipseLogger - Copying 0 resource
2025-11-18 23:25:41,944 [Worker-48] WARN  o.e.m.c.i.embedder.EclipseLogger - Using platform encoding (Cp1252 actually) to copy filtered resources, i.e. build is platform dependent!
2025-11-18 23:25:41,944 [Worker-48] INFO  o.e.m.c.i.embedder.EclipseLogger - skip non existing resourceDirectory D:\Code\SpringMVC\MVCData\src\test\resources
2025-11-18 23:26:27,199 [Worker-49] WARN  o.e.m.c.i.embedder.EclipseLogger - Using platform encoding (Cp1252 actually) to copy filtered resources, i.e. build is platform dependent!
2025-11-18 23:26:27,202 [Worker-49] INFO  o.e.m.c.i.embedder.EclipseLogger - Copying 0 resource
2025-11-18 23:26:27,204 [Worker-49] WARN  o.e.m.c.i.embedder.EclipseLogger - Using platform encoding (Cp1252 actually) to copy filtered resources, i.e. build is platform dependent!
2025-11-18 23:26:27,204 [Worker-49] INFO  o.e.m.c.i.embedder.EclipseLogger - skip non existing resourceDirectory D:\Code\SpringMVC\MVCData\src\test\resources
2025-11-18 23:26:48,197 [Worker-50] WARN  o.e.m.c.i.embedder.EclipseLogger - Using platform encoding (Cp1252 actually) to copy filtered resources, i.e. build is platform dependent!
2025-11-18 23:26:48,199 [Worker-50] INFO  o.e.m.c.i.embedder.EclipseLogger - Copying 0 resource
2025-11-18 23:26:48,199 [Worker-50] WARN  o.e.m.c.i.embedder.EclipseLogger - Using platform encoding (Cp1252 actually) to copy filtered resources, i.e. build is platform dependent!
2025-11-18 23:26:48,202 [Worker-50] INFO  o.e.m.c.i.embedder.EclipseLogger - skip non existing resourceDirectory D:\Code\SpringMVC\MVCData\src\test\resources
2025-11-18 23:27:13,207 [Worker-45] WARN  o.e.m.c.i.embedder.EclipseLogger - Using platform encoding (Cp1252 actually) to copy filtered resources, i.e. build is platform dependent!
2025-11-18 23:27:13,207 [Worker-45] INFO  o.e.m.c.i.embedder.EclipseLogger - Copying 0 resource
2025-11-18 23:27:13,209 [Worker-45] WARN  o.e.m.c.i.embedder.EclipseLogger - Using platform encoding (Cp1252 actually) to copy filtered resources, i.e. build is platform dependent!
2025-11-18 23:27:13,209 [Worker-45] INFO  o.e.m.c.i.embedder.EclipseLogger - skip non existing resourceDirectory D:\Code\SpringMVC\MVCData\src\test\resources
2025-11-18 23:27:33,261 [Worker-49] WARN  o.e.m.c.i.embedder.EclipseLogger - Using platform encoding (Cp1252 actually) to copy filtered resources, i.e. build is platform dependent!
2025-11-18 23:27:33,261 [Worker-49] INFO  o.e.m.c.i.embedder.EclipseLogger - Copying 0 resource
2025-11-18 23:27:33,261 [Worker-49] WARN  o.e.m.c.i.embedder.EclipseLogger - Using platform encoding (Cp1252 actually) to copy filtered resources, i.e. build is platform dependent!
2025-11-18 23:27:33,264 [Worker-49] INFO  o.e.m.c.i.embedder.EclipseLogger - skip non existing resourceDirectory D:\Code\SpringMVC\MVCData\src\test\resources
2025-11-18 23:28:33,011 [Worker-49] WARN  o.e.m.c.i.embedder.EclipseLogger - Using platform encoding (Cp1252 actually) to copy filtered resources, i.e. build is platform dependent!
2025-11-18 23:28:33,016 [Worker-49] INFO  o.e.m.c.i.embedder.EclipseLogger - Copying 0 resource
2025-11-18 23:28:33,018 [Worker-49] WARN  o.e.m.c.i.embedder.EclipseLogger - Using platform encoding (Cp1252 actually) to copy filtered resources, i.e. build is platform dependent!
2025-11-18 23:28:33,020 [Worker-49] INFO  o.e.m.c.i.embedder.EclipseLogger - skip non existing resourceDirectory D:\Code\SpringMVC\MVCData\src\test\resources
2025-11-18 23:29:25,817 [Worker-48] WARN  o.e.m.c.i.embedder.EclipseLogger - Using platform encoding (Cp1252 actually) to copy filtered resources, i.e. build is platform dependent!
2025-11-18 23:29:25,819 [Worker-48] INFO  o.e.m.c.i.embedder.EclipseLogger - Copying 0 resource
2025-11-18 23:29:25,821 [Worker-48] WARN  o.e.m.c.i.embedder.EclipseLogger - Using platform encoding (Cp1252 actually) to copy filtered resources, i.e. build is platform dependent!
2025-11-18 23:29:25,823 [Worker-48] INFO  o.e.m.c.i.embedder.EclipseLogger - skip non existing resourceDirectory D:\Code\SpringMVC\MVCData\src\test\resources
2025-11-18 23:29:39,776 [Worker-43] WARN  o.e.m.c.i.embedder.EclipseLogger - Using platform encoding (Cp1252 actually) to copy filtered resources, i.e. build is platform dependent!
2025-11-18 23:29:39,780 [Worker-43] INFO  o.e.m.c.i.embedder.EclipseLogger - Copying 0 resource
2025-11-18 23:29:39,782 [Worker-43] WARN  o.e.m.c.i.embedder.EclipseLogger - Using platform encoding (Cp1252 actually) to copy filtered resources, i.e. build is platform dependent!
2025-11-18 23:29:39,782 [Worker-43] INFO  o.e.m.c.i.embedder.EclipseLogger - skip non existing resourceDirectory D:\Code\SpringMVC\MVCData\src\test\resources
2025-11-18 23:31:20,522 [Worker-49] WARN  o.e.m.c.i.embedder.EclipseLogger - Using platform encoding (Cp1252 actually) to copy filtered resources, i.e. build is platform dependent!
2025-11-18 23:31:20,522 [Worker-49] INFO  o.e.m.c.i.embedder.EclipseLogger - Copying 0 resource
2025-11-18 23:31:20,524 [Worker-49] WARN  o.e.m.c.i.embedder.EclipseLogger - Using platform encoding (Cp1252 actually) to copy filtered resources, i.e. build is platform dependent!
2025-11-18 23:31:20,524 [Worker-49] INFO  o.e.m.c.i.embedder.EclipseLogger - skip non existing resourceDirectory D:\Code\SpringMVC\MVCData\src\test\resources
2025-11-18 23:31:49,828 [Worker-48] WARN  o.e.m.c.i.embedder.EclipseLogger - Using platform encoding (Cp1252 actually) to copy filtered resources, i.e. build is platform dependent!
2025-11-18 23:31:49,830 [Worker-48] INFO  o.e.m.c.i.embedder.EclipseLogger - Copying 0 resource
2025-11-18 23:31:49,830 [Worker-48] WARN  o.e.m.c.i.embedder.EclipseLogger - Using platform encoding (Cp1252 actually) to copy filtered resources, i.e. build is platform dependent!
2025-11-18 23:31:49,832 [Worker-48] INFO  o.e.m.c.i.embedder.EclipseLogger - skip non existing resourceDirectory D:\Code\SpringMVC\MVCData\src\test\resources
2025-11-18 23:32:56,527 [Worker-43] WARN  o.e.m.c.i.embedder.EclipseLogger - Using platform encoding (Cp1252 actually) to copy filtered resources, i.e. build is platform dependent!
2025-11-18 23:32:56,529 [Worker-43] INFO  o.e.m.c.i.embedder.EclipseLogger - Copying 0 resource
2025-11-18 23:32:56,529 [Worker-43] WARN  o.e.m.c.i.embedder.EclipseLogger - Using platform encoding (Cp1252 actually) to copy filtered resources, i.e. build is platform dependent!
2025-11-18 23:32:56,529 [Worker-43] INFO  o.e.m.c.i.embedder.EclipseLogger - skip non existing resourceDirectory D:\Code\SpringMVC\MVCData\src\test\resources
2025-11-18 23:33:02,100 [Worker-49] WARN  o.e.m.c.i.embedder.EclipseLogger - Using platform encoding (Cp1252 actually) to copy filtered resources, i.e. build is platform dependent!
2025-11-18 23:33:02,102 [Worker-49] INFO  o.e.m.c.i.embedder.EclipseLogger - Copying 0 resource
2025-11-18 23:33:02,104 [Worker-49] WARN  o.e.m.c.i.embedder.EclipseLogger - Using platform encoding (Cp1252 actually) to copy filtered resources, i.e. build is platform dependent!
2025-11-18 23:33:02,106 [Worker-49] INFO  o.e.m.c.i.embedder.EclipseLogger - skip non existing resourceDirectory D:\Code\SpringMVC\MVCData\src\test\resources
2025-11-18 23:33:38,696 [Worker-52] WARN  o.e.m.c.i.embedder.EclipseLogger - Using platform encoding (Cp1252 actually) to copy filtered resources, i.e. build is platform dependent!
2025-11-18 23:33:38,700 [Worker-52] INFO  o.e.m.c.i.embedder.EclipseLogger - Copying 0 resource
2025-11-18 23:33:38,703 [Worker-52] WARN  o.e.m.c.i.embedder.EclipseLogger - Using platform encoding (Cp1252 actually) to copy filtered resources, i.e. build is platform dependent!
2025-11-18 23:33:38,705 [Worker-52] INFO  o.e.m.c.i.embedder.EclipseLogger - skip non existing resourceDirectory D:\Code\SpringMVC\MVCData\src\test\resources
2025-11-18 23:34:32,481 [Worker-49] WARN  o.e.m.c.i.embedder.EclipseLogger - Using platform encoding (Cp1252 actually) to copy filtered resources, i.e. build is platform dependent!
2025-11-18 23:34:32,483 [Worker-49] INFO  o.e.m.c.i.embedder.EclipseLogger - Copying 0 resource
2025-11-18 23:34:32,483 [Worker-49] WARN  o.e.m.c.i.embedder.EclipseLogger - Using platform encoding (Cp1252 actually) to copy filtered resources, i.e. build is platform dependent!
2025-11-18 23:34:32,485 [Worker-49] INFO  o.e.m.c.i.embedder.EclipseLogger - skip non existing resourceDirectory D:\Code\SpringMVC\MVCData\src\test\resources
2025-11-18 23:35:05,549 [Worker-46] WARN  o.e.m.c.i.embedder.EclipseLogger - Using platform encoding (Cp1252 actually) to copy filtered resources, i.e. build is platform dependent!
2025-11-18 23:35:05,551 [Worker-46] INFO  o.e.m.c.i.embedder.EclipseLogger - Copying 0 resource
2025-11-18 23:35:05,553 [Worker-46] WARN  o.e.m.c.i.embedder.EclipseLogger - Using platform encoding (Cp1252 actually) to copy filtered resources, i.e. build is platform dependent!
2025-11-18 23:35:05,553 [Worker-46] INFO  o.e.m.c.i.embedder.EclipseLogger - skip non existing resourceDirectory D:\Code\SpringMVC\MVCData\src\test\resources
2025-11-18 23:35:29,286 [Worker-45] WARN  o.e.m.c.i.embedder.EclipseLogger - Using platform encoding (Cp1252 actually) to copy filtered resources, i.e. build is platform dependent!
2025-11-18 23:35:29,286 [Worker-45] INFO  o.e.m.c.i.embedder.EclipseLogger - Copying 0 resource
2025-11-18 23:35:29,287 [Worker-45] WARN  o.e.m.c.i.embedder.EclipseLogger - Using platform encoding (Cp1252 actually) to copy filtered resources, i.e. build is platform dependent!
2025-11-18 23:35:29,287 [Worker-45] INFO  o.e.m.c.i.embedder.EclipseLogger - skip non existing resourceDirectory D:\Code\SpringMVC\MVCData\src\test\resources
2025-11-18 23:36:07,349 [Worker-43] WARN  o.e.m.c.i.embedder.EclipseLogger - Using platform encoding (Cp1252 actually) to copy filtered resources, i.e. build is platform dependent!
2025-11-18 23:36:07,349 [Worker-43] INFO  o.e.m.c.i.embedder.EclipseLogger - Copying 0 resource
2025-11-18 23:36:07,353 [Worker-43] WARN  o.e.m.c.i.embedder.EclipseLogger - Using platform encoding (Cp1252 actually) to copy filtered resources, i.e. build is platform dependent!
2025-11-18 23:36:07,353 [Worker-43] INFO  o.e.m.c.i.embedder.EclipseLogger - skip non existing resourceDirectory D:\Code\SpringMVC\MVCData\src\test\resources
2025-11-18 23:36:19,134 [Worker-45] WARN  o.e.m.c.i.embedder.EclipseLogger - Using platform encoding (Cp1252 actually) to copy filtered resources, i.e. build is platform dependent!
2025-11-18 23:36:19,134 [Worker-45] INFO  o.e.m.c.i.embedder.EclipseLogger - Copying 0 resource
2025-11-18 23:36:19,139 [Worker-45] WARN  o.e.m.c.i.embedder.EclipseLogger - Using platform encoding (Cp1252 actually) to copy filtered resources, i.e. build is platform dependent!
2025-11-18 23:36:19,141 [Worker-45] INFO  o.e.m.c.i.embedder.EclipseLogger - skip non existing resourceDirectory D:\Code\SpringMVC\MVCData\src\test\resources
2025-11-18 23:41:21,355 [Worker-52] WARN  o.e.m.c.i.embedder.EclipseLogger - Using platform encoding (Cp1252 actually) to copy filtered resources, i.e. build is platform dependent!
2025-11-18 23:41:21,355 [Worker-52] INFO  o.e.m.c.i.embedder.EclipseLogger - Copying 0 resource
2025-11-18 23:41:21,355 [Worker-52] WARN  o.e.m.c.i.embedder.EclipseLogger - Using platform encoding (Cp1252 actually) to copy filtered resources, i.e. build is platform dependent!
2025-11-18 23:41:21,355 [Worker-52] INFO  o.e.m.c.i.embedder.EclipseLogger - skip non existing resourceDirectory D:\Code\SpringMVC\MVCData\src\test\resources
2025-11-18 23:41:58,749 [Worker-55] WARN  o.e.m.c.i.embedder.EclipseLogger - Using platform encoding (Cp1252 actually) to copy filtered resources, i.e. build is platform dependent!
2025-11-18 23:41:58,751 [Worker-55] INFO  o.e.m.c.i.embedder.EclipseLogger - Copying 0 resource
2025-11-18 23:41:58,751 [Worker-55] WARN  o.e.m.c.i.embedder.EclipseLogger - Using platform encoding (Cp1252 actually) to copy filtered resources, i.e. build is platform dependent!
2025-11-18 23:41:58,755 [Worker-55] INFO  o.e.m.c.i.embedder.EclipseLogger - skip non existing resourceDirectory D:\Code\SpringMVC\MVCData\src\test\resources
2025-11-18 23:44:21,658 [Worker-55] WARN  o.e.m.c.i.embedder.EclipseLogger - Using platform encoding (Cp1252 actually) to copy filtered resources, i.e. build is platform dependent!
2025-11-18 23:44:21,658 [Worker-55] INFO  o.e.m.c.i.embedder.EclipseLogger - Copying 0 resource
2025-11-18 23:44:21,658 [Worker-55] WARN  o.e.m.c.i.embedder.EclipseLogger - Using platform encoding (Cp1252 actually) to copy filtered resources, i.e. build is platform dependent!
2025-11-18 23:44:21,658 [Worker-55] INFO  o.e.m.c.i.embedder.EclipseLogger - skip non existing resourceDirectory D:\Code\SpringMVC\MVCData\src\test\resources
2025-11-18 23:48:06,089 [Worker-52] WARN  o.e.m.c.i.embedder.EclipseLogger - Using platform encoding (Cp1252 actually) to copy filtered resources, i.e. build is platform dependent!
2025-11-18 23:48:06,091 [Worker-52] INFO  o.e.m.c.i.embedder.EclipseLogger - Copying 0 resource
2025-11-18 23:48:06,093 [Worker-52] WARN  o.e.m.c.i.embedder.EclipseLogger - Using platform encoding (Cp1252 actually) to copy filtered resources, i.e. build is platform dependent!
2025-11-18 23:48:06,093 [Worker-52] INFO  o.e.m.c.i.embedder.EclipseLogger - skip non existing resourceDirectory D:\Code\SpringMVC\MVCData\src\test\resources
2025-11-18 23:49:30,515 [Worker-48] WARN  o.e.m.c.i.embedder.EclipseLogger - Using platform encoding (Cp1252 actually) to copy filtered resources, i.e. build is platform dependent!
2025-11-18 23:49:30,515 [Worker-48] INFO  o.e.m.c.i.embedder.EclipseLogger - Copying 0 resource
2025-11-18 23:49:30,515 [Worker-48] WARN  o.e.m.c.i.embedder.EclipseLogger - Using platform encoding (Cp1252 actually) to copy filtered resources, i.e. build is platform dependent!
2025-11-18 23:49:30,525 [Worker-48] INFO  o.e.m.c.i.embedder.EclipseLogger - skip non existing resourceDirectory D:\Code\SpringMVC\MVCData\src\test\resources
2025-11-18 23:49:54,610 [Worker-56] WARN  o.e.m.c.i.embedder.EclipseLogger - Using platform encoding (Cp1252 actually) to copy filtered resources, i.e. build is platform dependent!
2025-11-18 23:49:54,612 [Worker-56] INFO  o.e.m.c.i.embedder.EclipseLogger - Copying 0 resource
2025-11-18 23:49:54,615 [Worker-56] WARN  o.e.m.c.i.embedder.EclipseLogger - Using platform encoding (Cp1252 actually) to copy filtered resources, i.e. build is platform dependent!
2025-11-18 23:49:54,617 [Worker-56] INFO  o.e.m.c.i.embedder.EclipseLogger - skip non existing resourceDirectory D:\Code\SpringMVC\MVCData\src\test\resources
2025-11-18 23:53:13,442 [Worker-48] WARN  o.e.m.c.i.embedder.EclipseLogger - Using platform encoding (Cp1252 actually) to copy filtered resources, i.e. build is platform dependent!
2025-11-18 23:53:13,444 [Worker-48] INFO  o.e.m.c.i.embedder.EclipseLogger - Copying 0 resource
2025-11-18 23:53:13,444 [Worker-48] WARN  o.e.m.c.i.embedder.EclipseLogger - Using platform encoding (Cp1252 actually) to copy filtered resources, i.e. build is platform dependent!
2025-11-18 23:53:13,446 [Worker-48] INFO  o.e.m.c.i.embedder.EclipseLogger - skip non existing resourceDirectory D:\Code\SpringMVC\MVCData\src\test\resources
2025-11-18 23:55:20,533 [Worker-57] WARN  o.e.m.c.i.embedder.EclipseLogger - Using platform encoding (Cp1252 actually) to copy filtered resources, i.e. build is platform dependent!
2025-11-18 23:55:20,533 [Worker-57] INFO  o.e.m.c.i.embedder.EclipseLogger - Copying 0 resource
2025-11-18 23:55:20,536 [Worker-57] WARN  o.e.m.c.i.embedder.EclipseLogger - Using platform encoding (Cp1252 actually) to copy filtered resources, i.e. build is platform dependent!
2025-11-18 23:55:20,536 [Worker-57] INFO  o.e.m.c.i.embedder.EclipseLogger - skip non existing resourceDirectory D:\Code\SpringMVC\MVCData\src\test\resources
2025-11-18 23:56:14,018 [Worker-48] WARN  o.e.m.c.i.embedder.EclipseLogger - Using platform encoding (Cp1252 actually) to copy filtered resources, i.e. build is platform dependent!
2025-11-18 23:56:14,018 [Worker-48] INFO  o.e.m.c.i.embedder.EclipseLogger - Copying 0 resource
2025-11-18 23:56:14,025 [Worker-48] WARN  o.e.m.c.i.embedder.EclipseLogger - Using platform encoding (Cp1252 actually) to copy filtered resources, i.e. build is platform dependent!
2025-11-18 23:56:14,025 [Worker-48] INFO  o.e.m.c.i.embedder.EclipseLogger - skip non existing resourceDirectory D:\Code\SpringMVC\MVCData\src\test\resources
2025-11-18 23:56:40,962 [Worker-57] WARN  o.e.m.c.i.embedder.EclipseLogger - Using platform encoding (Cp1252 actually) to copy filtered resources, i.e. build is platform dependent!
2025-11-18 23:56:40,962 [Worker-57] INFO  o.e.m.c.i.embedder.EclipseLogger - Copying 0 resource
2025-11-18 23:56:40,976 [Worker-57] WARN  o.e.m.c.i.embedder.EclipseLogger - Using platform encoding (Cp1252 actually) to copy filtered resources, i.e. build is platform dependent!
2025-11-18 23:56:40,976 [Worker-57] INFO  o.e.m.c.i.embedder.EclipseLogger - skip non existing resourceDirectory D:\Code\SpringMVC\MVCData\src\test\resources
2025-11-19 00:00:19,783 [Worker-58] WARN  o.e.m.c.i.embedder.EclipseLogger - Using platform encoding (Cp1252 actually) to copy filtered resources, i.e. build is platform dependent!
2025-11-19 00:00:19,783 [Worker-58] INFO  o.e.m.c.i.embedder.EclipseLogger - Copying 0 resource
2025-11-19 00:00:19,783 [Worker-58] WARN  o.e.m.c.i.embedder.EclipseLogger - Using platform encoding (Cp1252 actually) to copy filtered resources, i.e. build is platform dependent!
2025-11-19 00:00:19,783 [Worker-58] INFO  o.e.m.c.i.embedder.EclipseLogger - skip non existing resourceDirectory D:\Code\SpringMVC\MVCData\src\test\resources
2025-11-19 00:00:34,572 [Worker-48] WARN  o.e.m.c.i.embedder.EclipseLogger - Using platform encoding (Cp1252 actually) to copy filtered resources, i.e. build is platform dependent!
2025-11-19 00:00:34,574 [Worker-48] INFO  o.e.m.c.i.embedder.EclipseLogger - Copying 0 resource
2025-11-19 00:00:34,576 [Worker-48] WARN  o.e.m.c.i.embedder.EclipseLogger - Using platform encoding (Cp1252 actually) to copy filtered resources, i.e. build is platform dependent!
2025-11-19 00:00:34,576 [Worker-48] INFO  o.e.m.c.i.embedder.EclipseLogger - skip non existing resourceDirectory D:\Code\SpringMVC\MVCData\src\test\resources
2025-11-19 00:01:40,543 [Worker-57] WARN  o.e.m.c.i.embedder.EclipseLogger - Using platform encoding (Cp1252 actually) to copy filtered resources, i.e. build is platform dependent!
2025-11-19 00:01:40,545 [Worker-57] INFO  o.e.m.c.i.embedder.EclipseLogger - Copying 0 resource
2025-11-19 00:01:40,549 [Worker-57] WARN  o.e.m.c.i.embedder.EclipseLogger - Using platform encoding (Cp1252 actually) to copy filtered resources, i.e. build is platform dependent!
2025-11-19 00:01:40,549 [Worker-57] INFO  o.e.m.c.i.embedder.EclipseLogger - skip non existing resourceDirectory D:\Code\SpringMVC\MVCData\src\test\resources
2025-11-19 00:04:01,880 [Worker-61] WARN  o.e.m.c.i.embedder.EclipseLogger - Using platform encoding (Cp1252 actually) to copy filtered resources, i.e. build is platform dependent!
2025-11-19 00:04:01,880 [Worker-61] INFO  o.e.m.c.i.embedder.EclipseLogger - Copying 0 resource
2025-11-19 00:04:01,882 [Worker-61] WARN  o.e.m.c.i.embedder.EclipseLogger - Using platform encoding (Cp1252 actually) to copy filtered resources, i.e. build is platform dependent!
2025-11-19 00:04:01,882 [Worker-61] INFO  o.e.m.c.i.embedder.EclipseLogger - skip non existing resourceDirectory D:\Code\SpringMVC\MVCData\src\test\resources
2025-11-19 00:13:45,386 [Worker-70] WARN  o.e.m.c.i.embedder.EclipseLogger - Using platform encoding (Cp1252 actually) to copy filtered resources, i.e. build is platform dependent!
2025-11-19 00:13:45,388 [Worker-70] INFO  o.e.m.c.i.embedder.EclipseLogger - Copying 0 resource
2025-11-19 00:13:45,388 [Worker-70] WARN  o.e.m.c.i.embedder.EclipseLogger - Using platform encoding (Cp1252 actually) to copy filtered resources, i.e. build is platform dependent!
2025-11-19 00:13:45,388 [Worker-70] INFO  o.e.m.c.i.embedder.EclipseLogger - skip non existing resourceDirectory D:\Code\SpringMVC\MVCData\src\test\resources
2025-11-19 00:15:09,813 [Worker-71] WARN  o.e.m.c.i.embedder.EclipseLogger - Using platform encoding (Cp1252 actually) to copy filtered resources, i.e. build is platform dependent!
2025-11-19 00:15:09,813 [Worker-71] INFO  o.e.m.c.i.embedder.EclipseLogger - Copying 0 resource
2025-11-19 00:15:09,813 [Worker-71] WARN  o.e.m.c.i.embedder.EclipseLogger - Using platform encoding (Cp1252 actually) to copy filtered resources, i.e. build is platform dependent!
2025-11-19 00:15:09,813 [Worker-71] INFO  o.e.m.c.i.embedder.EclipseLogger - skip non existing resourceDirectory D:\Code\SpringMVC\MVCData\src\test\resources
2025-11-19 20:38:05,427 [Worker-16] WARN  o.e.m.c.i.embedder.EclipseLogger - Using platform encoding (Cp1252 actually) to copy filtered resources, i.e. build is platform dependent!
2025-11-19 20:38:05,434 [Worker-16] INFO  o.e.m.c.i.embedder.EclipseLogger - Copying 0 resource
2025-11-19 20:38:05,439 [Worker-16] WARN  o.e.m.c.i.embedder.EclipseLogger - Using platform encoding (Cp1252 actually) to copy filtered resources, i.e. build is platform dependent!
2025-11-19 20:38:05,439 [Worker-16] INFO  o.e.m.c.i.embedder.EclipseLogger - skip non existing resourceDirectory D:\Code\SpringMVC\MVCData\src\test\resources
2025-11-19 20:38:07,577 [Worker-1] WARN  o.e.m.c.i.embedder.EclipseLogger - Using platform encoding (Cp1252 actually) to copy filtered resources, i.e. build is platform dependent!
2025-11-19 20:38:07,580 [Worker-1] INFO  o.e.m.c.i.embedder.EclipseLogger - Copying 0 resource
2025-11-19 20:38:07,582 [Worker-1] WARN  o.e.m.c.i.embedder.EclipseLogger - Using platform encoding (Cp1252 actually) to copy filtered resources, i.e. build is platform dependent!
2025-11-19 20:38:07,583 [Worker-1] INFO  o.e.m.c.i.embedder.EclipseLogger - skip non existing resourceDirectory D:\Code\SpringMVC\MVCproject\src\test\resources
2025-11-19 20:43:07,088 [Worker-6] WARN  o.e.r.models.ModelRepository - Failed to download org.eclipse.recommenders:index::zip:0.0.0
org.eclipse.aether.resolution.ArtifactResolutionException: Could not find artifact org.eclipse.recommenders:index:zip:0.0.0-SNAPSHOT in models (http://download.eclipse.org/recommenders/models/neon/)
	at org.eclipse.aether.internal.impl.DefaultArtifactResolver.resolve(DefaultArtifactResolver.java:444) ~[na:na]
	at org.eclipse.aether.internal.impl.DefaultArtifactResolver.resolveArtifacts(DefaultArtifactResolver.java:246) ~[na:na]
	at org.eclipse.aether.internal.impl.DefaultArtifactResolver.resolveArtifact(DefaultArtifactResolver.java:223) ~[na:na]
	at org.eclipse.aether.internal.impl.DefaultRepositorySystem.resolveArtifact(DefaultRepositorySystem.java:294) ~[na:na]
	at org.eclipse.recommenders.models.ModelRepository.resolveInternal(ModelRepository.java:193) [org.eclipse.recommenders.models_2.4.6.v20170307-1041.jar:na]
	at org.eclipse.recommenders.models.ModelRepository.resolve(ModelRepository.java:172) [org.eclipse.recommenders.models_2.4.6.v20170307-1041.jar:na]
	at org.eclipse.recommenders.internal.models.rcp.EclipseModelRepository.resolve(EclipseModelRepository.java:169) [org.eclipse.recommenders.models.rcp_2.4.6.v20170307-1041.jar:na]
	at org.eclipse.recommenders.internal.models.rcp.DownloadModelArchiveJob.run(DownloadModelArchiveJob.java:76) [org.eclipse.recommenders.models.rcp_2.4.6.v20170307-1041.jar:na]
	at org.eclipse.core.internal.jobs.Worker.run(Worker.java:55) [org.eclipse.core.jobs_3.8.0.v20160509-0411.jar:na]
Caused by: org.eclipse.aether.transfer.ArtifactNotFoundException: Could not find artifact org.eclipse.recommenders:index:zip:0.0.0-SNAPSHOT in models (http://download.eclipse.org/recommenders/models/neon/)
	at org.eclipse.aether.connector.basic.ArtifactTransportListener.transferFailed(ArtifactTransportListener.java:39) ~[org.eclipse.aether.connector.basic_1.0.1.v20141111.jar:na]
	at org.eclipse.aether.connector.basic.BasicRepositoryConnector$TaskRunner.run(BasicRepositoryConnector.java:355) ~[org.eclipse.aether.connector.basic_1.0.1.v20141111.jar:na]
	at org.eclipse.aether.util.concurrency.RunnableErrorForwarder$1.run(RunnableErrorForwarder.java:67) ~[na:na]
	at org.eclipse.aether.connector.basic.BasicRepositoryConnector$DirectExecutor.execute(BasicRepositoryConnector.java:581) ~[org.eclipse.aether.connector.basic_1.0.1.v20141111.jar:na]
	at org.eclipse.aether.connector.basic.BasicRepositoryConnector.get(BasicRepositoryConnector.java:249) ~[org.eclipse.aether.connector.basic_1.0.1.v20141111.jar:na]
	at org.eclipse.aether.internal.impl.DefaultArtifactResolver.performDownloads(DefaultArtifactResolver.java:520) ~[na:na]
	at org.eclipse.aether.internal.impl.DefaultArtifactResolver.resolve(DefaultArtifactResolver.java:421) ~[na:na]
	... 8 common frames omitted
2025-11-19 20:44:34,054 [Worker-19] WARN  o.e.m.c.i.embedder.EclipseLogger - Using platform encoding (Cp1252 actually) to copy filtered resources, i.e. build is platform dependent!
2025-11-19 20:44:34,063 [Worker-19] INFO  o.e.m.c.i.embedder.EclipseLogger - Copying 0 resource
2025-11-19 20:44:34,068 [Worker-19] WARN  o.e.m.c.i.embedder.EclipseLogger - Using platform encoding (Cp1252 actually) to copy filtered resources, i.e. build is platform dependent!
2025-11-19 20:44:34,068 [Worker-19] INFO  o.e.m.c.i.embedder.EclipseLogger - skip non existing resourceDirectory D:\Code\SpringMVC\MVCData\src\test\resources
2025-11-19 20:46:39,854 [Worker-22] WARN  o.e.m.c.i.embedder.EclipseLogger - Using platform encoding (Cp1252 actually) to copy filtered resources, i.e. build is platform dependent!
2025-11-19 20:46:39,856 [Worker-22] INFO  o.e.m.c.i.embedder.EclipseLogger - Copying 0 resource
2025-11-19 20:46:39,856 [Worker-22] WARN  o.e.m.c.i.embedder.EclipseLogger - Using platform encoding (Cp1252 actually) to copy filtered resources, i.e. build is platform dependent!
2025-11-19 20:46:39,859 [Worker-22] INFO  o.e.m.c.i.embedder.EclipseLogger - skip non existing resourceDirectory D:\Code\SpringMVC\MVCData\src\test\resources
2025-11-19 20:47:23,662 [Worker-6] WARN  o.e.m.c.i.embedder.EclipseLogger - Using platform encoding (Cp1252 actually) to copy filtered resources, i.e. build is platform dependent!
2025-11-19 20:47:23,667 [Worker-6] INFO  o.e.m.c.i.embedder.EclipseLogger - Copying 0 resource
2025-11-19 20:47:23,669 [Worker-6] WARN  o.e.m.c.i.embedder.EclipseLogger - Using platform encoding (Cp1252 actually) to copy filtered resources, i.e. build is platform dependent!
2025-11-19 20:47:23,669 [Worker-6] INFO  o.e.m.c.i.embedder.EclipseLogger - skip non existing resourceDirectory D:\Code\SpringMVC\MVCData\src\test\resources
2025-11-19 20:47:48,263 [Worker-23] WARN  o.e.m.c.i.embedder.EclipseLogger - Using platform encoding (Cp1252 actually) to copy filtered resources, i.e. build is platform dependent!
2025-11-19 20:47:48,272 [Worker-23] INFO  o.e.m.c.i.embedder.EclipseLogger - Copying 0 resource
2025-11-19 20:47:48,272 [Worker-23] WARN  o.e.m.c.i.embedder.EclipseLogger - Using platform encoding (Cp1252 actually) to copy filtered resources, i.e. build is platform dependent!
2025-11-19 20:47:48,272 [Worker-23] INFO  o.e.m.c.i.embedder.EclipseLogger - skip non existing resourceDirectory D:\Code\SpringMVC\MVCData\src\test\resources
2025-11-19 20:53:31,582 [Worker-20] WARN  o.e.m.c.i.embedder.EclipseLogger - Using platform encoding (Cp1252 actually) to copy filtered resources, i.e. build is platform dependent!
2025-11-19 20:53:31,582 [Worker-20] INFO  o.e.m.c.i.embedder.EclipseLogger - Copying 0 resource
2025-11-19 20:53:31,582 [Worker-20] WARN  o.e.m.c.i.embedder.EclipseLogger - Using platform encoding (Cp1252 actually) to copy filtered resources, i.e. build is platform dependent!
2025-11-19 20:53:31,582 [Worker-20] INFO  o.e.m.c.i.embedder.EclipseLogger - skip non existing resourceDirectory D:\Code\SpringMVC\MVCData\src\test\resources
2025-11-19 20:54:48,627 [Worker-20] WARN  o.e.m.c.i.embedder.EclipseLogger - Using platform encoding (Cp1252 actually) to copy filtered resources, i.e. build is platform dependent!
2025-11-19 20:54:48,627 [Worker-20] INFO  o.e.m.c.i.embedder.EclipseLogger - Copying 0 resource
2025-11-19 20:54:48,632 [Worker-20] WARN  o.e.m.c.i.embedder.EclipseLogger - Using platform encoding (Cp1252 actually) to copy filtered resources, i.e. build is platform dependent!
2025-11-19 20:54:48,632 [Worker-20] INFO  o.e.m.c.i.embedder.EclipseLogger - skip non existing resourceDirectory D:\Code\SpringMVC\MVCData\src\test\resources
2025-11-19 21:01:04,951 [Worker-26] WARN  o.e.m.c.i.embedder.EclipseLogger - Using platform encoding (Cp1252 actually) to copy filtered resources, i.e. build is platform dependent!
2025-11-19 21:01:04,953 [Worker-26] INFO  o.e.m.c.i.embedder.EclipseLogger - Copying 0 resource
2025-11-19 21:01:04,955 [Worker-26] WARN  o.e.m.c.i.embedder.EclipseLogger - Using platform encoding (Cp1252 actually) to copy filtered resources, i.e. build is platform dependent!
2025-11-19 21:01:04,957 [Worker-26] INFO  o.e.m.c.i.embedder.EclipseLogger - skip non existing resourceDirectory D:\Code\SpringMVC\MVCData\src\test\resources
2025-11-19 21:08:27,720 [Worker-27] WARN  o.e.m.c.i.embedder.EclipseLogger - Using platform encoding (Cp1252 actually) to copy filtered resources, i.e. build is platform dependent!
2025-11-19 21:08:27,720 [Worker-27] INFO  o.e.m.c.i.embedder.EclipseLogger - Copying 0 resource
2025-11-19 21:08:27,720 [Worker-27] WARN  o.e.m.c.i.embedder.EclipseLogger - Using platform encoding (Cp1252 actually) to copy filtered resources, i.e. build is platform dependent!
2025-11-19 21:08:27,720 [Worker-27] INFO  o.e.m.c.i.embedder.EclipseLogger - skip non existing resourceDirectory D:\Code\SpringMVC\MVCData\src\test\resources
2025-11-19 21:09:39,572 [Worker-27] WARN  o.e.m.c.i.embedder.EclipseLogger - Using platform encoding (Cp1252 actually) to copy filtered resources, i.e. build is platform dependent!
2025-11-19 21:09:39,574 [Worker-27] INFO  o.e.m.c.i.embedder.EclipseLogger - Copying 0 resource
2025-11-19 21:09:39,576 [Worker-27] WARN  o.e.m.c.i.embedder.EclipseLogger - Using platform encoding (Cp1252 actually) to copy filtered resources, i.e. build is platform dependent!
2025-11-19 21:09:39,578 [Worker-27] INFO  o.e.m.c.i.embedder.EclipseLogger - skip non existing resourceDirectory D:\Code\SpringMVC\MVCData\src\test\resources
2025-11-19 21:11:45,135 [Worker-30] WARN  o.e.m.c.i.embedder.EclipseLogger - Using platform encoding (Cp1252 actually) to copy filtered resources, i.e. build is platform dependent!
2025-11-19 21:11:45,135 [Worker-30] INFO  o.e.m.c.i.embedder.EclipseLogger - Copying 0 resource
2025-11-19 21:11:45,139 [Worker-30] WARN  o.e.m.c.i.embedder.EclipseLogger - Using platform encoding (Cp1252 actually) to copy filtered resources, i.e. build is platform dependent!
2025-11-19 21:11:45,139 [Worker-30] INFO  o.e.m.c.i.embedder.EclipseLogger - skip non existing resourceDirectory D:\Code\SpringMVC\MVCData\src\test\resources
2025-11-19 21:13:04,531 [Worker-29] WARN  o.e.m.c.i.embedder.EclipseLogger - Using platform encoding (Cp1252 actually) to copy filtered resources, i.e. build is platform dependent!
2025-11-19 21:13:04,533 [Worker-29] INFO  o.e.m.c.i.embedder.EclipseLogger - Copying 0 resource
2025-11-19 21:13:04,535 [Worker-29] WARN  o.e.m.c.i.embedder.EclipseLogger - Using platform encoding (Cp1252 actually) to copy filtered resources, i.e. build is platform dependent!
2025-11-19 21:13:04,535 [Worker-29] INFO  o.e.m.c.i.embedder.EclipseLogger - skip non existing resourceDirectory D:\Code\SpringMVC\MVCData\src\test\resources
2025-11-19 21:14:04,814 [Worker-29] WARN  o.e.m.c.i.embedder.EclipseLogger - Using platform encoding (Cp1252 actually) to copy filtered resources, i.e. build is platform dependent!
2025-11-19 21:14:04,818 [Worker-29] INFO  o.e.m.c.i.embedder.EclipseLogger - Copying 0 resource
2025-11-19 21:14:04,820 [Worker-29] WARN  o.e.m.c.i.embedder.EclipseLogger - Using platform encoding (Cp1252 actually) to copy filtered resources, i.e. build is platform dependent!
2025-11-19 21:14:04,820 [Worker-29] INFO  o.e.m.c.i.embedder.EclipseLogger - skip non existing resourceDirectory D:\Code\SpringMVC\MVCData\src\test\resources
2025-11-19 21:14:12,403 [Worker-27] WARN  o.e.m.c.i.embedder.EclipseLogger - Using platform encoding (Cp1252 actually) to copy filtered resources, i.e. build is platform dependent!
2025-11-19 21:14:12,403 [Worker-27] INFO  o.e.m.c.i.embedder.EclipseLogger - Copying 0 resource
2025-11-19 21:14:12,409 [Worker-27] WARN  o.e.m.c.i.embedder.EclipseLogger - Using platform encoding (Cp1252 actually) to copy filtered resources, i.e. build is platform dependent!
2025-11-19 21:14:12,409 [Worker-27] INFO  o.e.m.c.i.embedder.EclipseLogger - skip non existing resourceDirectory D:\Code\SpringMVC\MVCData\src\test\resources
2025-11-19 21:14:48,335 [Worker-30] WARN  o.e.m.c.i.embedder.EclipseLogger - Using platform encoding (Cp1252 actually) to copy filtered resources, i.e. build is platform dependent!
2025-11-19 21:14:48,341 [Worker-30] INFO  o.e.m.c.i.embedder.EclipseLogger - Copying 0 resource
2025-11-19 21:14:48,349 [Worker-30] WARN  o.e.m.c.i.embedder.EclipseLogger - Using platform encoding (Cp1252 actually) to copy filtered resources, i.e. build is platform dependent!
2025-11-19 21:14:48,349 [Worker-30] INFO  o.e.m.c.i.embedder.EclipseLogger - skip non existing resourceDirectory D:\Code\SpringMVC\MVCData\src\test\resources
2025-11-19 21:17:08,715 [Worker-32] WARN  o.e.m.c.i.embedder.EclipseLogger - Using platform encoding (Cp1252 actually) to copy filtered resources, i.e. build is platform dependent!
2025-11-19 21:17:08,717 [Worker-32] INFO  o.e.m.c.i.embedder.EclipseLogger - Copying 0 resource
2025-11-19 21:17:08,720 [Worker-32] WARN  o.e.m.c.i.embedder.EclipseLogger - Using platform encoding (Cp1252 actually) to copy filtered resources, i.e. build is platform dependent!
2025-11-19 21:17:08,720 [Worker-32] INFO  o.e.m.c.i.embedder.EclipseLogger - skip non existing resourceDirectory D:\Code\SpringMVC\MVCData\src\test\resources
2025-11-19 21:41:07,996 [Worker-39] WARN  o.e.m.c.i.embedder.EclipseLogger - Using platform encoding (Cp1252 actually) to copy filtered resources, i.e. build is platform dependent!
2025-11-19 21:41:07,996 [Worker-39] INFO  o.e.m.c.i.embedder.EclipseLogger - Copying 0 resource
2025-11-19 21:41:08,002 [Worker-39] WARN  o.e.m.c.i.embedder.EclipseLogger - Using platform encoding (Cp1252 actually) to copy filtered resources, i.e. build is platform dependent!
2025-11-19 21:41:08,002 [Worker-39] INFO  o.e.m.c.i.embedder.EclipseLogger - skip non existing resourceDirectory D:\Code\SpringMVC\MVCData\src\test\resources
2025-11-19 21:47:01,248 [Worker-40] WARN  o.e.m.c.i.embedder.EclipseLogger - Using platform encoding (Cp1252 actually) to copy filtered resources, i.e. build is platform dependent!
2025-11-19 21:47:01,248 [Worker-40] INFO  o.e.m.c.i.embedder.EclipseLogger - Copying 0 resource
2025-11-19 21:47:01,250 [Worker-40] WARN  o.e.m.c.i.embedder.EclipseLogger - Using platform encoding (Cp1252 actually) to copy filtered resources, i.e. build is platform dependent!
2025-11-19 21:47:01,250 [Worker-40] INFO  o.e.m.c.i.embedder.EclipseLogger - skip non existing resourceDirectory D:\Code\SpringMVC\MVCData\src\test\resources
2025-11-19 21:56:22,745 [Worker-46] WARN  o.e.m.c.i.embedder.EclipseLogger - Using platform encoding (Cp1252 actually) to copy filtered resources, i.e. build is platform dependent!
2025-11-19 21:56:22,745 [Worker-46] INFO  o.e.m.c.i.embedder.EclipseLogger - Copying 0 resource
2025-11-19 21:56:22,747 [Worker-46] WARN  o.e.m.c.i.embedder.EclipseLogger - Using platform encoding (Cp1252 actually) to copy filtered resources, i.e. build is platform dependent!
2025-11-19 21:56:22,748 [Worker-46] INFO  o.e.m.c.i.embedder.EclipseLogger - skip non existing resourceDirectory D:\Code\SpringMVC\MVCData\src\test\resources
2025-11-19 21:57:43,120 [Worker-47] WARN  o.e.m.c.i.embedder.EclipseLogger - Using platform encoding (Cp1252 actually) to copy filtered resources, i.e. build is platform dependent!
2025-11-19 21:57:43,120 [Worker-47] INFO  o.e.m.c.i.embedder.EclipseLogger - Copying 0 resource
2025-11-19 21:57:43,127 [Worker-47] WARN  o.e.m.c.i.embedder.EclipseLogger - Using platform encoding (Cp1252 actually) to copy filtered resources, i.e. build is platform dependent!
2025-11-19 21:57:43,129 [Worker-47] INFO  o.e.m.c.i.embedder.EclipseLogger - skip non existing resourceDirectory D:\Code\SpringMVC\MVCData\src\test\resources
2025-11-19 22:03:30,150 [Worker-53] WARN  o.e.m.c.i.embedder.EclipseLogger - Using platform encoding (Cp1252 actually) to copy filtered resources, i.e. build is platform dependent!
2025-11-19 22:03:30,152 [Worker-53] INFO  o.e.m.c.i.embedder.EclipseLogger - Copying 0 resource
2025-11-19 22:03:30,152 [Worker-53] WARN  o.e.m.c.i.embedder.EclipseLogger - Using platform encoding (Cp1252 actually) to copy filtered resources, i.e. build is platform dependent!
2025-11-19 22:03:30,155 [Worker-53] INFO  o.e.m.c.i.embedder.EclipseLogger - skip non existing resourceDirectory D:\Code\SpringMVC\MVCData\src\test\resources
2025-11-19 22:07:16,161 [Worker-50] WARN  o.e.m.c.i.embedder.EclipseLogger - Using platform encoding (Cp1252 actually) to copy filtered resources, i.e. build is platform dependent!
2025-11-19 22:07:16,161 [Worker-50] INFO  o.e.m.c.i.embedder.EclipseLogger - Copying 0 resource
2025-11-19 22:07:16,161 [Worker-50] WARN  o.e.m.c.i.embedder.EclipseLogger - Using platform encoding (Cp1252 actually) to copy filtered resources, i.e. build is platform dependent!
2025-11-19 22:07:16,161 [Worker-50] INFO  o.e.m.c.i.embedder.EclipseLogger - skip non existing resourceDirectory D:\Code\SpringMVC\MVCData\src\test\resources
2025-11-19 22:08:18,896 [Worker-46] WARN  o.e.m.c.i.embedder.EclipseLogger - Using platform encoding (Cp1252 actually) to copy filtered resources, i.e. build is platform dependent!
2025-11-19 22:08:18,896 [Worker-46] INFO  o.e.m.c.i.embedder.EclipseLogger - Copying 0 resource
2025-11-19 22:08:18,896 [Worker-46] WARN  o.e.m.c.i.embedder.EclipseLogger - Using platform encoding (Cp1252 actually) to copy filtered resources, i.e. build is platform dependent!
2025-11-19 22:08:18,896 [Worker-46] INFO  o.e.m.c.i.embedder.EclipseLogger - skip non existing resourceDirectory D:\Code\SpringMVC\MVCData\src\test\resources
2025-11-19 22:11:07,479 [Worker-47] WARN  o.e.m.c.i.embedder.EclipseLogger - Using platform encoding (Cp1252 actually) to copy filtered resources, i.e. build is platform dependent!
2025-11-19 22:11:07,495 [Worker-47] INFO  o.e.m.c.i.embedder.EclipseLogger - Copying 0 resource
2025-11-19 22:11:07,495 [Worker-47] WARN  o.e.m.c.i.embedder.EclipseLogger - Using platform encoding (Cp1252 actually) to copy filtered resources, i.e. build is platform dependent!
2025-11-19 22:11:07,495 [Worker-47] INFO  o.e.m.c.i.embedder.EclipseLogger - skip non existing resourceDirectory D:\Code\SpringMVC\MVCData\src\test\resources
2025-11-19 22:11:09,129 [Worker-51] WARN  o.e.m.c.i.embedder.EclipseLogger - Using platform encoding (Cp1252 actually) to copy filtered resources, i.e. build is platform dependent!
2025-11-19 22:11:09,129 [Worker-51] INFO  o.e.m.c.i.embedder.EclipseLogger - Copying 0 resource
2025-11-19 22:11:09,132 [Worker-51] WARN  o.e.m.c.i.embedder.EclipseLogger - Using platform encoding (Cp1252 actually) to copy filtered resources, i.e. build is platform dependent!
2025-11-19 22:11:09,132 [Worker-51] INFO  o.e.m.c.i.embedder.EclipseLogger - skip non existing resourceDirectory D:\Code\SpringMVC\MVCData\src\test\resources
2025-11-19 22:12:43,098 [Worker-46] WARN  o.e.m.c.i.embedder.EclipseLogger - Using platform encoding (Cp1252 actually) to copy filtered resources, i.e. build is platform dependent!
2025-11-19 22:12:43,098 [Worker-46] INFO  o.e.m.c.i.embedder.EclipseLogger - Copying 0 resource
2025-11-19 22:12:43,101 [Worker-46] WARN  o.e.m.c.i.embedder.EclipseLogger - Using platform encoding (Cp1252 actually) to copy filtered resources, i.e. build is platform dependent!
2025-11-19 22:12:43,101 [Worker-46] INFO  o.e.m.c.i.embedder.EclipseLogger - skip non existing resourceDirectory D:\Code\SpringMVC\MVCData\src\test\resources
2025-11-19 22:16:38,654 [Worker-56] WARN  o.e.m.c.i.embedder.EclipseLogger - Using platform encoding (Cp1252 actually) to copy filtered resources, i.e. build is platform dependent!
2025-11-19 22:16:38,656 [Worker-56] INFO  o.e.m.c.i.embedder.EclipseLogger - Copying 0 resource
2025-11-19 22:16:38,656 [Worker-56] WARN  o.e.m.c.i.embedder.EclipseLogger - Using platform encoding (Cp1252 actually) to copy filtered resources, i.e. build is platform dependent!
2025-11-19 22:16:38,656 [Worker-56] INFO  o.e.m.c.i.embedder.EclipseLogger - skip non existing resourceDirectory D:\Code\SpringMVC\MVCData\src\test\resources
2025-11-19 22:18:08,240 [Worker-46] WARN  o.e.m.c.i.embedder.EclipseLogger - Using platform encoding (Cp1252 actually) to copy filtered resources, i.e. build is platform dependent!
2025-11-19 22:18:08,240 [Worker-46] INFO  o.e.m.c.i.embedder.EclipseLogger - Copying 0 resource
2025-11-19 22:18:08,246 [Worker-46] WARN  o.e.m.c.i.embedder.EclipseLogger - Using platform encoding (Cp1252 actually) to copy filtered resources, i.e. build is platform dependent!
2025-11-19 22:18:08,246 [Worker-46] INFO  o.e.m.c.i.embedder.EclipseLogger - skip non existing resourceDirectory D:\Code\SpringMVC\MVCData\src\test\resources
2025-11-19 22:18:35,139 [Worker-55] WARN  o.e.m.c.i.embedder.EclipseLogger - Using platform encoding (Cp1252 actually) to copy filtered resources, i.e. build is platform dependent!
2025-11-19 22:18:35,141 [Worker-55] INFO  o.e.m.c.i.embedder.EclipseLogger - Copying 0 resource
2025-11-19 22:18:35,144 [Worker-55] WARN  o.e.m.c.i.embedder.EclipseLogger - Using platform encoding (Cp1252 actually) to copy filtered resources, i.e. build is platform dependent!
2025-11-19 22:18:35,144 [Worker-55] INFO  o.e.m.c.i.embedder.EclipseLogger - skip non existing resourceDirectory D:\Code\SpringMVC\MVCData\src\test\resources
2025-11-19 22:19:54,670 [Worker-46] WARN  o.e.m.c.i.embedder.EclipseLogger - Using platform encoding (Cp1252 actually) to copy filtered resources, i.e. build is platform dependent!
2025-11-19 22:19:54,670 [Worker-46] INFO  o.e.m.c.i.embedder.EclipseLogger - Copying 0 resource
2025-11-19 22:19:54,670 [Worker-46] WARN  o.e.m.c.i.embedder.EclipseLogger - Using platform encoding (Cp1252 actually) to copy filtered resources, i.e. build is platform dependent!
2025-11-19 22:19:54,685 [Worker-46] INFO  o.e.m.c.i.embedder.EclipseLogger - skip non existing resourceDirectory D:\Code\SpringMVC\MVCData\src\test\resources
2025-11-19 22:25:39,891 [Worker-58] WARN  o.e.m.c.i.embedder.EclipseLogger - Using platform encoding (Cp1252 actually) to copy filtered resources, i.e. build is platform dependent!
2025-11-19 22:25:39,891 [Worker-58] INFO  o.e.m.c.i.embedder.EclipseLogger - Copying 0 resource
2025-11-19 22:25:39,893 [Worker-58] WARN  o.e.m.c.i.embedder.EclipseLogger - Using platform encoding (Cp1252 actually) to copy filtered resources, i.e. build is platform dependent!
2025-11-19 22:25:39,893 [Worker-58] INFO  o.e.m.c.i.embedder.EclipseLogger - skip non existing resourceDirectory D:\Code\SpringMVC\MVCData\src\test\resources
2025-11-19 22:38:24,510 [Worker-67] WARN  o.e.m.c.i.embedder.EclipseLogger - Using platform encoding (Cp1252 actually) to copy filtered resources, i.e. build is platform dependent!
2025-11-19 22:38:24,512 [Worker-67] INFO  o.e.m.c.i.embedder.EclipseLogger - Copying 0 resource
2025-11-19 22:38:24,514 [Worker-67] WARN  o.e.m.c.i.embedder.EclipseLogger - Using platform encoding (Cp1252 actually) to copy filtered resources, i.e. build is platform dependent!
2025-11-19 22:38:24,516 [Worker-67] INFO  o.e.m.c.i.embedder.EclipseLogger - skip non existing resourceDirectory D:\Code\SpringMVC\MVCData\src\test\resources
2025-11-19 22:38:48,735 [Worker-69] WARN  o.e.m.c.i.embedder.EclipseLogger - Using platform encoding (Cp1252 actually) to copy filtered resources, i.e. build is platform dependent!
2025-11-19 22:38:48,735 [Worker-69] INFO  o.e.m.c.i.embedder.EclipseLogger - Copying 0 resource
2025-11-19 22:38:48,735 [Worker-69] WARN  o.e.m.c.i.embedder.EclipseLogger - Using platform encoding (Cp1252 actually) to copy filtered resources, i.e. build is platform dependent!
2025-11-19 22:38:48,735 [Worker-69] INFO  o.e.m.c.i.embedder.EclipseLogger - skip non existing resourceDirectory D:\Code\SpringMVC\MVCData\src\test\resources
2025-11-19 22:41:33,771 [Worker-70] WARN  o.e.m.c.i.embedder.EclipseLogger - Using platform encoding (Cp1252 actually) to copy filtered resources, i.e. build is platform dependent!
2025-11-19 22:41:33,771 [Worker-70] INFO  o.e.m.c.i.embedder.EclipseLogger - Copying 0 resource
2025-11-19 22:41:33,771 [Worker-70] WARN  o.e.m.c.i.embedder.EclipseLogger - Using platform encoding (Cp1252 actually) to copy filtered resources, i.e. build is platform dependent!
2025-11-19 22:41:33,787 [Worker-70] INFO  o.e.m.c.i.embedder.EclipseLogger - skip non existing resourceDirectory D:\Code\SpringMVC\MVCData\src\test\resources
2025-11-19 22:41:33,930 [Worker-66] INFO  o.e.m.c.i.e.AbstractTransferListenerAdapter - Downloading https://repo.maven.apache.org/maven2/org/springframework/spring-web/5.3.23/spring-web-5.3.23-sources.jar
2025-11-19 22:41:34,342 [Worker-66] INFO  o.e.m.c.i.e.AbstractTransferListenerAdapter - Downloaded https://repo.maven.apache.org/maven2/org/springframework/spring-web/5.3.23/spring-web-5.3.23-sources.jar
2025-11-19 22:41:34,690 [Worker-66] INFO  o.e.m.j.internal.DownloadSourcesJob - Downloaded sources for org.springframework:spring-web:5.3.23
2025-11-19 22:41:35,307 [Worker-69] WARN  o.e.m.c.i.embedder.EclipseLogger - Using platform encoding (Cp1252 actually) to copy filtered resources, i.e. build is platform dependent!
2025-11-19 22:41:35,307 [Worker-69] INFO  o.e.m.c.i.embedder.EclipseLogger - Copying 0 resource
2025-11-19 22:41:35,307 [Worker-69] WARN  o.e.m.c.i.embedder.EclipseLogger - Using platform encoding (Cp1252 actually) to copy filtered resources, i.e. build is platform dependent!
2025-11-19 22:41:35,307 [Worker-69] INFO  o.e.m.c.i.embedder.EclipseLogger - skip non existing resourceDirectory D:\Code\SpringMVC\MVCData\src\test\resources
2025-11-19 22:43:45,632 [Worker-64] WARN  o.e.m.c.i.embedder.EclipseLogger - Using platform encoding (Cp1252 actually) to copy filtered resources, i.e. build is platform dependent!
2025-11-19 22:43:45,632 [Worker-64] INFO  o.e.m.c.i.embedder.EclipseLogger - Copying 0 resource
2025-11-19 22:43:45,633 [Worker-64] WARN  o.e.m.c.i.embedder.EclipseLogger - Using platform encoding (Cp1252 actually) to copy filtered resources, i.e. build is platform dependent!
2025-11-19 22:43:45,633 [Worker-64] INFO  o.e.m.c.i.embedder.EclipseLogger - skip non existing resourceDirectory D:\Code\SpringMVC\MVCData\src\test\resources
2025-11-19 22:53:17,778 [Worker-64] WARN  o.e.m.c.i.embedder.EclipseLogger - Using platform encoding (Cp1252 actually) to copy filtered resources, i.e. build is platform dependent!
2025-11-19 22:53:17,778 [Worker-64] INFO  o.e.m.c.i.embedder.EclipseLogger - Copying 0 resource
2025-11-19 22:53:17,780 [Worker-64] WARN  o.e.m.c.i.embedder.EclipseLogger - Using platform encoding (Cp1252 actually) to copy filtered resources, i.e. build is platform dependent!
2025-11-19 22:53:17,782 [Worker-64] INFO  o.e.m.c.i.embedder.EclipseLogger - skip non existing resourceDirectory D:\Code\SpringMVC\MVCData\src\test\resources
2025-11-19 22:55:21,979 [Worker-70] WARN  o.e.m.c.i.embedder.EclipseLogger - Using platform encoding (Cp1252 actually) to copy filtered resources, i.e. build is platform dependent!
2025-11-19 22:55:21,979 [Worker-70] INFO  o.e.m.c.i.embedder.EclipseLogger - Copying 0 resource
2025-11-19 22:55:21,979 [Worker-70] WARN  o.e.m.c.i.embedder.EclipseLogger - Using platform encoding (Cp1252 actually) to copy filtered resources, i.e. build is platform dependent!
2025-11-19 22:55:21,990 [Worker-70] INFO  o.e.m.c.i.embedder.EclipseLogger - skip non existing resourceDirectory D:\Code\SpringMVC\MVCData\src\test\resources
2025-11-19 22:57:07,245 [Worker-76] WARN  o.e.m.c.i.embedder.EclipseLogger - Using platform encoding (Cp1252 actually) to copy filtered resources, i.e. build is platform dependent!
2025-11-19 22:57:07,245 [Worker-76] INFO  o.e.m.c.i.embedder.EclipseLogger - Copying 0 resource
2025-11-19 22:57:07,245 [Worker-76] WARN  o.e.m.c.i.embedder.EclipseLogger - Using platform encoding (Cp1252 actually) to copy filtered resources, i.e. build is platform dependent!
2025-11-19 22:57:07,245 [Worker-76] INFO  o.e.m.c.i.embedder.EclipseLogger - skip non existing resourceDirectory D:\Code\SpringMVC\MVCData\src\test\resources
2025-11-19 22:59:06,922 [Worker-75] WARN  o.e.m.c.i.embedder.EclipseLogger - Using platform encoding (Cp1252 actually) to copy filtered resources, i.e. build is platform dependent!
2025-11-19 22:59:06,922 [Worker-75] INFO  o.e.m.c.i.embedder.EclipseLogger - Copying 0 resource
2025-11-19 22:59:06,937 [Worker-75] WARN  o.e.m.c.i.embedder.EclipseLogger - Using platform encoding (Cp1252 actually) to copy filtered resources, i.e. build is platform dependent!
2025-11-19 22:59:06,937 [Worker-75] INFO  o.e.m.c.i.embedder.EclipseLogger - skip non existing resourceDirectory D:\Code\SpringMVC\MVCData\src\test\resources
2025-11-19 23:00:39,086 [Worker-73] WARN  o.e.m.c.i.embedder.EclipseLogger - Using platform encoding (Cp1252 actually) to copy filtered resources, i.e. build is platform dependent!
2025-11-19 23:00:39,088 [Worker-73] INFO  o.e.m.c.i.embedder.EclipseLogger - Copying 0 resource
2025-11-19 23:00:39,088 [Worker-73] WARN  o.e.m.c.i.embedder.EclipseLogger - Using platform encoding (Cp1252 actually) to copy filtered resources, i.e. build is platform dependent!
2025-11-19 23:00:39,091 [Worker-73] INFO  o.e.m.c.i.embedder.EclipseLogger - skip non existing resourceDirectory D:\Code\SpringMVC\MVCData\src\test\resources
2025-11-19 23:03:05,382 [Worker-47] WARN  o.e.m.c.i.embedder.EclipseLogger - Using platform encoding (Cp1252 actually) to copy filtered resources, i.e. build is platform dependent!
2025-11-19 23:03:05,382 [Worker-47] INFO  o.e.m.c.i.embedder.EclipseLogger - Copying 0 resource
2025-11-19 23:03:05,382 [Worker-47] WARN  o.e.m.c.i.embedder.EclipseLogger - Using platform encoding (Cp1252 actually) to copy filtered resources, i.e. build is platform dependent!
2025-11-19 23:03:05,403 [Worker-47] INFO  o.e.m.c.i.embedder.EclipseLogger - skip non existing resourceDirectory D:\Code\SpringMVC\MVCData\src\test\resources
2025-11-19 23:08:21,461 [Worker-82] WARN  o.e.m.c.i.embedder.EclipseLogger - Using platform encoding (Cp1252 actually) to copy filtered resources, i.e. build is platform dependent!
2025-11-19 23:08:21,461 [Worker-82] INFO  o.e.m.c.i.embedder.EclipseLogger - Copying 0 resource
2025-11-19 23:08:21,461 [Worker-82] WARN  o.e.m.c.i.embedder.EclipseLogger - Using platform encoding (Cp1252 actually) to copy filtered resources, i.e. build is platform dependent!
2025-11-19 23:08:21,461 [Worker-82] INFO  o.e.m.c.i.embedder.EclipseLogger - skip non existing resourceDirectory D:\Code\SpringMVC\MVCData\src\test\resources
2025-11-19 23:11:16,130 [Worker-83] WARN  o.e.m.c.i.embedder.EclipseLogger - Using platform encoding (Cp1252 actually) to copy filtered resources, i.e. build is platform dependent!
2025-11-19 23:11:16,132 [Worker-83] INFO  o.e.m.c.i.embedder.EclipseLogger - Copying 0 resource
2025-11-19 23:11:16,132 [Worker-83] WARN  o.e.m.c.i.embedder.EclipseLogger - Using platform encoding (Cp1252 actually) to copy filtered resources, i.e. build is platform dependent!
2025-11-19 23:11:16,132 [Worker-83] INFO  o.e.m.c.i.embedder.EclipseLogger - skip non existing resourceDirectory D:\Code\SpringMVC\MVCData\src\test\resources
2025-11-19 23:11:56,074 [Worker-84] WARN  o.e.m.c.i.embedder.EclipseLogger - Using platform encoding (Cp1252 actually) to copy filtered resources, i.e. build is platform dependent!
2025-11-19 23:11:56,074 [Worker-84] INFO  o.e.m.c.i.embedder.EclipseLogger - Copying 0 resource
2025-11-19 23:11:56,074 [Worker-84] WARN  o.e.m.c.i.embedder.EclipseLogger - Using platform encoding (Cp1252 actually) to copy filtered resources, i.e. build is platform dependent!
2025-11-19 23:11:56,074 [Worker-84] INFO  o.e.m.c.i.embedder.EclipseLogger - skip non existing resourceDirectory D:\Code\SpringMVC\MVCData\src\test\resources
2025-11-19 23:12:48,364 [Worker-82] WARN  o.e.m.c.i.embedder.EclipseLogger - Using platform encoding (Cp1252 actually) to copy filtered resources, i.e. build is platform dependent!
2025-11-19 23:12:48,364 [Worker-82] INFO  o.e.m.c.i.embedder.EclipseLogger - Copying 0 resource
2025-11-19 23:12:48,364 [Worker-82] WARN  o.e.m.c.i.embedder.EclipseLogger - Using platform encoding (Cp1252 actually) to copy filtered resources, i.e. build is platform dependent!
2025-11-19 23:12:48,364 [Worker-82] INFO  o.e.m.c.i.embedder.EclipseLogger - skip non existing resourceDirectory D:\Code\SpringMVC\MVCData\src\test\resources
2025-11-19 23:24:13,307 [Worker-85] WARN  o.e.m.c.i.embedder.EclipseLogger - Using platform encoding (Cp1252 actually) to copy filtered resources, i.e. build is platform dependent!
2025-11-19 23:24:13,307 [Worker-85] INFO  o.e.m.c.i.embedder.EclipseLogger - Copying 0 resource
2025-11-19 23:24:13,307 [Worker-85] WARN  o.e.m.c.i.embedder.EclipseLogger - Using platform encoding (Cp1252 actually) to copy filtered resources, i.e. build is platform dependent!
2025-11-19 23:24:13,307 [Worker-85] INFO  o.e.m.c.i.embedder.EclipseLogger - skip non existing resourceDirectory D:\Code\SpringMVC\MVCData\src\test\resources
2025-11-19 23:24:20,865 [Worker-86] WARN  o.e.m.c.i.embedder.EclipseLogger - Using platform encoding (Cp1252 actually) to copy filtered resources, i.e. build is platform dependent!
2025-11-19 23:24:20,865 [Worker-86] INFO  o.e.m.c.i.embedder.EclipseLogger - Copying 0 resource
2025-11-19 23:24:20,865 [Worker-86] WARN  o.e.m.c.i.embedder.EclipseLogger - Using platform encoding (Cp1252 actually) to copy filtered resources, i.e. build is platform dependent!
2025-11-19 23:24:20,865 [Worker-86] INFO  o.e.m.c.i.embedder.EclipseLogger - skip non existing resourceDirectory D:\Code\SpringMVC\MVCData\src\test\resources
2025-11-19 23:26:45,515 [Worker-92] WARN  o.e.m.c.i.embedder.EclipseLogger - Using platform encoding (Cp1252 actually) to copy filtered resources, i.e. build is platform dependent!
2025-11-19 23:26:45,516 [Worker-92] INFO  o.e.m.c.i.embedder.EclipseLogger - Copying 0 resource
2025-11-19 23:26:45,516 [Worker-92] WARN  o.e.m.c.i.embedder.EclipseLogger - Using platform encoding (Cp1252 actually) to copy filtered resources, i.e. build is platform dependent!
2025-11-19 23:26:45,524 [Worker-92] INFO  o.e.m.c.i.embedder.EclipseLogger - skip non existing resourceDirectory D:\Code\SpringMVC\MVCData\src\test\resources
2025-11-19 23:26:57,390 [Worker-86] WARN  o.e.m.c.i.embedder.EclipseLogger - Using platform encoding (Cp1252 actually) to copy filtered resources, i.e. build is platform dependent!
2025-11-19 23:26:57,390 [Worker-86] INFO  o.e.m.c.i.embedder.EclipseLogger - Copying 0 resource
2025-11-19 23:26:57,390 [Worker-86] WARN  o.e.m.c.i.embedder.EclipseLogger - Using platform encoding (Cp1252 actually) to copy filtered resources, i.e. build is platform dependent!
2025-11-19 23:26:57,390 [Worker-86] INFO  o.e.m.c.i.embedder.EclipseLogger - skip non existing resourceDirectory D:\Code\SpringMVC\MVCData\src\test\resources
2025-11-19 23:27:11,502 [Worker-90] WARN  o.e.m.c.i.embedder.EclipseLogger - Using platform encoding (Cp1252 actually) to copy filtered resources, i.e. build is platform dependent!
2025-11-19 23:27:11,505 [Worker-90] INFO  o.e.m.c.i.embedder.EclipseLogger - Copying 0 resource
2025-11-19 23:27:11,505 [Worker-90] WARN  o.e.m.c.i.embedder.EclipseLogger - Using platform encoding (Cp1252 actually) to copy filtered resources, i.e. build is platform dependent!
2025-11-19 23:27:11,505 [Worker-90] INFO  o.e.m.c.i.embedder.EclipseLogger - skip non existing resourceDirectory D:\Code\SpringMVC\MVCData\src\test\resources
2025-11-19 23:31:30,168 [Worker-93] WARN  o.e.m.c.i.embedder.EclipseLogger - Using platform encoding (Cp1252 actually) to copy filtered resources, i.e. build is platform dependent!
2025-11-19 23:31:30,168 [Worker-93] INFO  o.e.m.c.i.embedder.EclipseLogger - Copying 0 resource
2025-11-19 23:31:30,168 [Worker-93] WARN  o.e.m.c.i.embedder.EclipseLogger - Using platform encoding (Cp1252 actually) to copy filtered resources, i.e. build is platform dependent!
2025-11-19 23:31:30,184 [Worker-93] INFO  o.e.m.c.i.embedder.EclipseLogger - skip non existing resourceDirectory D:\Code\SpringMVC\MVCData\src\test\resources
2025-11-19 23:31:40,866 [Worker-90] WARN  o.e.m.c.i.embedder.EclipseLogger - Using platform encoding (Cp1252 actually) to copy filtered resources, i.e. build is platform dependent!
2025-11-19 23:31:40,866 [Worker-90] INFO  o.e.m.c.i.embedder.EclipseLogger - Copying 0 resource
2025-11-19 23:31:40,868 [Worker-90] WARN  o.e.m.c.i.embedder.EclipseLogger - Using platform encoding (Cp1252 actually) to copy filtered resources, i.e. build is platform dependent!
2025-11-19 23:31:40,868 [Worker-90] INFO  o.e.m.c.i.embedder.EclipseLogger - skip non existing resourceDirectory D:\Code\SpringMVC\MVCData\src\test\resources
2025-11-19 23:33:34,345 [Worker-91] WARN  o.e.m.c.i.embedder.EclipseLogger - Using platform encoding (Cp1252 actually) to copy filtered resources, i.e. build is platform dependent!
2025-11-19 23:33:34,347 [Worker-91] INFO  o.e.m.c.i.embedder.EclipseLogger - Copying 0 resource
2025-11-19 23:33:34,347 [Worker-91] WARN  o.e.m.c.i.embedder.EclipseLogger - Using platform encoding (Cp1252 actually) to copy filtered resources, i.e. build is platform dependent!
2025-11-19 23:33:34,347 [Worker-91] INFO  o.e.m.c.i.embedder.EclipseLogger - skip non existing resourceDirectory D:\Code\SpringMVC\MVCData\src\test\resources
2025-11-19 23:35:22,984 [Worker-95] WARN  o.e.m.c.i.embedder.EclipseLogger - Using platform encoding (Cp1252 actually) to copy filtered resources, i.e. build is platform dependent!
2025-11-19 23:35:22,984 [Worker-95] INFO  o.e.m.c.i.embedder.EclipseLogger - Copying 0 resource
2025-11-19 23:35:22,986 [Worker-95] WARN  o.e.m.c.i.embedder.EclipseLogger - Using platform encoding (Cp1252 actually) to copy filtered resources, i.e. build is platform dependent!
2025-11-19 23:35:22,986 [Worker-95] INFO  o.e.m.c.i.embedder.EclipseLogger - skip non existing resourceDirectory D:\Code\SpringMVC\MVCData\src\test\resources
2025-11-19 23:36:16,939 [Worker-95] WARN  o.e.m.c.i.embedder.EclipseLogger - Using platform encoding (Cp1252 actually) to copy filtered resources, i.e. build is platform dependent!
2025-11-19 23:36:16,939 [Worker-95] INFO  o.e.m.c.i.embedder.EclipseLogger - Copying 0 resource
2025-11-19 23:36:16,939 [Worker-95] WARN  o.e.m.c.i.embedder.EclipseLogger - Using platform encoding (Cp1252 actually) to copy filtered resources, i.e. build is platform dependent!
2025-11-19 23:36:16,939 [Worker-95] INFO  o.e.m.c.i.embedder.EclipseLogger - skip non existing resourceDirectory D:\Code\SpringMVC\MVCData\src\test\resources
2025-11-19 23:37:41,713 [Worker-91] WARN  o.e.m.c.i.embedder.EclipseLogger - Using platform encoding (Cp1252 actually) to copy filtered resources, i.e. build is platform dependent!
2025-11-19 23:37:41,713 [Worker-91] INFO  o.e.m.c.i.embedder.EclipseLogger - Copying 0 resource
2025-11-19 23:37:41,713 [Worker-91] WARN  o.e.m.c.i.embedder.EclipseLogger - Using platform encoding (Cp1252 actually) to copy filtered resources, i.e. build is platform dependent!
2025-11-19 23:37:41,713 [Worker-91] INFO  o.e.m.c.i.embedder.EclipseLogger - skip non existing resourceDirectory D:\Code\SpringMVC\MVCData\src\test\resources
2025-11-19 23:38:42,746 [Worker-85] WARN  o.e.m.c.i.embedder.EclipseLogger - Using platform encoding (Cp1252 actually) to copy filtered resources, i.e. build is platform dependent!
2025-11-19 23:38:42,746 [Worker-85] INFO  o.e.m.c.i.embedder.EclipseLogger - Copying 0 resource
2025-11-19 23:38:42,746 [Worker-85] WARN  o.e.m.c.i.embedder.EclipseLogger - Using platform encoding (Cp1252 actually) to copy filtered resources, i.e. build is platform dependent!
2025-11-19 23:38:42,746 [Worker-85] INFO  o.e.m.c.i.embedder.EclipseLogger - skip non existing resourceDirectory D:\Code\SpringMVC\MVCData\src\test\resources
2025-11-19 23:38:59,378 [Worker-96] WARN  o.e.m.c.i.embedder.EclipseLogger - Using platform encoding (Cp1252 actually) to copy filtered resources, i.e. build is platform dependent!
2025-11-19 23:38:59,378 [Worker-96] INFO  o.e.m.c.i.embedder.EclipseLogger - Copying 0 resource
2025-11-19 23:38:59,380 [Worker-96] WARN  o.e.m.c.i.embedder.EclipseLogger - Using platform encoding (Cp1252 actually) to copy filtered resources, i.e. build is platform dependent!
2025-11-19 23:38:59,380 [Worker-96] INFO  o.e.m.c.i.embedder.EclipseLogger - skip non existing resourceDirectory D:\Code\SpringMVC\MVCData\src\test\resources
2025-11-19 23:39:33,310 [Worker-97] WARN  o.e.m.c.i.embedder.EclipseLogger - Using platform encoding (Cp1252 actually) to copy filtered resources, i.e. build is platform dependent!
2025-11-19 23:39:33,310 [Worker-97] INFO  o.e.m.c.i.embedder.EclipseLogger - Copying 0 resource
2025-11-19 23:39:33,318 [Worker-97] WARN  o.e.m.c.i.embedder.EclipseLogger - Using platform encoding (Cp1252 actually) to copy filtered resources, i.e. build is platform dependent!
2025-11-19 23:39:33,318 [Worker-97] INFO  o.e.m.c.i.embedder.EclipseLogger - skip non existing resourceDirectory D:\Code\SpringMVC\MVCData\src\test\resources
2025-11-19 23:39:40,524 [Worker-95] WARN  o.e.m.c.i.embedder.EclipseLogger - Using platform encoding (Cp1252 actually) to copy filtered resources, i.e. build is platform dependent!
2025-11-19 23:39:40,524 [Worker-95] INFO  o.e.m.c.i.embedder.EclipseLogger - Copying 0 resource
2025-11-19 23:39:40,524 [Worker-95] WARN  o.e.m.c.i.embedder.EclipseLogger - Using platform encoding (Cp1252 actually) to copy filtered resources, i.e. build is platform dependent!
2025-11-19 23:39:40,524 [Worker-95] INFO  o.e.m.c.i.embedder.EclipseLogger - skip non existing resourceDirectory D:\Code\SpringMVC\MVCData\src\test\resources
2025-11-19 23:40:29,151 [Worker-96] WARN  o.e.m.c.i.embedder.EclipseLogger - Using platform encoding (Cp1252 actually) to copy filtered resources, i.e. build is platform dependent!
2025-11-19 23:40:29,151 [Worker-96] INFO  o.e.m.c.i.embedder.EclipseLogger - Copying 0 resource
2025-11-19 23:40:29,151 [Worker-96] WARN  o.e.m.c.i.embedder.EclipseLogger - Using platform encoding (Cp1252 actually) to copy filtered resources, i.e. build is platform dependent!
2025-11-19 23:40:29,151 [Worker-96] INFO  o.e.m.c.i.embedder.EclipseLogger - skip non existing resourceDirectory D:\Code\SpringMVC\MVCData\src\test\resources
2025-11-19 23:43:32,624 [Worker-86] WARN  o.e.m.c.i.embedder.EclipseLogger - Using platform encoding (Cp1252 actually) to copy filtered resources, i.e. build is platform dependent!
2025-11-19 23:43:32,640 [Worker-86] INFO  o.e.m.c.i.embedder.EclipseLogger - Copying 0 resource
2025-11-19 23:43:32,640 [Worker-86] WARN  o.e.m.c.i.embedder.EclipseLogger - Using platform encoding (Cp1252 actually) to copy filtered resources, i.e. build is platform dependent!
2025-11-19 23:43:32,640 [Worker-86] INFO  o.e.m.c.i.embedder.EclipseLogger - skip non existing resourceDirectory D:\Code\SpringMVC\MVCData\src\test\resources
2025-11-19 23:45:19,925 [Worker-95] WARN  o.e.m.c.i.embedder.EclipseLogger - Using platform encoding (Cp1252 actually) to copy filtered resources, i.e. build is platform dependent!
2025-11-19 23:45:19,925 [Worker-95] INFO  o.e.m.c.i.embedder.EclipseLogger - Copying 0 resource
2025-11-19 23:45:19,927 [Worker-95] WARN  o.e.m.c.i.embedder.EclipseLogger - Using platform encoding (Cp1252 actually) to copy filtered resources, i.e. build is platform dependent!
2025-11-19 23:45:19,935 [Worker-95] INFO  o.e.m.c.i.embedder.EclipseLogger - skip non existing resourceDirectory D:\Code\SpringMVC\MVCData\src\test\resources
2025-11-19 23:45:27,812 [Worker-99] WARN  o.e.m.c.i.embedder.EclipseLogger - Using platform encoding (Cp1252 actually) to copy filtered resources, i.e. build is platform dependent!
2025-11-19 23:45:27,812 [Worker-99] INFO  o.e.m.c.i.embedder.EclipseLogger - Copying 0 resource
2025-11-19 23:45:27,812 [Worker-99] WARN  o.e.m.c.i.embedder.EclipseLogger - Using platform encoding (Cp1252 actually) to copy filtered resources, i.e. build is platform dependent!
2025-11-19 23:45:27,812 [Worker-99] INFO  o.e.m.c.i.embedder.EclipseLogger - skip non existing resourceDirectory D:\Code\SpringMVC\MVCData\src\test\resources
2025-11-19 23:46:18,569 [Worker-97] WARN  o.e.m.c.i.embedder.EclipseLogger - Using platform encoding (Cp1252 actually) to copy filtered resources, i.e. build is platform dependent!
2025-11-19 23:46:18,569 [Worker-97] INFO  o.e.m.c.i.embedder.EclipseLogger - Copying 0 resource
2025-11-19 23:46:18,569 [Worker-97] WARN  o.e.m.c.i.embedder.EclipseLogger - Using platform encoding (Cp1252 actually) to copy filtered resources, i.e. build is platform dependent!
2025-11-19 23:46:18,569 [Worker-97] INFO  o.e.m.c.i.embedder.EclipseLogger - skip non existing resourceDirectory D:\Code\SpringMVC\MVCData\src\test\resources
2025-11-19 23:47:22,703 [Worker-86] WARN  o.e.m.c.i.embedder.EclipseLogger - Using platform encoding (Cp1252 actually) to copy filtered resources, i.e. build is platform dependent!
2025-11-19 23:47:22,703 [Worker-86] INFO  o.e.m.c.i.embedder.EclipseLogger - Copying 0 resource
2025-11-19 23:47:22,703 [Worker-86] WARN  o.e.m.c.i.embedder.EclipseLogger - Using platform encoding (Cp1252 actually) to copy filtered resources, i.e. build is platform dependent!
2025-11-19 23:47:22,703 [Worker-86] INFO  o.e.m.c.i.embedder.EclipseLogger - skip non existing resourceDirectory D:\Code\SpringMVC\MVCData\src\test\resources
2025-11-19 23:48:35,278 [Worker-86] WARN  o.e.m.c.i.embedder.EclipseLogger - Using platform encoding (Cp1252 actually) to copy filtered resources, i.e. build is platform dependent!
2025-11-19 23:48:35,278 [Worker-86] INFO  o.e.m.c.i.embedder.EclipseLogger - Copying 0 resource
2025-11-19 23:48:35,278 [Worker-86] WARN  o.e.m.c.i.embedder.EclipseLogger - Using platform encoding (Cp1252 actually) to copy filtered resources, i.e. build is platform dependent!
2025-11-19 23:48:35,280 [Worker-86] INFO  o.e.m.c.i.embedder.EclipseLogger - skip non existing resourceDirectory D:\Code\SpringMVC\MVCData\src\test\resources
2025-11-19 23:50:15,842 [Worker-95] WARN  o.e.m.c.i.embedder.EclipseLogger - Using platform encoding (Cp1252 actually) to copy filtered resources, i.e. build is platform dependent!
2025-11-19 23:50:15,842 [Worker-95] INFO  o.e.m.c.i.embedder.EclipseLogger - Copying 0 resource
2025-11-19 23:50:15,842 [Worker-95] WARN  o.e.m.c.i.embedder.EclipseLogger - Using platform encoding (Cp1252 actually) to copy filtered resources, i.e. build is platform dependent!
2025-11-19 23:50:15,842 [Worker-95] INFO  o.e.m.c.i.embedder.EclipseLogger - skip non existing resourceDirectory D:\Code\SpringMVC\MVCData\src\test\resources
2025-11-19 23:51:45,290 [Worker-86] WARN  o.e.m.c.i.embedder.EclipseLogger - Using platform encoding (Cp1252 actually) to copy filtered resources, i.e. build is platform dependent!
2025-11-19 23:51:45,290 [Worker-86] INFO  o.e.m.c.i.embedder.EclipseLogger - Copying 0 resource
2025-11-19 23:51:45,290 [Worker-86] WARN  o.e.m.c.i.embedder.EclipseLogger - Using platform encoding (Cp1252 actually) to copy filtered resources, i.e. build is platform dependent!
2025-11-19 23:51:45,290 [Worker-86] INFO  o.e.m.c.i.embedder.EclipseLogger - skip non existing resourceDirectory D:\Code\SpringMVC\MVCData\src\test\resources
2025-11-19 23:53:05,035 [Worker-100] WARN  o.e.m.c.i.embedder.EclipseLogger - Using platform encoding (Cp1252 actually) to copy filtered resources, i.e. build is platform dependent!
2025-11-19 23:53:05,035 [Worker-100] INFO  o.e.m.c.i.embedder.EclipseLogger - Copying 0 resource
2025-11-19 23:53:05,037 [Worker-100] WARN  o.e.m.c.i.embedder.EclipseLogger - Using platform encoding (Cp1252 actually) to copy filtered resources, i.e. build is platform dependent!
2025-11-19 23:53:05,037 [Worker-100] INFO  o.e.m.c.i.embedder.EclipseLogger - skip non existing resourceDirectory D:\Code\SpringMVC\MVCData\src\test\resources
2025-11-19 23:55:05,750 [Worker-86] WARN  o.e.m.c.i.embedder.EclipseLogger - Using platform encoding (Cp1252 actually) to copy filtered resources, i.e. build is platform dependent!
2025-11-19 23:55:05,750 [Worker-86] INFO  o.e.m.c.i.embedder.EclipseLogger - Copying 0 resource
2025-11-19 23:55:05,750 [Worker-86] WARN  o.e.m.c.i.embedder.EclipseLogger - Using platform encoding (Cp1252 actually) to copy filtered resources, i.e. build is platform dependent!
2025-11-19 23:55:05,750 [Worker-86] INFO  o.e.m.c.i.embedder.EclipseLogger - skip non existing resourceDirectory D:\Code\SpringMVC\MVCData\src\test\resources
2025-11-19 23:58:31,971 [Worker-100] WARN  o.e.m.c.i.embedder.EclipseLogger - Using platform encoding (Cp1252 actually) to copy filtered resources, i.e. build is platform dependent!
2025-11-19 23:58:31,971 [Worker-100] INFO  o.e.m.c.i.embedder.EclipseLogger - Copying 0 resource
2025-11-19 23:58:31,973 [Worker-100] WARN  o.e.m.c.i.embedder.EclipseLogger - Using platform encoding (Cp1252 actually) to copy filtered resources, i.e. build is platform dependent!
2025-11-19 23:58:31,973 [Worker-100] INFO  o.e.m.c.i.embedder.EclipseLogger - skip non existing resourceDirectory D:\Code\SpringMVC\MVCData\src\test\resources
2025-11-19 23:59:15,872 [Worker-93] WARN  o.e.m.c.i.embedder.EclipseLogger - Using platform encoding (Cp1252 actually) to copy filtered resources, i.e. build is platform dependent!
2025-11-19 23:59:15,888 [Worker-93] INFO  o.e.m.c.i.embedder.EclipseLogger - Copying 0 resource
2025-11-19 23:59:15,888 [Worker-93] WARN  o.e.m.c.i.embedder.EclipseLogger - Using platform encoding (Cp1252 actually) to copy filtered resources, i.e. build is platform dependent!
2025-11-19 23:59:15,888 [Worker-93] INFO  o.e.m.c.i.embedder.EclipseLogger - skip non existing resourceDirectory D:\Code\SpringMVC\MVCData\src\test\resources
2025-11-20 00:00:10,518 [Worker-108] WARN  o.e.m.c.i.embedder.EclipseLogger - Using platform encoding (Cp1252 actually) to copy filtered resources, i.e. build is platform dependent!
2025-11-20 00:00:10,518 [Worker-108] INFO  o.e.m.c.i.embedder.EclipseLogger - Copying 0 resource
2025-11-20 00:00:10,518 [Worker-108] WARN  o.e.m.c.i.embedder.EclipseLogger - Using platform encoding (Cp1252 actually) to copy filtered resources, i.e. build is platform dependent!
2025-11-20 00:00:10,518 [Worker-108] INFO  o.e.m.c.i.embedder.EclipseLogger - skip non existing resourceDirectory D:\Code\SpringMVC\MVCData\src\test\resources
2025-11-20 00:01:57,747 [Worker-108] WARN  o.e.m.c.i.embedder.EclipseLogger - Using platform encoding (Cp1252 actually) to copy filtered resources, i.e. build is platform dependent!
2025-11-20 00:01:57,751 [Worker-108] INFO  o.e.m.c.i.embedder.EclipseLogger - Copying 0 resource
2025-11-20 00:01:57,751 [Worker-108] WARN  o.e.m.c.i.embedder.EclipseLogger - Using platform encoding (Cp1252 actually) to copy filtered resources, i.e. build is platform dependent!
2025-11-20 00:01:57,751 [Worker-108] INFO  o.e.m.c.i.embedder.EclipseLogger - skip non existing resourceDirectory D:\Code\SpringMVC\MVCData\src\test\resources
2025-11-20 00:03:50,262 [Worker-93] WARN  o.e.m.c.i.embedder.EclipseLogger - Using platform encoding (Cp1252 actually) to copy filtered resources, i.e. build is platform dependent!
2025-11-20 00:03:50,262 [Worker-93] INFO  o.e.m.c.i.embedder.EclipseLogger - Copying 0 resource
2025-11-20 00:03:50,262 [Worker-93] WARN  o.e.m.c.i.embedder.EclipseLogger - Using platform encoding (Cp1252 actually) to copy filtered resources, i.e. build is platform dependent!
2025-11-20 00:03:50,262 [Worker-93] INFO  o.e.m.c.i.embedder.EclipseLogger - skip non existing resourceDirectory D:\Code\SpringMVC\MVCData\src\test\resources
2025-11-20 00:05:01,685 [Worker-103] WARN  o.e.m.c.i.embedder.EclipseLogger - Using platform encoding (Cp1252 actually) to copy filtered resources, i.e. build is platform dependent!
2025-11-20 00:05:01,685 [Worker-103] INFO  o.e.m.c.i.embedder.EclipseLogger - Copying 0 resource
2025-11-20 00:05:01,685 [Worker-103] WARN  o.e.m.c.i.embedder.EclipseLogger - Using platform encoding (Cp1252 actually) to copy filtered resources, i.e. build is platform dependent!
2025-11-20 00:05:01,685 [Worker-103] INFO  o.e.m.c.i.embedder.EclipseLogger - skip non existing resourceDirectory D:\Code\SpringMVC\MVCData\src\test\resources
2025-11-20 00:08:39,685 [Worker-101] WARN  o.e.m.c.i.embedder.EclipseLogger - Using platform encoding (Cp1252 actually) to copy filtered resources, i.e. build is platform dependent!
2025-11-20 00:08:39,685 [Worker-101] INFO  o.e.m.c.i.embedder.EclipseLogger - Copying 0 resource
2025-11-20 00:08:39,685 [Worker-101] WARN  o.e.m.c.i.embedder.EclipseLogger - Using platform encoding (Cp1252 actually) to copy filtered resources, i.e. build is platform dependent!
2025-11-20 00:08:39,689 [Worker-101] INFO  o.e.m.c.i.embedder.EclipseLogger - skip non existing resourceDirectory D:\Code\SpringMVC\MVCData\src\test\resources
2025-11-20 00:11:09,379 [Worker-114] WARN  o.e.m.c.i.embedder.EclipseLogger - Using platform encoding (Cp1252 actually) to copy filtered resources, i.e. build is platform dependent!
2025-11-20 00:11:09,381 [Worker-114] INFO  o.e.m.c.i.embedder.EclipseLogger - Copying 0 resource
2025-11-20 00:11:09,381 [Worker-114] WARN  o.e.m.c.i.embedder.EclipseLogger - Using platform encoding (Cp1252 actually) to copy filtered resources, i.e. build is platform dependent!
2025-11-20 00:11:09,383 [Worker-114] INFO  o.e.m.c.i.embedder.EclipseLogger - skip non existing resourceDirectory D:\Code\SpringMVC\MVCData\src\test\resources
2025-11-20 00:11:21,545 [Worker-111] WARN  o.e.m.c.i.embedder.EclipseLogger - Using platform encoding (Cp1252 actually) to copy filtered resources, i.e. build is platform dependent!
2025-11-20 00:11:21,547 [Worker-111] INFO  o.e.m.c.i.embedder.EclipseLogger - Copying 0 resource
2025-11-20 00:11:21,549 [Worker-111] WARN  o.e.m.c.i.embedder.EclipseLogger - Using platform encoding (Cp1252 actually) to copy filtered resources, i.e. build is platform dependent!
2025-11-20 00:11:21,549 [Worker-111] INFO  o.e.m.c.i.embedder.EclipseLogger - skip non existing resourceDirectory D:\Code\SpringMVC\MVCData\src\test\resources
2025-11-20 00:12:54,759 [Worker-117] WARN  o.e.m.c.i.embedder.EclipseLogger - Using platform encoding (Cp1252 actually) to copy filtered resources, i.e. build is platform dependent!
2025-11-20 00:12:54,761 [Worker-117] INFO  o.e.m.c.i.embedder.EclipseLogger - Copying 0 resource
2025-11-20 00:12:54,761 [Worker-117] WARN  o.e.m.c.i.embedder.EclipseLogger - Using platform encoding (Cp1252 actually) to copy filtered resources, i.e. build is platform dependent!
2025-11-20 00:12:54,763 [Worker-117] INFO  o.e.m.c.i.embedder.EclipseLogger - skip non existing resourceDirectory D:\Code\SpringMVC\MVCData\src\test\resources
2025-11-20 00:13:23,737 [Worker-111] WARN  o.e.m.c.i.embedder.EclipseLogger - Using platform encoding (Cp1252 actually) to copy filtered resources, i.e. build is platform dependent!
2025-11-20 00:13:23,744 [Worker-111] INFO  o.e.m.c.i.embedder.EclipseLogger - Copying 0 resource
2025-11-20 00:13:23,744 [Worker-111] WARN  o.e.m.c.i.embedder.EclipseLogger - Using platform encoding (Cp1252 actually) to copy filtered resources, i.e. build is platform dependent!
2025-11-20 00:13:23,744 [Worker-111] INFO  o.e.m.c.i.embedder.EclipseLogger - skip non existing resourceDirectory D:\Code\SpringMVC\MVCData\src\test\resources
2025-11-20 00:22:30,065 [Worker-114] WARN  o.e.m.c.i.embedder.EclipseLogger - Using platform encoding (Cp1252 actually) to copy filtered resources, i.e. build is platform dependent!
2025-11-20 00:22:30,065 [Worker-114] INFO  o.e.m.c.i.embedder.EclipseLogger - Copying 0 resource
2025-11-20 00:22:30,081 [Worker-114] WARN  o.e.m.c.i.embedder.EclipseLogger - Using platform encoding (Cp1252 actually) to copy filtered resources, i.e. build is platform dependent!
2025-11-20 00:22:30,081 [Worker-114] INFO  o.e.m.c.i.embedder.EclipseLogger - skip non existing resourceDirectory D:\Code\SpringMVC\MVCData\src\test\resources
2025-11-20 00:24:01,496 [Worker-118] WARN  o.e.m.c.i.embedder.EclipseLogger - Using platform encoding (Cp1252 actually) to copy filtered resources, i.e. build is platform dependent!
2025-11-20 00:24:01,498 [Worker-118] INFO  o.e.m.c.i.embedder.EclipseLogger - Copying 0 resource
2025-11-20 00:24:01,500 [Worker-118] WARN  o.e.m.c.i.embedder.EclipseLogger - Using platform encoding (Cp1252 actually) to copy filtered resources, i.e. build is platform dependent!
2025-11-20 00:24:01,502 [Worker-118] INFO  o.e.m.c.i.embedder.EclipseLogger - skip non existing resourceDirectory D:\Code\SpringMVC\MVCData\src\test\resources
2025-11-20 00:25:04,571 [Worker-101] WARN  o.e.m.c.i.embedder.EclipseLogger - Using platform encoding (Cp1252 actually) to copy filtered resources, i.e. build is platform dependent!
2025-11-20 00:25:04,571 [Worker-101] INFO  o.e.m.c.i.embedder.EclipseLogger - Copying 0 resource
2025-11-20 00:25:04,573 [Worker-101] WARN  o.e.m.c.i.embedder.EclipseLogger - Using platform encoding (Cp1252 actually) to copy filtered resources, i.e. build is platform dependent!
2025-11-20 00:25:04,573 [Worker-101] INFO  o.e.m.c.i.embedder.EclipseLogger - skip non existing resourceDirectory D:\Code\SpringMVC\MVCData\src\test\resources
2025-11-20 00:27:13,521 [Worker-124] WARN  o.e.m.c.i.embedder.EclipseLogger - Using platform encoding (Cp1252 actually) to copy filtered resources, i.e. build is platform dependent!
2025-11-20 00:27:13,523 [Worker-124] INFO  o.e.m.c.i.embedder.EclipseLogger - Copying 0 resource
2025-11-20 00:27:13,528 [Worker-124] WARN  o.e.m.c.i.embedder.EclipseLogger - Using platform encoding (Cp1252 actually) to copy filtered resources, i.e. build is platform dependent!
2025-11-20 00:27:13,530 [Worker-124] INFO  o.e.m.c.i.embedder.EclipseLogger - skip non existing resourceDirectory D:\Code\SpringMVC\MVCData\src\test\resources
2025-11-20 00:28:39,378 [Worker-125] WARN  o.e.m.c.i.embedder.EclipseLogger - Using platform encoding (Cp1252 actually) to copy filtered resources, i.e. build is platform dependent!
2025-11-20 00:28:39,378 [Worker-125] INFO  o.e.m.c.i.embedder.EclipseLogger - Copying 0 resource
2025-11-20 00:28:39,378 [Worker-125] WARN  o.e.m.c.i.embedder.EclipseLogger - Using platform encoding (Cp1252 actually) to copy filtered resources, i.e. build is platform dependent!
2025-11-20 00:28:39,378 [Worker-125] INFO  o.e.m.c.i.embedder.EclipseLogger - skip non existing resourceDirectory D:\Code\SpringMVC\MVCData\src\test\resources
2025-11-20 00:30:15,263 [Worker-119] WARN  o.e.m.c.i.embedder.EclipseLogger - Using platform encoding (Cp1252 actually) to copy filtered resources, i.e. build is platform dependent!
2025-11-20 00:30:15,263 [Worker-119] INFO  o.e.m.c.i.embedder.EclipseLogger - Copying 0 resource
2025-11-20 00:30:15,265 [Worker-119] WARN  o.e.m.c.i.embedder.EclipseLogger - Using platform encoding (Cp1252 actually) to copy filtered resources, i.e. build is platform dependent!
2025-11-20 00:30:15,267 [Worker-119] INFO  o.e.m.c.i.embedder.EclipseLogger - skip non existing resourceDirectory D:\Code\SpringMVC\MVCData\src\test\resources
2025-11-20 00:30:33,673 [Worker-121] WARN  o.e.m.c.i.embedder.EclipseLogger - Using platform encoding (Cp1252 actually) to copy filtered resources, i.e. build is platform dependent!
2025-11-20 00:30:33,675 [Worker-121] INFO  o.e.m.c.i.embedder.EclipseLogger - Copying 0 resource
2025-11-20 00:30:33,675 [Worker-121] WARN  o.e.m.c.i.embedder.EclipseLogger - Using platform encoding (Cp1252 actually) to copy filtered resources, i.e. build is platform dependent!
2025-11-20 00:30:33,675 [Worker-121] INFO  o.e.m.c.i.embedder.EclipseLogger - skip non existing resourceDirectory D:\Code\SpringMVC\MVCData\src\test\resources
2025-11-20 22:33:55,450 [Worker-15] WARN  o.e.m.c.i.embedder.EclipseLogger - Using platform encoding (Cp1252 actually) to copy filtered resources, i.e. build is platform dependent!
2025-11-20 22:33:55,471 [Worker-15] INFO  o.e.m.c.i.embedder.EclipseLogger - Copying 0 resource
2025-11-20 22:33:55,479 [Worker-15] WARN  o.e.m.c.i.embedder.EclipseLogger - Using platform encoding (Cp1252 actually) to copy filtered resources, i.e. build is platform dependent!
2025-11-20 22:33:55,480 [Worker-15] INFO  o.e.m.c.i.embedder.EclipseLogger - skip non existing resourceDirectory D:\Code\SpringMVC\MVCData\src\test\resources
2025-11-20 22:34:00,375 [Worker-15] WARN  o.e.m.c.i.embedder.EclipseLogger - Using platform encoding (Cp1252 actually) to copy filtered resources, i.e. build is platform dependent!
2025-11-20 22:34:00,378 [Worker-15] INFO  o.e.m.c.i.embedder.EclipseLogger - Copying 0 resource
2025-11-20 22:34:00,381 [Worker-15] WARN  o.e.m.c.i.embedder.EclipseLogger - Using platform encoding (Cp1252 actually) to copy filtered resources, i.e. build is platform dependent!
2025-11-20 22:34:00,383 [Worker-15] INFO  o.e.m.c.i.embedder.EclipseLogger - skip non existing resourceDirectory D:\Code\SpringMVC\MVCproject\src\test\resources
2025-11-20 22:40:29,835 [Worker-22] WARN  o.e.m.c.i.embedder.EclipseLogger - Using platform encoding (Cp1252 actually) to copy filtered resources, i.e. build is platform dependent!
2025-11-20 22:40:29,844 [Worker-22] INFO  o.e.m.c.i.embedder.EclipseLogger - Copying 0 resource
2025-11-20 22:40:29,854 [Worker-22] WARN  o.e.m.c.i.embedder.EclipseLogger - Using platform encoding (Cp1252 actually) to copy filtered resources, i.e. build is platform dependent!
2025-11-20 22:40:29,856 [Worker-22] INFO  o.e.m.c.i.embedder.EclipseLogger - skip non existing resourceDirectory D:\Code\SpringMVC\MVCData\src\test\resources
2025-11-20 22:41:46,924 [Worker-21] WARN  o.e.m.c.i.embedder.EclipseLogger - Using platform encoding (Cp1252 actually) to copy filtered resources, i.e. build is platform dependent!
2025-11-20 22:41:46,924 [Worker-21] INFO  o.e.m.c.i.embedder.EclipseLogger - Copying 0 resource
2025-11-20 22:41:46,929 [Worker-21] WARN  o.e.m.c.i.embedder.EclipseLogger - Using platform encoding (Cp1252 actually) to copy filtered resources, i.e. build is platform dependent!
2025-11-20 22:41:46,938 [Worker-21] INFO  o.e.m.c.i.embedder.EclipseLogger - skip non existing resourceDirectory D:\Code\SpringMVC\MVCData\src\test\resources
2025-11-20 22:42:15,552 [Worker-6] WARN  o.e.m.c.i.embedder.EclipseLogger - Using platform encoding (Cp1252 actually) to copy filtered resources, i.e. build is platform dependent!
2025-11-20 22:42:15,552 [Worker-6] INFO  o.e.m.c.i.embedder.EclipseLogger - Copying 0 resource
2025-11-20 22:42:15,554 [Worker-6] WARN  o.e.m.c.i.embedder.EclipseLogger - Using platform encoding (Cp1252 actually) to copy filtered resources, i.e. build is platform dependent!
2025-11-20 22:42:15,556 [Worker-6] INFO  o.e.m.c.i.embedder.EclipseLogger - skip non existing resourceDirectory D:\Code\SpringMVC\MVCData\src\test\resources
2025-11-20 22:43:42,025 [Worker-21] WARN  o.e.m.c.i.embedder.EclipseLogger - Using platform encoding (Cp1252 actually) to copy filtered resources, i.e. build is platform dependent!
2025-11-20 22:43:42,048 [Worker-21] INFO  o.e.m.c.i.embedder.EclipseLogger - Copying 0 resource
2025-11-20 22:43:42,050 [Worker-21] WARN  o.e.m.c.i.embedder.EclipseLogger - Using platform encoding (Cp1252 actually) to copy filtered resources, i.e. build is platform dependent!
2025-11-20 22:43:42,050 [Worker-21] INFO  o.e.m.c.i.embedder.EclipseLogger - skip non existing resourceDirectory D:\Code\SpringMVC\MVCData\src\test\resources
2025-11-20 22:44:50,465 [Worker-26] WARN  o.e.m.c.i.embedder.EclipseLogger - Using platform encoding (Cp1252 actually) to copy filtered resources, i.e. build is platform dependent!
2025-11-20 22:44:50,465 [Worker-26] INFO  o.e.m.c.i.embedder.EclipseLogger - Copying 0 resource
2025-11-20 22:44:50,467 [Worker-26] WARN  o.e.m.c.i.embedder.EclipseLogger - Using platform encoding (Cp1252 actually) to copy filtered resources, i.e. build is platform dependent!
2025-11-20 22:44:50,467 [Worker-26] INFO  o.e.m.c.i.embedder.EclipseLogger - skip non existing resourceDirectory D:\Code\SpringMVC\MVCData\src\test\resources
2025-11-22 03:57:49,134 [Worker-13] WARN  o.e.m.c.i.embedder.EclipseLogger - Using platform encoding (Cp1252 actually) to copy filtered resources, i.e. build is platform dependent!
2025-11-22 03:57:49,142 [Worker-13] INFO  o.e.m.c.i.embedder.EclipseLogger - Copying 0 resource
2025-11-22 03:57:49,165 [Worker-13] WARN  o.e.m.c.i.embedder.EclipseLogger - Using platform encoding (Cp1252 actually) to copy filtered resources, i.e. build is platform dependent!
2025-11-22 03:57:49,166 [Worker-13] INFO  o.e.m.c.i.embedder.EclipseLogger - skip non existing resourceDirectory D:\Code\SpringMVC\MVCData\src\test\resources
2025-11-22 03:57:50,749 [Worker-18] WARN  o.e.m.c.i.embedder.EclipseLogger - Using platform encoding (Cp1252 actually) to copy filtered resources, i.e. build is platform dependent!
2025-11-22 03:57:50,751 [Worker-18] INFO  o.e.m.c.i.embedder.EclipseLogger - Copying 0 resource
2025-11-22 03:57:50,752 [Worker-18] WARN  o.e.m.c.i.embedder.EclipseLogger - Using platform encoding (Cp1252 actually) to copy filtered resources, i.e. build is platform dependent!
2025-11-22 03:57:50,753 [Worker-18] INFO  o.e.m.c.i.embedder.EclipseLogger - skip non existing resourceDirectory D:\Code\SpringMVC\MVCproject\src\test\resources
2025-11-22 03:58:37,925 [Worker-18] INFO  o.e.m.c.i.p.ProjectConfigurationManager - Collecting project info '/pom.xml' D:\Code\SpringMVC\MvcException\pom.xml
2025-11-22 03:58:41,028 [Worker-18] INFO  o.e.m.c.i.l.LifecycleMappingFactory - Using org.maven.ide.eclipse.wtp.WarLifecycleMapping lifecycle mapping for MavenProject: MvcException:MvcException:0.0.1-SNAPSHOT @ D:\Code\SpringMVC\MvcException\pom.xml.
2025-11-22 03:58:41,305 [Worker-18] INFO  o.e.m.j.i.AbstractJavaProjectConfigurator - Adding source folder /MvcException/src/main/java
2025-11-22 03:58:41,305 [Worker-18] INFO  o.e.m.j.i.AbstractJavaProjectConfigurator - Adding resource folder /MvcException/src/main/resources
2025-11-22 03:58:41,305 [Worker-18] INFO  o.e.m.j.i.AbstractJavaProjectConfigurator - Adding source folder /MvcException/src/test/java
2025-11-22 03:58:42,235 [Worker-18] INFO  o.e.m.c.i.p.ProjectConfigurationManager - Imported and configured 1 project(s) in 4 sec
2025-11-22 03:58:42,860 [Worker-15] WARN  o.e.m.c.i.embedder.EclipseLogger - Using platform encoding (Cp1252 actually) to copy filtered resources, i.e. build is platform dependent!
2025-11-22 03:58:42,861 [Worker-15] INFO  o.e.m.c.i.embedder.EclipseLogger - Copying 0 resource
2025-11-22 03:58:42,862 [Worker-15] WARN  o.e.m.c.i.embedder.EclipseLogger - Using platform encoding (Cp1252 actually) to copy filtered resources, i.e. build is platform dependent!
2025-11-22 03:58:42,862 [Worker-15] INFO  o.e.m.c.i.embedder.EclipseLogger - skip non existing resourceDirectory D:\Code\SpringMVC\MvcException\src\test\resources
2025-11-22 03:59:23,012 [Worker-9] INFO  o.e.m.c.i.l.LifecycleMappingFactory - Using org.maven.ide.eclipse.wtp.WarLifecycleMapping lifecycle mapping for MavenProject: MvcException:MvcException:0.0.1-SNAPSHOT @ D:\Code\SpringMVC\MvcException\pom.xml.
2025-11-22 03:59:23,303 [Worker-9] WARN  o.e.m.c.i.embedder.EclipseLogger - Using platform encoding (Cp1252 actually) to copy filtered resources, i.e. build is platform dependent!
2025-11-22 03:59:23,306 [Worker-9] INFO  o.e.m.c.i.embedder.EclipseLogger - Copying 0 resource
2025-11-22 03:59:23,307 [Worker-9] WARN  o.e.m.c.i.embedder.EclipseLogger - Using platform encoding (Cp1252 actually) to copy filtered resources, i.e. build is platform dependent!
2025-11-22 03:59:23,308 [Worker-9] INFO  o.e.m.c.i.embedder.EclipseLogger - skip non existing resourceDirectory D:\Code\SpringMVC\MvcException\src\test\resources
2025-11-22 03:59:23,309 [Worker-9] INFO  o.e.m.w.i.f.ResourceFilteringBuildParticipant - Changed resources require a complete clean of filtered resources of MvcException
2025-11-22 03:59:23,309 [Worker-9] INFO  o.e.m.w.i.f.ResourceFilteringBuildParticipant - Executing resource filtering for MvcException
2025-11-22 03:59:23,314 [Worker-9] WARN  o.e.m.c.i.embedder.EclipseLogger - Using platform encoding (Cp1252 actually) to copy filtered resources, i.e. build is platform dependent!
2025-11-22 03:59:24,583 [Worker-14] WARN  o.e.m.c.i.embedder.EclipseLogger - Using platform encoding (Cp1252 actually) to copy filtered resources, i.e. build is platform dependent!
2025-11-22 03:59:24,583 [Worker-14] INFO  o.e.m.c.i.embedder.EclipseLogger - Copying 0 resource
2025-11-22 03:59:24,584 [Worker-14] WARN  o.e.m.c.i.embedder.EclipseLogger - Using platform encoding (Cp1252 actually) to copy filtered resources, i.e. build is platform dependent!
2025-11-22 03:59:24,585 [Worker-14] INFO  o.e.m.c.i.embedder.EclipseLogger - skip non existing resourceDirectory D:\Code\SpringMVC\MvcException\src\test\resources
2025-11-22 03:59:40,401 [Worker-2] INFO  o.e.m.c.i.p.ProjectConfigurationManager - Update started
2025-11-22 03:59:40,633 [Worker-2] INFO  o.e.m.c.i.l.LifecycleMappingFactory - Using org.maven.ide.eclipse.wtp.WarLifecycleMapping lifecycle mapping for MavenProject: MvcException:MvcException:0.0.1-SNAPSHOT @ D:\Code\SpringMVC\MvcException\pom.xml.
2025-11-22 03:59:40,802 [Worker-2] INFO  o.e.m.j.i.AbstractJavaProjectConfigurator - Adding source folder /MvcException/src/main/java
2025-11-22 03:59:40,802 [Worker-2] INFO  o.e.m.j.i.AbstractJavaProjectConfigurator - Adding resource folder /MvcException/src/main/resources
2025-11-22 03:59:40,803 [Worker-2] INFO  o.e.m.j.i.AbstractJavaProjectConfigurator - Adding source folder /MvcException/src/test/java
2025-11-22 03:59:41,151 [Worker-2] INFO  o.e.m.w.i.f.ResourceFilteringBuildParticipant - Cleaning filtered folder for MvcException
2025-11-22 03:59:41,157 [Worker-2] INFO  o.e.m.c.i.p.ProjectConfigurationManager - Update completed: 0 sec
2025-11-22 03:59:41,388 [Worker-5] WARN  o.e.m.c.i.embedder.EclipseLogger - Using platform encoding (Cp1252 actually) to copy filtered resources, i.e. build is platform dependent!
2025-11-22 03:59:41,389 [Worker-5] INFO  o.e.m.c.i.embedder.EclipseLogger - Copying 0 resource
2025-11-22 03:59:41,391 [Worker-5] WARN  o.e.m.c.i.embedder.EclipseLogger - Using platform encoding (Cp1252 actually) to copy filtered resources, i.e. build is platform dependent!
2025-11-22 03:59:41,392 [Worker-5] INFO  o.e.m.c.i.embedder.EclipseLogger - skip non existing resourceDirectory D:\Code\SpringMVC\MvcException\src\test\resources
2025-11-22 03:59:41,392 [Worker-5] INFO  o.e.m.w.i.f.ResourceFilteringBuildParticipant - Changed resources require a complete clean of filtered resources of MvcException
2025-11-22 03:59:41,392 [Worker-5] INFO  o.e.m.w.i.f.ResourceFilteringBuildParticipant - Executing resource filtering for MvcException
2025-11-22 03:59:41,396 [Worker-5] WARN  o.e.m.c.i.embedder.EclipseLogger - Using platform encoding (Cp1252 actually) to copy filtered resources, i.e. build is platform dependent!
2025-11-22 04:01:19,643 [Worker-2] WARN  o.e.m.c.i.embedder.EclipseLogger - Using platform encoding (Cp1252 actually) to copy filtered resources, i.e. build is platform dependent!
2025-11-22 04:01:19,645 [Worker-2] INFO  o.e.m.c.i.embedder.EclipseLogger - Copying 0 resource
2025-11-22 04:01:19,647 [Worker-2] WARN  o.e.m.c.i.embedder.EclipseLogger - Using platform encoding (Cp1252 actually) to copy filtered resources, i.e. build is platform dependent!
2025-11-22 04:01:19,648 [Worker-2] INFO  o.e.m.c.i.embedder.EclipseLogger - skip non existing resourceDirectory D:\Code\SpringMVC\MvcException\src\test\resources
2025-11-22 04:01:48,886 [Worker-3] WARN  o.e.m.c.i.embedder.EclipseLogger - Using platform encoding (Cp1252 actually) to copy filtered resources, i.e. build is platform dependent!
2025-11-22 04:01:48,887 [Worker-3] INFO  o.e.m.c.i.embedder.EclipseLogger - Copying 0 resource
2025-11-22 04:01:48,888 [Worker-3] WARN  o.e.m.c.i.embedder.EclipseLogger - Using platform encoding (Cp1252 actually) to copy filtered resources, i.e. build is platform dependent!
2025-11-22 04:01:48,889 [Worker-3] INFO  o.e.m.c.i.embedder.EclipseLogger - skip non existing resourceDirectory D:\Code\SpringMVC\MvcException\src\test\resources
2025-11-22 04:02:02,302 [Worker-16] WARN  o.e.m.c.i.embedder.EclipseLogger - Using platform encoding (Cp1252 actually) to copy filtered resources, i.e. build is platform dependent!
2025-11-22 04:02:02,303 [Worker-16] INFO  o.e.m.c.i.embedder.EclipseLogger - Copying 0 resource
2025-11-22 04:02:02,304 [Worker-16] WARN  o.e.m.c.i.embedder.EclipseLogger - Using platform encoding (Cp1252 actually) to copy filtered resources, i.e. build is platform dependent!
2025-11-22 04:02:02,305 [Worker-16] INFO  o.e.m.c.i.embedder.EclipseLogger - skip non existing resourceDirectory D:\Code\SpringMVC\MvcException\src\test\resources
2025-11-22 04:02:38,232 [Worker-19] WARN  o.e.m.c.i.embedder.EclipseLogger - Using platform encoding (Cp1252 actually) to copy filtered resources, i.e. build is platform dependent!
2025-11-22 04:02:38,233 [Worker-19] INFO  o.e.m.c.i.embedder.EclipseLogger - Copying 0 resource
2025-11-22 04:02:38,234 [Worker-19] WARN  o.e.m.c.i.embedder.EclipseLogger - Using platform encoding (Cp1252 actually) to copy filtered resources, i.e. build is platform dependent!
2025-11-22 04:02:38,234 [Worker-19] INFO  o.e.m.c.i.embedder.EclipseLogger - skip non existing resourceDirectory D:\Code\SpringMVC\MVCData\src\test\resources
2025-11-22 04:02:38,410 [Worker-19] WARN  o.e.m.c.i.embedder.EclipseLogger - Using platform encoding (Cp1252 actually) to copy filtered resources, i.e. build is platform dependent!
2025-11-22 04:02:38,411 [Worker-19] INFO  o.e.m.c.i.embedder.EclipseLogger - Copying 0 resource
2025-11-22 04:02:38,412 [Worker-19] WARN  o.e.m.c.i.embedder.EclipseLogger - Using platform encoding (Cp1252 actually) to copy filtered resources, i.e. build is platform dependent!
2025-11-22 04:02:38,412 [Worker-19] INFO  o.e.m.c.i.embedder.EclipseLogger - skip non existing resourceDirectory D:\Code\SpringMVC\MVCproject\src\test\resources
2025-11-22 04:02:38,419 [Worker-19] WARN  o.e.m.c.i.embedder.EclipseLogger - Using platform encoding (Cp1252 actually) to copy filtered resources, i.e. build is platform dependent!
2025-11-22 04:02:38,419 [Worker-19] INFO  o.e.m.c.i.embedder.EclipseLogger - Copying 0 resource
2025-11-22 04:02:38,420 [Worker-19] WARN  o.e.m.c.i.embedder.EclipseLogger - Using platform encoding (Cp1252 actually) to copy filtered resources, i.e. build is platform dependent!
2025-11-22 04:02:38,421 [Worker-19] INFO  o.e.m.c.i.embedder.EclipseLogger - skip non existing resourceDirectory D:\Code\SpringMVC\MvcException\src\test\resources
2025-11-22 04:02:54,022 [Worker-7] WARN  o.e.m.c.i.embedder.EclipseLogger - Using platform encoding (Cp1252 actually) to copy filtered resources, i.e. build is platform dependent!
2025-11-22 04:02:54,023 [Worker-7] INFO  o.e.m.c.i.embedder.EclipseLogger - Copying 0 resource
2025-11-22 04:02:54,023 [Worker-7] WARN  o.e.m.c.i.embedder.EclipseLogger - Using platform encoding (Cp1252 actually) to copy filtered resources, i.e. build is platform dependent!
2025-11-22 04:02:54,025 [Worker-7] INFO  o.e.m.c.i.embedder.EclipseLogger - skip non existing resourceDirectory D:\Code\SpringMVC\MvcException\src\test\resources
2025-11-22 04:03:03,226 [Worker-19] WARN  o.e.m.c.i.embedder.EclipseLogger - Using platform encoding (Cp1252 actually) to copy filtered resources, i.e. build is platform dependent!
2025-11-22 04:03:03,227 [Worker-19] INFO  o.e.m.c.i.embedder.EclipseLogger - Copying 0 resource
2025-11-22 04:03:03,228 [Worker-19] WARN  o.e.m.c.i.embedder.EclipseLogger - Using platform encoding (Cp1252 actually) to copy filtered resources, i.e. build is platform dependent!
2025-11-22 04:03:03,228 [Worker-19] INFO  o.e.m.c.i.embedder.EclipseLogger - skip non existing resourceDirectory D:\Code\SpringMVC\MvcException\src\test\resources
2025-11-22 04:03:50,115 [Worker-21] WARN  o.e.m.c.i.embedder.EclipseLogger - Using platform encoding (Cp1252 actually) to copy filtered resources, i.e. build is platform dependent!
2025-11-22 04:03:50,116 [Worker-21] INFO  o.e.m.c.i.embedder.EclipseLogger - Copying 0 resource
2025-11-22 04:03:50,117 [Worker-21] WARN  o.e.m.c.i.embedder.EclipseLogger - Using platform encoding (Cp1252 actually) to copy filtered resources, i.e. build is platform dependent!
2025-11-22 04:03:50,117 [Worker-21] INFO  o.e.m.c.i.embedder.EclipseLogger - skip non existing resourceDirectory D:\Code\SpringMVC\MvcException\src\test\resources
2025-11-22 04:04:02,512 [Worker-20] WARN  o.e.m.c.i.embedder.EclipseLogger - Using platform encoding (Cp1252 actually) to copy filtered resources, i.e. build is platform dependent!
2025-11-22 04:04:02,513 [Worker-20] INFO  o.e.m.c.i.embedder.EclipseLogger - Copying 0 resource
2025-11-22 04:04:02,516 [Worker-20] WARN  o.e.m.c.i.embedder.EclipseLogger - Using platform encoding (Cp1252 actually) to copy filtered resources, i.e. build is platform dependent!
2025-11-22 04:04:02,516 [Worker-20] INFO  o.e.m.c.i.embedder.EclipseLogger - skip non existing resourceDirectory D:\Code\SpringMVC\MvcException\src\test\resources
2025-11-22 04:04:40,857 [Worker-2] WARN  o.e.m.c.i.embedder.EclipseLogger - Using platform encoding (Cp1252 actually) to copy filtered resources, i.e. build is platform dependent!
2025-11-22 04:04:40,862 [Worker-2] INFO  o.e.m.c.i.embedder.EclipseLogger - Copying 0 resource
2025-11-22 04:04:40,863 [Worker-2] WARN  o.e.m.c.i.embedder.EclipseLogger - Using platform encoding (Cp1252 actually) to copy filtered resources, i.e. build is platform dependent!
2025-11-22 04:04:40,863 [Worker-2] INFO  o.e.m.c.i.embedder.EclipseLogger - skip non existing resourceDirectory D:\Code\SpringMVC\MvcException\src\test\resources
2025-11-22 04:04:54,487 [Worker-20] WARN  o.e.m.c.i.embedder.EclipseLogger - Using platform encoding (Cp1252 actually) to copy filtered resources, i.e. build is platform dependent!
2025-11-22 04:04:54,488 [Worker-20] INFO  o.e.m.c.i.embedder.EclipseLogger - Copying 0 resource
2025-11-22 04:04:54,489 [Worker-20] WARN  o.e.m.c.i.embedder.EclipseLogger - Using platform encoding (Cp1252 actually) to copy filtered resources, i.e. build is platform dependent!
2025-11-22 04:04:54,489 [Worker-20] INFO  o.e.m.c.i.embedder.EclipseLogger - skip non existing resourceDirectory D:\Code\SpringMVC\MvcException\src\test\resources
2025-11-22 04:05:48,194 [Worker-22] WARN  o.e.m.c.i.embedder.EclipseLogger - Using platform encoding (Cp1252 actually) to copy filtered resources, i.e. build is platform dependent!
2025-11-22 04:05:48,195 [Worker-22] INFO  o.e.m.c.i.embedder.EclipseLogger - Copying 0 resource
2025-11-22 04:05:48,195 [Worker-22] WARN  o.e.m.c.i.embedder.EclipseLogger - Using platform encoding (Cp1252 actually) to copy filtered resources, i.e. build is platform dependent!
2025-11-22 04:05:48,196 [Worker-22] INFO  o.e.m.c.i.embedder.EclipseLogger - skip non existing resourceDirectory D:\Code\SpringMVC\MvcException\src\test\resources
2025-11-22 04:08:00,124 [Worker-22] WARN  o.e.m.c.i.embedder.EclipseLogger - Using platform encoding (Cp1252 actually) to copy filtered resources, i.e. build is platform dependent!
2025-11-22 04:08:00,125 [Worker-22] INFO  o.e.m.c.i.embedder.EclipseLogger - Copying 0 resource
2025-11-22 04:08:00,126 [Worker-22] WARN  o.e.m.c.i.embedder.EclipseLogger - Using platform encoding (Cp1252 actually) to copy filtered resources, i.e. build is platform dependent!
2025-11-22 04:08:00,126 [Worker-22] INFO  o.e.m.c.i.embedder.EclipseLogger - skip non existing resourceDirectory D:\Code\SpringMVC\MvcException\src\test\resources
2025-11-22 04:08:17,599 [Worker-22] WARN  o.e.m.c.i.embedder.EclipseLogger - Using platform encoding (Cp1252 actually) to copy filtered resources, i.e. build is platform dependent!
2025-11-22 04:08:17,600 [Worker-22] INFO  o.e.m.c.i.embedder.EclipseLogger - Copying 0 resource
2025-11-22 04:08:17,600 [Worker-22] WARN  o.e.m.c.i.embedder.EclipseLogger - Using platform encoding (Cp1252 actually) to copy filtered resources, i.e. build is platform dependent!
2025-11-22 04:08:17,601 [Worker-22] INFO  o.e.m.c.i.embedder.EclipseLogger - skip non existing resourceDirectory D:\Code\SpringMVC\MvcException\src\test\resources
2025-11-22 04:09:30,376 [Worker-17] WARN  o.e.m.c.i.embedder.EclipseLogger - Using platform encoding (Cp1252 actually) to copy filtered resources, i.e. build is platform dependent!
2025-11-22 04:09:30,377 [Worker-17] INFO  o.e.m.c.i.embedder.EclipseLogger - Copying 0 resource
2025-11-22 04:09:30,378 [Worker-17] WARN  o.e.m.c.i.embedder.EclipseLogger - Using platform encoding (Cp1252 actually) to copy filtered resources, i.e. build is platform dependent!
2025-11-22 04:09:30,378 [Worker-17] INFO  o.e.m.c.i.embedder.EclipseLogger - skip non existing resourceDirectory D:\Code\SpringMVC\MvcException\src\test\resources
2025-11-22 04:10:38,256 [Worker-3] WARN  o.e.m.c.i.embedder.EclipseLogger - Using platform encoding (Cp1252 actually) to copy filtered resources, i.e. build is platform dependent!
2025-11-22 04:10:38,257 [Worker-3] INFO  o.e.m.c.i.embedder.EclipseLogger - Copying 0 resource
2025-11-22 04:10:38,258 [Worker-3] WARN  o.e.m.c.i.embedder.EclipseLogger - Using platform encoding (Cp1252 actually) to copy filtered resources, i.e. build is platform dependent!
2025-11-22 04:10:38,258 [Worker-3] INFO  o.e.m.c.i.embedder.EclipseLogger - skip non existing resourceDirectory D:\Code\SpringMVC\MvcException\src\test\resources
2025-11-22 04:15:21,424 [Worker-19] WARN  o.e.m.c.i.embedder.EclipseLogger - Using platform encoding (Cp1252 actually) to copy filtered resources, i.e. build is platform dependent!
2025-11-22 04:15:21,425 [Worker-19] INFO  o.e.m.c.i.embedder.EclipseLogger - Copying 0 resource
2025-11-22 04:15:21,426 [Worker-19] WARN  o.e.m.c.i.embedder.EclipseLogger - Using platform encoding (Cp1252 actually) to copy filtered resources, i.e. build is platform dependent!
2025-11-22 04:15:21,427 [Worker-19] INFO  o.e.m.c.i.embedder.EclipseLogger - skip non existing resourceDirectory D:\Code\SpringMVC\MvcException\src\test\resources
2025-11-22 04:16:51,589 [Worker-2] WARN  o.e.m.c.i.embedder.EclipseLogger - Using platform encoding (Cp1252 actually) to copy filtered resources, i.e. build is platform dependent!
2025-11-22 04:16:51,590 [Worker-2] INFO  o.e.m.c.i.embedder.EclipseLogger - Copying 0 resource
2025-11-22 04:16:51,591 [Worker-2] WARN  o.e.m.c.i.embedder.EclipseLogger - Using platform encoding (Cp1252 actually) to copy filtered resources, i.e. build is platform dependent!
2025-11-22 04:16:51,592 [Worker-2] INFO  o.e.m.c.i.embedder.EclipseLogger - skip non existing resourceDirectory D:\Code\SpringMVC\MvcException\src\test\resources
2025-11-22 04:17:17,676 [Worker-26] WARN  o.e.r.models.ModelRepository - Failed to download org.eclipse.recommenders:index::zip:0.0.0
org.eclipse.aether.resolution.ArtifactResolutionException: Could not find artifact org.eclipse.recommenders:index:zip:0.0.0-SNAPSHOT in models (http://download.eclipse.org/recommenders/models/neon/)
	at org.eclipse.aether.internal.impl.DefaultArtifactResolver.resolve(DefaultArtifactResolver.java:444) ~[na:na]
	at org.eclipse.aether.internal.impl.DefaultArtifactResolver.resolveArtifacts(DefaultArtifactResolver.java:246) ~[na:na]
	at org.eclipse.aether.internal.impl.DefaultArtifactResolver.resolveArtifact(DefaultArtifactResolver.java:223) ~[na:na]
	at org.eclipse.aether.internal.impl.DefaultRepositorySystem.resolveArtifact(DefaultRepositorySystem.java:294) ~[na:na]
	at org.eclipse.recommenders.models.ModelRepository.resolveInternal(ModelRepository.java:193) [org.eclipse.recommenders.models_2.4.6.v20170307-1041.jar:na]
	at org.eclipse.recommenders.models.ModelRepository.resolve(ModelRepository.java:172) [org.eclipse.recommenders.models_2.4.6.v20170307-1041.jar:na]
	at org.eclipse.recommenders.internal.models.rcp.EclipseModelRepository.resolve(EclipseModelRepository.java:169) [org.eclipse.recommenders.models.rcp_2.4.6.v20170307-1041.jar:na]
	at org.eclipse.recommenders.internal.models.rcp.DownloadModelArchiveJob.run(DownloadModelArchiveJob.java:76) [org.eclipse.recommenders.models.rcp_2.4.6.v20170307-1041.jar:na]
	at org.eclipse.core.internal.jobs.Worker.run(Worker.java:55) [org.eclipse.core.jobs_3.8.0.v20160509-0411.jar:na]
Caused by: org.eclipse.aether.transfer.ArtifactNotFoundException: Could not find artifact org.eclipse.recommenders:index:zip:0.0.0-SNAPSHOT in models (http://download.eclipse.org/recommenders/models/neon/)
	at org.eclipse.aether.connector.basic.ArtifactTransportListener.transferFailed(ArtifactTransportListener.java:39) ~[org.eclipse.aether.connector.basic_1.0.1.v20141111.jar:na]
	at org.eclipse.aether.connector.basic.BasicRepositoryConnector$TaskRunner.run(BasicRepositoryConnector.java:355) ~[org.eclipse.aether.connector.basic_1.0.1.v20141111.jar:na]
	at org.eclipse.aether.util.concurrency.RunnableErrorForwarder$1.run(RunnableErrorForwarder.java:67) ~[na:na]
	at org.eclipse.aether.connector.basic.BasicRepositoryConnector$DirectExecutor.execute(BasicRepositoryConnector.java:581) ~[org.eclipse.aether.connector.basic_1.0.1.v20141111.jar:na]
	at org.eclipse.aether.connector.basic.BasicRepositoryConnector.get(BasicRepositoryConnector.java:249) ~[org.eclipse.aether.connector.basic_1.0.1.v20141111.jar:na]
	at org.eclipse.aether.internal.impl.DefaultArtifactResolver.performDownloads(DefaultArtifactResolver.java:520) ~[na:na]
	at org.eclipse.aether.internal.impl.DefaultArtifactResolver.resolve(DefaultArtifactResolver.java:421) ~[na:na]
	... 8 common frames omitted
2025-11-22 04:23:44,205 [Worker-28] WARN  o.e.m.c.i.embedder.EclipseLogger - Using platform encoding (Cp1252 actually) to copy filtered resources, i.e. build is platform dependent!
2025-11-22 04:23:44,206 [Worker-28] INFO  o.e.m.c.i.embedder.EclipseLogger - Copying 0 resource
2025-11-22 04:23:44,207 [Worker-28] WARN  o.e.m.c.i.embedder.EclipseLogger - Using platform encoding (Cp1252 actually) to copy filtered resources, i.e. build is platform dependent!
2025-11-22 04:23:44,207 [Worker-28] INFO  o.e.m.c.i.embedder.EclipseLogger - skip non existing resourceDirectory D:\Code\SpringMVC\MvcException\src\test\resources
2025-11-22 04:31:20,426 [Worker-28] WARN  o.e.m.c.i.embedder.EclipseLogger - Using platform encoding (Cp1252 actually) to copy filtered resources, i.e. build is platform dependent!
2025-11-22 04:31:20,427 [Worker-28] INFO  o.e.m.c.i.embedder.EclipseLogger - Copying 0 resource
2025-11-22 04:31:20,428 [Worker-28] WARN  o.e.m.c.i.embedder.EclipseLogger - Using platform encoding (Cp1252 actually) to copy filtered resources, i.e. build is platform dependent!
2025-11-22 04:31:20,428 [Worker-28] INFO  o.e.m.c.i.embedder.EclipseLogger - skip non existing resourceDirectory D:\Code\SpringMVC\MvcException\src\test\resources
2025-11-22 04:41:34,202 [Worker-39] WARN  o.e.m.c.i.embedder.EclipseLogger - Using platform encoding (Cp1252 actually) to copy filtered resources, i.e. build is platform dependent!
2025-11-22 04:41:34,202 [Worker-39] INFO  o.e.m.c.i.embedder.EclipseLogger - Copying 0 resource
2025-11-22 04:41:34,202 [Worker-39] WARN  o.e.m.c.i.embedder.EclipseLogger - Using platform encoding (Cp1252 actually) to copy filtered resources, i.e. build is platform dependent!
2025-11-22 04:41:34,202 [Worker-39] INFO  o.e.m.c.i.embedder.EclipseLogger - skip non existing resourceDirectory D:\Code\SpringMVC\MvcException\src\test\resources
2025-11-22 04:44:37,379 [Worker-37] WARN  o.e.m.c.i.embedder.EclipseLogger - Using platform encoding (Cp1252 actually) to copy filtered resources, i.e. build is platform dependent!
2025-11-22 04:44:37,379 [Worker-37] INFO  o.e.m.c.i.embedder.EclipseLogger - Copying 0 resource
2025-11-22 04:44:37,379 [Worker-37] WARN  o.e.m.c.i.embedder.EclipseLogger - Using platform encoding (Cp1252 actually) to copy filtered resources, i.e. build is platform dependent!
2025-11-22 04:44:37,400 [Worker-37] INFO  o.e.m.c.i.embedder.EclipseLogger - skip non existing resourceDirectory D:\Code\SpringMVC\MvcException\src\test\resources
2025-11-22 04:47:09,798 [Worker-43] WARN  o.e.m.c.i.embedder.EclipseLogger - Using platform encoding (Cp1252 actually) to copy filtered resources, i.e. build is platform dependent!
2025-11-22 04:47:09,798 [Worker-43] INFO  o.e.m.c.i.embedder.EclipseLogger - Copying 0 resource
2025-11-22 04:47:09,798 [Worker-43] WARN  o.e.m.c.i.embedder.EclipseLogger - Using platform encoding (Cp1252 actually) to copy filtered resources, i.e. build is platform dependent!
2025-11-22 04:47:09,798 [Worker-43] INFO  o.e.m.c.i.embedder.EclipseLogger - skip non existing resourceDirectory D:\Code\SpringMVC\MvcException\src\test\resources
2025-11-22 04:47:43,766 [Worker-42] WARN  o.e.m.c.i.embedder.EclipseLogger - Using platform encoding (Cp1252 actually) to copy filtered resources, i.e. build is platform dependent!
2025-11-22 04:47:43,766 [Worker-42] INFO  o.e.m.c.i.embedder.EclipseLogger - Copying 0 resource
2025-11-22 04:47:43,766 [Worker-42] WARN  o.e.m.c.i.embedder.EclipseLogger - Using platform encoding (Cp1252 actually) to copy filtered resources, i.e. build is platform dependent!
2025-11-22 04:47:43,777 [Worker-42] INFO  o.e.m.c.i.embedder.EclipseLogger - skip non existing resourceDirectory D:\Code\SpringMVC\MvcException\src\test\resources
2025-11-22 04:48:16,247 [Worker-37] WARN  o.e.m.c.i.embedder.EclipseLogger - Using platform encoding (Cp1252 actually) to copy filtered resources, i.e. build is platform dependent!
2025-11-22 04:48:16,247 [Worker-37] INFO  o.e.m.c.i.embedder.EclipseLogger - Copying 0 resource
2025-11-22 04:48:16,249 [Worker-37] WARN  o.e.m.c.i.embedder.EclipseLogger - Using platform encoding (Cp1252 actually) to copy filtered resources, i.e. build is platform dependent!
2025-11-22 04:48:16,249 [Worker-37] INFO  o.e.m.c.i.embedder.EclipseLogger - skip non existing resourceDirectory D:\Code\SpringMVC\MvcException\src\test\resources
2025-11-22 04:50:05,842 [Worker-43] WARN  o.e.m.c.i.embedder.EclipseLogger - Using platform encoding (Cp1252 actually) to copy filtered resources, i.e. build is platform dependent!
2025-11-22 04:50:05,842 [Worker-43] INFO  o.e.m.c.i.embedder.EclipseLogger - Copying 0 resource
2025-11-22 04:50:05,842 [Worker-43] WARN  o.e.m.c.i.embedder.EclipseLogger - Using platform encoding (Cp1252 actually) to copy filtered resources, i.e. build is platform dependent!
2025-11-22 04:50:05,856 [Worker-43] INFO  o.e.m.c.i.embedder.EclipseLogger - skip non existing resourceDirectory D:\Code\SpringMVC\MvcException\src\test\resources
2025-11-22 04:50:11,660 [Worker-37] WARN  o.e.m.c.i.embedder.EclipseLogger - Using platform encoding (Cp1252 actually) to copy filtered resources, i.e. build is platform dependent!
2025-11-22 04:50:11,660 [Worker-37] INFO  o.e.m.c.i.embedder.EclipseLogger - Copying 0 resource
2025-11-22 04:50:11,676 [Worker-37] WARN  o.e.m.c.i.embedder.EclipseLogger - Using platform encoding (Cp1252 actually) to copy filtered resources, i.e. build is platform dependent!
2025-11-22 04:50:11,676 [Worker-37] INFO  o.e.m.c.i.embedder.EclipseLogger - skip non existing resourceDirectory D:\Code\SpringMVC\MvcException\src\test\resources
2025-11-22 04:50:14,823 [Worker-37] WARN  o.e.m.c.i.embedder.EclipseLogger - Using platform encoding (Cp1252 actually) to copy filtered resources, i.e. build is platform dependent!
2025-11-22 04:50:14,823 [Worker-37] INFO  o.e.m.c.i.embedder.EclipseLogger - Copying 0 resource
2025-11-22 04:50:14,823 [Worker-37] WARN  o.e.m.c.i.embedder.EclipseLogger - Using platform encoding (Cp1252 actually) to copy filtered resources, i.e. build is platform dependent!
2025-11-22 04:50:14,823 [Worker-37] INFO  o.e.m.c.i.embedder.EclipseLogger - skip non existing resourceDirectory D:\Code\SpringMVC\MvcException\src\test\resources
2025-11-22 04:51:23,040 [Worker-43] WARN  o.e.m.c.i.embedder.EclipseLogger - Using platform encoding (Cp1252 actually) to copy filtered resources, i.e. build is platform dependent!
2025-11-22 04:51:23,040 [Worker-43] INFO  o.e.m.c.i.embedder.EclipseLogger - Copying 0 resource
2025-11-22 04:51:23,040 [Worker-43] WARN  o.e.m.c.i.embedder.EclipseLogger - Using platform encoding (Cp1252 actually) to copy filtered resources, i.e. build is platform dependent!
2025-11-22 04:51:23,040 [Worker-43] INFO  o.e.m.c.i.embedder.EclipseLogger - skip non existing resourceDirectory D:\Code\SpringMVC\MvcException\src\test\resources
2025-11-22 04:52:23,903 [Worker-42] WARN  o.e.m.c.i.embedder.EclipseLogger - Using platform encoding (Cp1252 actually) to copy filtered resources, i.e. build is platform dependent!
2025-11-22 04:52:23,903 [Worker-42] INFO  o.e.m.c.i.embedder.EclipseLogger - Copying 0 resource
2025-11-22 04:52:23,903 [Worker-42] WARN  o.e.m.c.i.embedder.EclipseLogger - Using platform encoding (Cp1252 actually) to copy filtered resources, i.e. build is platform dependent!
2025-11-22 04:52:23,903 [Worker-42] INFO  o.e.m.c.i.embedder.EclipseLogger - skip non existing resourceDirectory D:\Code\SpringMVC\MvcException\src\test\resources
2025-11-22 04:54:19,160 [Worker-43] WARN  o.e.m.c.i.embedder.EclipseLogger - Using platform encoding (Cp1252 actually) to copy filtered resources, i.e. build is platform dependent!
2025-11-22 04:54:19,162 [Worker-43] INFO  o.e.m.c.i.embedder.EclipseLogger - Copying 0 resource
2025-11-22 04:54:19,162 [Worker-43] WARN  o.e.m.c.i.embedder.EclipseLogger - Using platform encoding (Cp1252 actually) to copy filtered resources, i.e. build is platform dependent!
2025-11-22 04:54:19,164 [Worker-43] INFO  o.e.m.c.i.embedder.EclipseLogger - skip non existing resourceDirectory D:\Code\SpringMVC\MvcException\src\test\resources
2025-11-22 04:54:27,793 [Worker-50] WARN  o.e.m.c.i.embedder.EclipseLogger - Using platform encoding (Cp1252 actually) to copy filtered resources, i.e. build is platform dependent!
2025-11-22 04:54:27,793 [Worker-50] INFO  o.e.m.c.i.embedder.EclipseLogger - Copying 0 resource
2025-11-22 04:54:27,793 [Worker-50] WARN  o.e.m.c.i.embedder.EclipseLogger - Using platform encoding (Cp1252 actually) to copy filtered resources, i.e. build is platform dependent!
2025-11-22 04:54:27,793 [Worker-50] INFO  o.e.m.c.i.embedder.EclipseLogger - skip non existing resourceDirectory D:\Code\SpringMVC\MvcException\src\test\resources
2025-11-22 04:56:34,383 [Worker-37] WARN  o.e.m.c.i.embedder.EclipseLogger - Using platform encoding (Cp1252 actually) to copy filtered resources, i.e. build is platform dependent!
2025-11-22 04:56:34,383 [Worker-37] INFO  o.e.m.c.i.embedder.EclipseLogger - Copying 0 resource
2025-11-22 04:56:34,383 [Worker-37] WARN  o.e.m.c.i.embedder.EclipseLogger - Using platform encoding (Cp1252 actually) to copy filtered resources, i.e. build is platform dependent!
2025-11-22 04:56:34,383 [Worker-37] INFO  o.e.m.c.i.embedder.EclipseLogger - skip non existing resourceDirectory D:\Code\SpringMVC\MvcException\src\test\resources
2025-11-22 04:57:14,990 [Worker-48] WARN  o.e.m.c.i.embedder.EclipseLogger - Using platform encoding (Cp1252 actually) to copy filtered resources, i.e. build is platform dependent!
2025-11-22 04:57:14,990 [Worker-48] INFO  o.e.m.c.i.embedder.EclipseLogger - Copying 0 resource
2025-11-22 04:57:14,990 [Worker-48] WARN  o.e.m.c.i.embedder.EclipseLogger - Using platform encoding (Cp1252 actually) to copy filtered resources, i.e. build is platform dependent!
2025-11-22 04:57:15,005 [Worker-48] INFO  o.e.m.c.i.embedder.EclipseLogger - skip non existing resourceDirectory D:\Code\SpringMVC\MvcException\src\test\resources
2025-11-22 04:59:15,204 [Worker-37] WARN  o.e.m.c.i.embedder.EclipseLogger - Using platform encoding (Cp1252 actually) to copy filtered resources, i.e. build is platform dependent!
2025-11-22 04:59:15,204 [Worker-37] INFO  o.e.m.c.i.embedder.EclipseLogger - Copying 0 resource
2025-11-22 04:59:15,204 [Worker-37] WARN  o.e.m.c.i.embedder.EclipseLogger - Using platform encoding (Cp1252 actually) to copy filtered resources, i.e. build is platform dependent!
2025-11-22 04:59:15,204 [Worker-37] INFO  o.e.m.c.i.embedder.EclipseLogger - skip non existing resourceDirectory D:\Code\SpringMVC\MvcException\src\test\resources
2025-11-22 05:03:28,981 [Worker-46] WARN  o.e.m.c.i.embedder.EclipseLogger - Using platform encoding (Cp1252 actually) to copy filtered resources, i.e. build is platform dependent!
2025-11-22 05:03:28,981 [Worker-46] INFO  o.e.m.c.i.embedder.EclipseLogger - Copying 0 resource
2025-11-22 05:03:28,981 [Worker-46] WARN  o.e.m.c.i.embedder.EclipseLogger - Using platform encoding (Cp1252 actually) to copy filtered resources, i.e. build is platform dependent!
2025-11-22 05:03:28,981 [Worker-46] INFO  o.e.m.c.i.embedder.EclipseLogger - skip non existing resourceDirectory D:\Code\SpringMVC\MvcException\src\test\resources
2025-11-22 05:05:58,509 [Worker-37] WARN  o.e.m.c.i.embedder.EclipseLogger - Using platform encoding (Cp1252 actually) to copy filtered resources, i.e. build is platform dependent!
2025-11-22 05:05:58,520 [Worker-37] INFO  o.e.m.c.i.embedder.EclipseLogger - Copying 0 resource
2025-11-22 05:05:58,520 [Worker-37] WARN  o.e.m.c.i.embedder.EclipseLogger - Using platform encoding (Cp1252 actually) to copy filtered resources, i.e. build is platform dependent!
2025-11-22 05:05:58,520 [Worker-37] INFO  o.e.m.c.i.embedder.EclipseLogger - skip non existing resourceDirectory D:\Code\SpringMVC\MvcException\src\test\resources
2025-11-22 05:09:49,891 [Worker-37] WARN  o.e.m.c.i.embedder.EclipseLogger - Using platform encoding (Cp1252 actually) to copy filtered resources, i.e. build is platform dependent!
2025-11-22 05:09:49,891 [Worker-37] INFO  o.e.m.c.i.embedder.EclipseLogger - Copying 0 resource
2025-11-22 05:09:49,891 [Worker-37] WARN  o.e.m.c.i.embedder.EclipseLogger - Using platform encoding (Cp1252 actually) to copy filtered resources, i.e. build is platform dependent!
2025-11-22 05:09:49,891 [Worker-37] INFO  o.e.m.c.i.embedder.EclipseLogger - skip non existing resourceDirectory D:\Code\SpringMVC\MvcException\src\test\resources
2025-11-25 05:04:28,458 [Worker-8] WARN  o.e.m.c.i.embedder.EclipseLogger - Using platform encoding (Cp1252 actually) to copy filtered resources, i.e. build is platform dependent!
2025-11-25 05:04:28,468 [Worker-8] INFO  o.e.m.c.i.embedder.EclipseLogger - Copying 0 resource
2025-11-25 05:04:28,474 [Worker-8] WARN  o.e.m.c.i.embedder.EclipseLogger - Using platform encoding (Cp1252 actually) to copy filtered resources, i.e. build is platform dependent!
2025-11-25 05:04:28,474 [Worker-8] INFO  o.e.m.c.i.embedder.EclipseLogger - skip non existing resourceDirectory D:\Code\SpringMVC\MVCData\src\test\resources
2025-11-25 05:04:32,216 [Worker-13] WARN  o.e.m.c.i.embedder.EclipseLogger - Using platform encoding (Cp1252 actually) to copy filtered resources, i.e. build is platform dependent!
2025-11-25 05:04:32,227 [Worker-13] INFO  o.e.m.c.i.embedder.EclipseLogger - Copying 0 resource
2025-11-25 05:04:32,229 [Worker-13] WARN  o.e.m.c.i.embedder.EclipseLogger - Using platform encoding (Cp1252 actually) to copy filtered resources, i.e. build is platform dependent!
2025-11-25 05:04:32,230 [Worker-13] INFO  o.e.m.c.i.embedder.EclipseLogger - skip non existing resourceDirectory D:\Code\SpringMVC\MVCData\src\test\resources
2025-11-25 05:04:32,333 [Worker-13] WARN  o.e.m.c.i.embedder.EclipseLogger - Using platform encoding (Cp1252 actually) to copy filtered resources, i.e. build is platform dependent!
2025-11-25 05:04:32,335 [Worker-13] INFO  o.e.m.c.i.embedder.EclipseLogger - Copying 0 resource
2025-11-25 05:04:32,337 [Worker-13] WARN  o.e.m.c.i.embedder.EclipseLogger - Using platform encoding (Cp1252 actually) to copy filtered resources, i.e. build is platform dependent!
2025-11-25 05:04:32,343 [Worker-13] INFO  o.e.m.c.i.embedder.EclipseLogger - skip non existing resourceDirectory D:\Code\SpringMVC\MVCproject\src\test\resources
2025-11-25 05:04:32,567 [Worker-13] WARN  o.e.m.c.i.embedder.EclipseLogger - Using platform encoding (Cp1252 actually) to copy filtered resources, i.e. build is platform dependent!
2025-11-25 05:04:32,569 [Worker-13] INFO  o.e.m.c.i.embedder.EclipseLogger - Copying 0 resource
2025-11-25 05:04:32,571 [Worker-13] WARN  o.e.m.c.i.embedder.EclipseLogger - Using platform encoding (Cp1252 actually) to copy filtered resources, i.e. build is platform dependent!
2025-11-25 05:04:32,574 [Worker-13] INFO  o.e.m.c.i.embedder.EclipseLogger - skip non existing resourceDirectory D:\Code\SpringMVC\MvcException\src\test\resources
2025-11-25 05:25:34,140 [Worker-30] WARN  o.e.r.models.ModelRepository - Failed to download org.eclipse.recommenders:index::zip:0.0.0
org.eclipse.aether.resolution.ArtifactResolutionException: Could not find artifact org.eclipse.recommenders:index:zip:0.0.0-SNAPSHOT in models (http://download.eclipse.org/recommenders/models/neon/)
	at org.eclipse.aether.internal.impl.DefaultArtifactResolver.resolve(DefaultArtifactResolver.java:444) ~[na:na]
	at org.eclipse.aether.internal.impl.DefaultArtifactResolver.resolveArtifacts(DefaultArtifactResolver.java:246) ~[na:na]
	at org.eclipse.aether.internal.impl.DefaultArtifactResolver.resolveArtifact(DefaultArtifactResolver.java:223) ~[na:na]
	at org.eclipse.aether.internal.impl.DefaultRepositorySystem.resolveArtifact(DefaultRepositorySystem.java:294) ~[na:na]
	at org.eclipse.recommenders.models.ModelRepository.resolveInternal(ModelRepository.java:193) [org.eclipse.recommenders.models_2.4.6.v20170307-1041.jar:na]
	at org.eclipse.recommenders.models.ModelRepository.resolve(ModelRepository.java:172) [org.eclipse.recommenders.models_2.4.6.v20170307-1041.jar:na]
	at org.eclipse.recommenders.internal.models.rcp.EclipseModelRepository.resolve(EclipseModelRepository.java:169) [org.eclipse.recommenders.models.rcp_2.4.6.v20170307-1041.jar:na]
	at org.eclipse.recommenders.internal.models.rcp.DownloadModelArchiveJob.run(DownloadModelArchiveJob.java:76) [org.eclipse.recommenders.models.rcp_2.4.6.v20170307-1041.jar:na]
	at org.eclipse.core.internal.jobs.Worker.run(Worker.java:55) [org.eclipse.core.jobs_3.8.0.v20160509-0411.jar:na]
Caused by: org.eclipse.aether.transfer.ArtifactNotFoundException: Could not find artifact org.eclipse.recommenders:index:zip:0.0.0-SNAPSHOT in models (http://download.eclipse.org/recommenders/models/neon/)
	at org.eclipse.aether.connector.basic.ArtifactTransportListener.transferFailed(ArtifactTransportListener.java:39) ~[org.eclipse.aether.connector.basic_1.0.1.v20141111.jar:na]
	at org.eclipse.aether.connector.basic.BasicRepositoryConnector$TaskRunner.run(BasicRepositoryConnector.java:355) ~[org.eclipse.aether.connector.basic_1.0.1.v20141111.jar:na]
	at org.eclipse.aether.util.concurrency.RunnableErrorForwarder$1.run(RunnableErrorForwarder.java:67) ~[na:na]
	at org.eclipse.aether.connector.basic.BasicRepositoryConnector$DirectExecutor.execute(BasicRepositoryConnector.java:581) ~[org.eclipse.aether.connector.basic_1.0.1.v20141111.jar:na]
	at org.eclipse.aether.connector.basic.BasicRepositoryConnector.get(BasicRepositoryConnector.java:249) ~[org.eclipse.aether.connector.basic_1.0.1.v20141111.jar:na]
	at org.eclipse.aether.internal.impl.DefaultArtifactResolver.performDownloads(DefaultArtifactResolver.java:520) ~[na:na]
	at org.eclipse.aether.internal.impl.DefaultArtifactResolver.resolve(DefaultArtifactResolver.java:421) ~[na:na]
	... 8 common frames omitted
2025-11-25 05:26:15,234 [Worker-25] WARN  o.e.m.c.i.embedder.EclipseLogger - Using platform encoding (Cp1252 actually) to copy filtered resources, i.e. build is platform dependent!
2025-11-25 05:26:15,235 [Worker-25] INFO  o.e.m.c.i.embedder.EclipseLogger - Copying 0 resource
2025-11-25 05:26:15,238 [Worker-25] WARN  o.e.m.c.i.embedder.EclipseLogger - Using platform encoding (Cp1252 actually) to copy filtered resources, i.e. build is platform dependent!
2025-11-25 05:26:15,239 [Worker-25] INFO  o.e.m.c.i.embedder.EclipseLogger - skip non existing resourceDirectory D:\Code\SpringMVC\MvcException\src\test\resources
2025-11-25 06:01:01,921 [Worker-40] WARN  o.e.m.c.i.embedder.EclipseLogger - Using platform encoding (Cp1252 actually) to copy filtered resources, i.e. build is platform dependent!
2025-11-25 06:01:01,923 [Worker-40] INFO  o.e.m.c.i.embedder.EclipseLogger - Copying 0 resource
2025-11-25 06:01:01,924 [Worker-40] WARN  o.e.m.c.i.embedder.EclipseLogger - Using platform encoding (Cp1252 actually) to copy filtered resources, i.e. build is platform dependent!
2025-11-25 06:01:01,925 [Worker-40] INFO  o.e.m.c.i.embedder.EclipseLogger - skip non existing resourceDirectory D:\Code\SpringMVC\MvcException\src\test\resources
2025-11-25 06:03:41,577 [Worker-41] WARN  o.e.m.c.i.embedder.EclipseLogger - Using platform encoding (Cp1252 actually) to copy filtered resources, i.e. build is platform dependent!
2025-11-25 06:03:41,578 [Worker-41] INFO  o.e.m.c.i.embedder.EclipseLogger - Copying 0 resource
2025-11-25 06:03:41,580 [Worker-41] WARN  o.e.m.c.i.embedder.EclipseLogger - Using platform encoding (Cp1252 actually) to copy filtered resources, i.e. build is platform dependent!
2025-11-25 06:03:41,580 [Worker-41] INFO  o.e.m.c.i.embedder.EclipseLogger - skip non existing resourceDirectory D:\Code\SpringMVC\MvcException\src\test\resources
2025-11-25 06:05:16,353 [Worker-42] WARN  o.e.m.c.i.embedder.EclipseLogger - Using platform encoding (Cp1252 actually) to copy filtered resources, i.e. build is platform dependent!
2025-11-25 06:05:16,355 [Worker-42] INFO  o.e.m.c.i.embedder.EclipseLogger - Copying 0 resource
2025-11-25 06:05:16,357 [Worker-42] WARN  o.e.m.c.i.embedder.EclipseLogger - Using platform encoding (Cp1252 actually) to copy filtered resources, i.e. build is platform dependent!
2025-11-25 06:05:16,358 [Worker-42] INFO  o.e.m.c.i.embedder.EclipseLogger - skip non existing resourceDirectory D:\Code\SpringMVC\MvcException\src\test\resources
2025-11-25 06:09:27,970 [Worker-46] WARN  o.e.m.c.i.embedder.EclipseLogger - Using platform encoding (Cp1252 actually) to copy filtered resources, i.e. build is platform dependent!
2025-11-25 06:09:27,970 [Worker-46] INFO  o.e.m.c.i.embedder.EclipseLogger - Copying 0 resource
2025-11-25 06:09:27,971 [Worker-46] WARN  o.e.m.c.i.embedder.EclipseLogger - Using platform encoding (Cp1252 actually) to copy filtered resources, i.e. build is platform dependent!
2025-11-25 06:09:27,972 [Worker-46] INFO  o.e.m.c.i.embedder.EclipseLogger - skip non existing resourceDirectory D:\Code\SpringMVC\MvcException\src\test\resources
2025-11-25 06:14:30,912 [Worker-49] WARN  o.e.m.c.i.embedder.EclipseLogger - Using platform encoding (Cp1252 actually) to copy filtered resources, i.e. build is platform dependent!
2025-11-25 06:14:30,913 [Worker-49] INFO  o.e.m.c.i.embedder.EclipseLogger - Copying 0 resource
2025-11-25 06:14:30,914 [Worker-49] WARN  o.e.m.c.i.embedder.EclipseLogger - Using platform encoding (Cp1252 actually) to copy filtered resources, i.e. build is platform dependent!
2025-11-25 06:14:30,923 [Worker-49] INFO  o.e.m.c.i.embedder.EclipseLogger - skip non existing resourceDirectory D:\Code\SpringMVC\MvcException\src\test\resources
2025-11-25 06:17:21,188 [Worker-50] WARN  o.e.m.c.i.embedder.EclipseLogger - Using platform encoding (Cp1252 actually) to copy filtered resources, i.e. build is platform dependent!
2025-11-25 06:17:21,188 [Worker-50] INFO  o.e.m.c.i.embedder.EclipseLogger - Copying 0 resource
2025-11-25 06:17:21,188 [Worker-50] WARN  o.e.m.c.i.embedder.EclipseLogger - Using platform encoding (Cp1252 actually) to copy filtered resources, i.e. build is platform dependent!
2025-11-25 06:17:21,204 [Worker-50] INFO  o.e.m.c.i.embedder.EclipseLogger - skip non existing resourceDirectory D:\Code\SpringMVC\MvcException\src\test\resources
2025-11-25 06:21:41,738 [Worker-50] WARN  o.e.m.c.i.embedder.EclipseLogger - Using platform encoding (Cp1252 actually) to copy filtered resources, i.e. build is platform dependent!
2025-11-25 06:21:41,738 [Worker-50] INFO  o.e.m.c.i.embedder.EclipseLogger - Copying 0 resource
2025-11-25 06:21:41,746 [Worker-50] WARN  o.e.m.c.i.embedder.EclipseLogger - Using platform encoding (Cp1252 actually) to copy filtered resources, i.e. build is platform dependent!
2025-11-25 06:21:41,746 [Worker-50] INFO  o.e.m.c.i.embedder.EclipseLogger - skip non existing resourceDirectory D:\Code\SpringMVC\MvcException\src\test\resources
2025-11-25 06:23:13,626 [Worker-50] WARN  o.e.m.c.i.embedder.EclipseLogger - Using platform encoding (Cp1252 actually) to copy filtered resources, i.e. build is platform dependent!
2025-11-25 06:23:13,633 [Worker-50] INFO  o.e.m.c.i.embedder.EclipseLogger - Copying 0 resource
2025-11-25 06:23:13,633 [Worker-50] WARN  o.e.m.c.i.embedder.EclipseLogger - Using platform encoding (Cp1252 actually) to copy filtered resources, i.e. build is platform dependent!
2025-11-25 06:23:13,633 [Worker-50] INFO  o.e.m.c.i.embedder.EclipseLogger - skip non existing resourceDirectory D:\Code\SpringMVC\MvcException\src\test\resources
2025-11-25 06:28:59,051 [Worker-57] WARN  o.e.m.c.i.embedder.EclipseLogger - Using platform encoding (Cp1252 actually) to copy filtered resources, i.e. build is platform dependent!
2025-11-25 06:28:59,051 [Worker-57] INFO  o.e.m.c.i.embedder.EclipseLogger - Copying 0 resource
2025-11-25 06:28:59,051 [Worker-57] WARN  o.e.m.c.i.embedder.EclipseLogger - Using platform encoding (Cp1252 actually) to copy filtered resources, i.e. build is platform dependent!
2025-11-25 06:28:59,063 [Worker-57] INFO  o.e.m.c.i.embedder.EclipseLogger - skip non existing resourceDirectory D:\Code\SpringMVC\MvcException\src\test\resources
2025-11-25 06:29:06,917 [Worker-46] WARN  o.e.m.c.i.embedder.EclipseLogger - Using platform encoding (Cp1252 actually) to copy filtered resources, i.e. build is platform dependent!
2025-11-25 06:29:06,917 [Worker-46] INFO  o.e.m.c.i.embedder.EclipseLogger - Copying 0 resource
2025-11-25 06:29:06,920 [Worker-46] WARN  o.e.m.c.i.embedder.EclipseLogger - Using platform encoding (Cp1252 actually) to copy filtered resources, i.e. build is platform dependent!
2025-11-25 06:29:06,920 [Worker-46] INFO  o.e.m.c.i.embedder.EclipseLogger - skip non existing resourceDirectory D:\Code\SpringMVC\MvcException\src\test\resources
2025-11-25 06:32:34,933 [Worker-61] WARN  o.e.m.c.i.embedder.EclipseLogger - Using platform encoding (Cp1252 actually) to copy filtered resources, i.e. build is platform dependent!
2025-11-25 06:32:34,935 [Worker-61] INFO  o.e.m.c.i.embedder.EclipseLogger - Copying 0 resource
2025-11-25 06:32:34,941 [Worker-61] WARN  o.e.m.c.i.embedder.EclipseLogger - Using platform encoding (Cp1252 actually) to copy filtered resources, i.e. build is platform dependent!
2025-11-25 06:32:34,945 [Worker-61] INFO  o.e.m.c.i.embedder.EclipseLogger - skip non existing resourceDirectory D:\Code\SpringMVC\MvcException\src\test\resources
2025-11-25 06:34:05,493 [Worker-65] WARN  o.e.m.c.i.embedder.EclipseLogger - Using platform encoding (Cp1252 actually) to copy filtered resources, i.e. build is platform dependent!
2025-11-25 06:34:05,495 [Worker-65] INFO  o.e.m.c.i.embedder.EclipseLogger - Copying 0 resource
2025-11-25 06:34:05,497 [Worker-65] WARN  o.e.m.c.i.embedder.EclipseLogger - Using platform encoding (Cp1252 actually) to copy filtered resources, i.e. build is platform dependent!
2025-11-25 06:34:05,499 [Worker-65] INFO  o.e.m.c.i.embedder.EclipseLogger - skip non existing resourceDirectory D:\Code\SpringMVC\MvcException\src\test\resources
2025-11-25 06:34:21,223 [Worker-59] WARN  o.e.m.c.i.embedder.EclipseLogger - Using platform encoding (Cp1252 actually) to copy filtered resources, i.e. build is platform dependent!
2025-11-25 06:34:21,225 [Worker-59] INFO  o.e.m.c.i.embedder.EclipseLogger - Copying 0 resource
2025-11-25 06:34:21,225 [Worker-59] WARN  o.e.m.c.i.embedder.EclipseLogger - Using platform encoding (Cp1252 actually) to copy filtered resources, i.e. build is platform dependent!
2025-11-25 06:34:21,225 [Worker-59] INFO  o.e.m.c.i.embedder.EclipseLogger - skip non existing resourceDirectory D:\Code\SpringMVC\MvcException\src\test\resources
2025-11-25 06:34:47,624 [Worker-66] WARN  o.e.m.c.i.embedder.EclipseLogger - Using platform encoding (Cp1252 actually) to copy filtered resources, i.e. build is platform dependent!
2025-11-25 06:34:47,624 [Worker-66] INFO  o.e.m.c.i.embedder.EclipseLogger - Copying 0 resource
2025-11-25 06:34:47,626 [Worker-66] WARN  o.e.m.c.i.embedder.EclipseLogger - Using platform encoding (Cp1252 actually) to copy filtered resources, i.e. build is platform dependent!
2025-11-25 06:34:47,626 [Worker-66] INFO  o.e.m.c.i.embedder.EclipseLogger - skip non existing resourceDirectory D:\Code\SpringMVC\MvcException\src\test\resources
2025-11-25 06:36:47,442 [Worker-65] WARN  o.e.m.c.i.embedder.EclipseLogger - Using platform encoding (Cp1252 actually) to copy filtered resources, i.e. build is platform dependent!
2025-11-25 06:36:47,442 [Worker-65] INFO  o.e.m.c.i.embedder.EclipseLogger - Copying 0 resource
2025-11-25 06:36:47,451 [Worker-65] WARN  o.e.m.c.i.embedder.EclipseLogger - Using platform encoding (Cp1252 actually) to copy filtered resources, i.e. build is platform dependent!
2025-11-25 06:36:47,451 [Worker-65] INFO  o.e.m.c.i.embedder.EclipseLogger - skip non existing resourceDirectory D:\Code\SpringMVC\MvcException\src\test\resources
2025-11-25 06:36:51,609 [Worker-59] WARN  o.e.m.c.i.embedder.EclipseLogger - Using platform encoding (Cp1252 actually) to copy filtered resources, i.e. build is platform dependent!
2025-11-25 06:36:51,616 [Worker-59] INFO  o.e.m.c.i.embedder.EclipseLogger - Copying 0 resource
2025-11-25 06:36:51,616 [Worker-59] WARN  o.e.m.c.i.embedder.EclipseLogger - Using platform encoding (Cp1252 actually) to copy filtered resources, i.e. build is platform dependent!
2025-11-25 06:36:51,618 [Worker-59] INFO  o.e.m.c.i.embedder.EclipseLogger - skip non existing resourceDirectory D:\Code\SpringMVC\MvcException\src\test\resources
2025-11-25 06:37:42,133 [Worker-66] WARN  o.e.m.c.i.embedder.EclipseLogger - Using platform encoding (Cp1252 actually) to copy filtered resources, i.e. build is platform dependent!
2025-11-25 06:37:42,135 [Worker-66] INFO  o.e.m.c.i.embedder.EclipseLogger - Copying 0 resource
2025-11-25 06:37:42,140 [Worker-66] WARN  o.e.m.c.i.embedder.EclipseLogger - Using platform encoding (Cp1252 actually) to copy filtered resources, i.e. build is platform dependent!
2025-11-25 06:37:42,142 [Worker-66] INFO  o.e.m.c.i.embedder.EclipseLogger - skip non existing resourceDirectory D:\Code\SpringMVC\MvcException\src\test\resources
2025-11-25 06:38:09,917 [Worker-58] WARN  o.e.m.c.i.embedder.EclipseLogger - Using platform encoding (Cp1252 actually) to copy filtered resources, i.e. build is platform dependent!
2025-11-25 06:38:09,917 [Worker-58] INFO  o.e.m.c.i.embedder.EclipseLogger - Copying 0 resource
2025-11-25 06:38:09,920 [Worker-58] WARN  o.e.m.c.i.embedder.EclipseLogger - Using platform encoding (Cp1252 actually) to copy filtered resources, i.e. build is platform dependent!
2025-11-25 06:38:09,922 [Worker-58] INFO  o.e.m.c.i.embedder.EclipseLogger - skip non existing resourceDirectory D:\Code\SpringMVC\MvcException\src\test\resources
2025-11-25 06:54:01,424 [Worker-70] WARN  o.e.m.c.i.embedder.EclipseLogger - Using platform encoding (Cp1252 actually) to copy filtered resources, i.e. build is platform dependent!
2025-11-25 06:54:01,432 [Worker-70] INFO  o.e.m.c.i.embedder.EclipseLogger - Copying 0 resource
2025-11-25 06:54:01,432 [Worker-70] WARN  o.e.m.c.i.embedder.EclipseLogger - Using platform encoding (Cp1252 actually) to copy filtered resources, i.e. build is platform dependent!
2025-11-25 06:54:01,434 [Worker-70] INFO  o.e.m.c.i.embedder.EclipseLogger - skip non existing resourceDirectory D:\Code\SpringMVC\MvcException\src\test\resources
2025-11-25 06:54:37,857 [Worker-70] WARN  o.e.m.c.i.embedder.EclipseLogger - Using platform encoding (Cp1252 actually) to copy filtered resources, i.e. build is platform dependent!
2025-11-25 06:54:37,857 [Worker-70] INFO  o.e.m.c.i.embedder.EclipseLogger - Copying 0 resource
2025-11-25 06:54:37,857 [Worker-70] WARN  o.e.m.c.i.embedder.EclipseLogger - Using platform encoding (Cp1252 actually) to copy filtered resources, i.e. build is platform dependent!
2025-11-25 06:54:37,857 [Worker-70] INFO  o.e.m.c.i.embedder.EclipseLogger - skip non existing resourceDirectory D:\Code\SpringMVC\MvcException\src\test\resources
2025-11-25 06:55:42,915 [Worker-74] WARN  o.e.m.c.i.embedder.EclipseLogger - Using platform encoding (Cp1252 actually) to copy filtered resources, i.e. build is platform dependent!
2025-11-25 06:55:42,915 [Worker-74] INFO  o.e.m.c.i.embedder.EclipseLogger - Copying 0 resource
2025-11-25 06:55:42,915 [Worker-74] WARN  o.e.m.c.i.embedder.EclipseLogger - Using platform encoding (Cp1252 actually) to copy filtered resources, i.e. build is platform dependent!
2025-11-25 06:55:42,924 [Worker-74] INFO  o.e.m.c.i.embedder.EclipseLogger - skip non existing resourceDirectory D:\Code\SpringMVC\MvcException\src\test\resources
2025-11-25 06:57:10,135 [Worker-73] WARN  o.e.m.c.i.embedder.EclipseLogger - Using platform encoding (Cp1252 actually) to copy filtered resources, i.e. build is platform dependent!
2025-11-25 06:57:10,135 [Worker-73] INFO  o.e.m.c.i.embedder.EclipseLogger - Copying 0 resource
2025-11-25 06:57:10,144 [Worker-73] WARN  o.e.m.c.i.embedder.EclipseLogger - Using platform encoding (Cp1252 actually) to copy filtered resources, i.e. build is platform dependent!
2025-11-25 06:57:10,144 [Worker-73] INFO  o.e.m.c.i.embedder.EclipseLogger - skip non existing resourceDirectory D:\Code\SpringMVC\MvcException\src\test\resources
2025-11-25 07:14:58,714 [Worker-78] WARN  o.e.m.c.i.embedder.EclipseLogger - Using platform encoding (Cp1252 actually) to copy filtered resources, i.e. build is platform dependent!
2025-11-25 07:14:58,714 [Worker-78] INFO  o.e.m.c.i.embedder.EclipseLogger - Copying 0 resource
2025-11-25 07:14:58,714 [Worker-78] WARN  o.e.m.c.i.embedder.EclipseLogger - Using platform encoding (Cp1252 actually) to copy filtered resources, i.e. build is platform dependent!
2025-11-25 07:14:58,714 [Worker-78] INFO  o.e.m.c.i.embedder.EclipseLogger - skip non existing resourceDirectory D:\Code\SpringMVC\MvcException\src\test\resources
2025-11-25 07:19:53,383 [Worker-82] WARN  o.e.m.c.i.embedder.EclipseLogger - Using platform encoding (Cp1252 actually) to copy filtered resources, i.e. build is platform dependent!
2025-11-25 07:19:53,383 [Worker-82] INFO  o.e.m.c.i.embedder.EclipseLogger - Copying 0 resource
2025-11-25 07:19:53,386 [Worker-82] WARN  o.e.m.c.i.embedder.EclipseLogger - Using platform encoding (Cp1252 actually) to copy filtered resources, i.e. build is platform dependent!
2025-11-25 07:19:53,386 [Worker-82] INFO  o.e.m.c.i.embedder.EclipseLogger - skip non existing resourceDirectory D:\Code\SpringMVC\MvcException\src\test\resources
2025-11-28 20:10:41,296 [Worker-10] WARN  o.e.m.c.i.embedder.EclipseLogger - Using platform encoding (Cp1252 actually) to copy filtered resources, i.e. build is platform dependent!
2025-11-28 20:10:41,306 [Worker-10] INFO  o.e.m.c.i.embedder.EclipseLogger - Copying 0 resource
2025-11-28 20:10:41,309 [Worker-10] WARN  o.e.m.c.i.embedder.EclipseLogger - Using platform encoding (Cp1252 actually) to copy filtered resources, i.e. build is platform dependent!
2025-11-28 20:10:41,310 [Worker-10] INFO  o.e.m.c.i.embedder.EclipseLogger - skip non existing resourceDirectory D:\Code\SpringMVC\MVCData\src\test\resources
2025-11-29 00:20:16,590 [Worker-4] WARN  o.e.m.c.i.embedder.EclipseLogger - Using platform encoding (Cp1252 actually) to copy filtered resources, i.e. build is platform dependent!
2025-11-29 00:20:16,609 [Worker-4] INFO  o.e.m.c.i.embedder.EclipseLogger - Copying 0 resource
2025-11-29 00:20:16,614 [Worker-4] WARN  o.e.m.c.i.embedder.EclipseLogger - Using platform encoding (Cp1252 actually) to copy filtered resources, i.e. build is platform dependent!
2025-11-29 00:20:16,615 [Worker-4] INFO  o.e.m.c.i.embedder.EclipseLogger - skip non existing resourceDirectory D:\Code\SpringMVC\MVCData\src\test\resources
2025-11-29 00:20:18,573 [Worker-1] WARN  o.e.m.c.i.embedder.EclipseLogger - Using platform encoding (Cp1252 actually) to copy filtered resources, i.e. build is platform dependent!
2025-11-29 00:20:18,576 [Worker-1] INFO  o.e.m.c.i.embedder.EclipseLogger - Copying 0 resource
2025-11-29 00:20:18,579 [Worker-1] WARN  o.e.m.c.i.embedder.EclipseLogger - Using platform encoding (Cp1252 actually) to copy filtered resources, i.e. build is platform dependent!
2025-11-29 00:20:18,580 [Worker-1] INFO  o.e.m.c.i.embedder.EclipseLogger - skip non existing resourceDirectory D:\Code\SpringMVC\MVCproject\src\test\resources
2025-11-29 00:20:19,888 [Worker-1] WARN  o.e.m.c.i.embedder.EclipseLogger - Using platform encoding (Cp1252 actually) to copy filtered resources, i.e. build is platform dependent!
2025-11-29 00:20:19,891 [Worker-1] INFO  o.e.m.c.i.embedder.EclipseLogger - Copying 0 resource
2025-11-29 00:20:19,894 [Worker-1] WARN  o.e.m.c.i.embedder.EclipseLogger - Using platform encoding (Cp1252 actually) to copy filtered resources, i.e. build is platform dependent!
2025-11-29 00:20:19,897 [Worker-1] INFO  o.e.m.c.i.embedder.EclipseLogger - skip non existing resourceDirectory D:\Code\SpringMVC\MvcException\src\test\resources
2025-12-03 18:00:44,604 [Worker-9] WARN  o.e.m.c.i.embedder.EclipseLogger - Using platform encoding (Cp1252 actually) to copy filtered resources, i.e. build is platform dependent!
2025-12-03 18:00:44,616 [Worker-9] INFO  o.e.m.c.i.embedder.EclipseLogger - Copying 0 resource
2025-12-03 18:00:44,619 [Worker-9] WARN  o.e.m.c.i.embedder.EclipseLogger - Using platform encoding (Cp1252 actually) to copy filtered resources, i.e. build is platform dependent!
2025-12-03 18:00:44,620 [Worker-9] INFO  o.e.m.c.i.embedder.EclipseLogger - skip non existing resourceDirectory D:\Code\SpringMVC\MVCData\src\test\resources
2025-12-03 18:00:48,768 [Worker-9] WARN  o.e.m.c.i.embedder.EclipseLogger - Using platform encoding (Cp1252 actually) to copy filtered resources, i.e. build is platform dependent!
2025-12-03 18:00:48,770 [Worker-9] INFO  o.e.m.c.i.embedder.EclipseLogger - Copying 0 resource
2025-12-03 18:00:48,774 [Worker-9] WARN  o.e.m.c.i.embedder.EclipseLogger - Using platform encoding (Cp1252 actually) to copy filtered resources, i.e. build is platform dependent!
2025-12-03 18:00:48,777 [Worker-9] INFO  o.e.m.c.i.embedder.EclipseLogger - skip non existing resourceDirectory D:\Code\SpringMVC\MVCproject\src\test\resources
2025-12-03 18:00:49,164 [Worker-9] WARN  o.e.m.c.i.embedder.EclipseLogger - Using platform encoding (Cp1252 actually) to copy filtered resources, i.e. build is platform dependent!
2025-12-03 18:00:49,166 [Worker-9] INFO  o.e.m.c.i.embedder.EclipseLogger - Copying 0 resource
2025-12-03 18:00:49,169 [Worker-9] WARN  o.e.m.c.i.embedder.EclipseLogger - Using platform encoding (Cp1252 actually) to copy filtered resources, i.e. build is platform dependent!
2025-12-03 18:00:49,170 [Worker-9] INFO  o.e.m.c.i.embedder.EclipseLogger - skip non existing resourceDirectory D:\Code\SpringMVC\MvcException\src\test\resources
2025-12-03 18:00:51,561 [Worker-12] WARN  o.e.m.c.i.embedder.EclipseLogger - Using platform encoding (Cp1252 actually) to copy filtered resources, i.e. build is platform dependent!
2025-12-03 18:00:51,579 [Worker-12] INFO  o.e.m.c.i.embedder.EclipseLogger - Copying 0 resource
2025-12-03 18:00:51,582 [Worker-12] WARN  o.e.m.c.i.embedder.EclipseLogger - Using platform encoding (Cp1252 actually) to copy filtered resources, i.e. build is platform dependent!
2025-12-03 18:00:51,585 [Worker-12] INFO  o.e.m.c.i.embedder.EclipseLogger - skip non existing resourceDirectory D:\Code\SpringMVC\MVCData\src\test\resources
2025-12-03 18:09:02,404 [Worker-19] INFO  o.e.m.c.i.p.ProjectConfigurationManager - Collecting project info '/pom.xml' D:\Code\SpringMVC\MvcUpload\pom.xml
2025-12-03 18:09:07,002 [Worker-19] INFO  o.e.m.c.i.l.LifecycleMappingFactory - Using org.maven.ide.eclipse.wtp.WarLifecycleMapping lifecycle mapping for MavenProject: MvcUpload:MvcUpload:0.0.1-SNAPSHOT @ D:\Code\SpringMVC\MvcUpload\pom.xml.
2025-12-03 18:09:07,435 [Worker-19] INFO  o.e.m.j.i.AbstractJavaProjectConfigurator - Adding source folder /MvcUpload/src/main/java
2025-12-03 18:09:07,436 [Worker-19] INFO  o.e.m.j.i.AbstractJavaProjectConfigurator - Adding resource folder /MvcUpload/src/main/resources
2025-12-03 18:09:07,436 [Worker-19] INFO  o.e.m.j.i.AbstractJavaProjectConfigurator - Adding source folder /MvcUpload/src/test/java
2025-12-03 18:09:09,020 [Worker-19] INFO  o.e.m.c.i.p.ProjectConfigurationManager - Imported and configured 1 project(s) in 6 sec
2025-12-03 18:09:09,315 [Worker-19] WARN  o.e.m.c.i.embedder.EclipseLogger - Using platform encoding (Cp1252 actually) to copy filtered resources, i.e. build is platform dependent!
2025-12-03 18:09:09,316 [Worker-19] INFO  o.e.m.c.i.embedder.EclipseLogger - Copying 0 resource
2025-12-03 18:09:09,319 [Worker-19] WARN  o.e.m.c.i.embedder.EclipseLogger - Using platform encoding (Cp1252 actually) to copy filtered resources, i.e. build is platform dependent!
2025-12-03 18:09:09,320 [Worker-19] INFO  o.e.m.c.i.embedder.EclipseLogger - skip non existing resourceDirectory D:\Code\SpringMVC\MvcUpload\src\test\resources
2025-12-03 18:14:55,989 [Worker-25] WARN  o.e.m.c.i.embedder.EclipseLogger - Using platform encoding (Cp1252 actually) to copy filtered resources, i.e. build is platform dependent!
2025-12-03 18:14:55,990 [Worker-25] INFO  o.e.m.c.i.embedder.EclipseLogger - Copying 0 resource
2025-12-03 18:14:55,991 [Worker-25] WARN  o.e.m.c.i.embedder.EclipseLogger - Using platform encoding (Cp1252 actually) to copy filtered resources, i.e. build is platform dependent!
2025-12-03 18:14:55,992 [Worker-25] INFO  o.e.m.c.i.embedder.EclipseLogger - skip non existing resourceDirectory D:\Code\SpringMVC\MVCData\src\test\resources
2025-12-03 18:14:56,235 [Worker-25] WARN  o.e.m.c.i.embedder.EclipseLogger - Using platform encoding (Cp1252 actually) to copy filtered resources, i.e. build is platform dependent!
2025-12-03 18:14:56,236 [Worker-25] INFO  o.e.m.c.i.embedder.EclipseLogger - Copying 0 resource
2025-12-03 18:14:56,238 [Worker-25] WARN  o.e.m.c.i.embedder.EclipseLogger - Using platform encoding (Cp1252 actually) to copy filtered resources, i.e. build is platform dependent!
2025-12-03 18:14:56,238 [Worker-25] INFO  o.e.m.c.i.embedder.EclipseLogger - skip non existing resourceDirectory D:\Code\SpringMVC\MVCproject\src\test\resources
2025-12-03 18:14:56,245 [Worker-25] WARN  o.e.m.c.i.embedder.EclipseLogger - Using platform encoding (Cp1252 actually) to copy filtered resources, i.e. build is platform dependent!
2025-12-03 18:14:56,246 [Worker-25] INFO  o.e.m.c.i.embedder.EclipseLogger - Copying 0 resource
2025-12-03 18:14:56,249 [Worker-25] WARN  o.e.m.c.i.embedder.EclipseLogger - Using platform encoding (Cp1252 actually) to copy filtered resources, i.e. build is platform dependent!
2025-12-03 18:14:56,250 [Worker-25] INFO  o.e.m.c.i.embedder.EclipseLogger - skip non existing resourceDirectory D:\Code\SpringMVC\MvcUpload\src\test\resources
2025-12-03 18:15:15,302 [Worker-28] WARN  o.e.m.c.i.embedder.EclipseLogger - Using platform encoding (Cp1252 actually) to copy filtered resources, i.e. build is platform dependent!
2025-12-03 18:15:15,303 [Worker-28] INFO  o.e.m.c.i.embedder.EclipseLogger - Copying 0 resource
2025-12-03 18:15:15,304 [Worker-28] WARN  o.e.m.c.i.embedder.EclipseLogger - Using platform encoding (Cp1252 actually) to copy filtered resources, i.e. build is platform dependent!
2025-12-03 18:15:15,305 [Worker-28] INFO  o.e.m.c.i.embedder.EclipseLogger - skip non existing resourceDirectory D:\Code\SpringMVC\MvcUpload\src\test\resources
2025-12-03 18:15:24,787 [Worker-25] WARN  o.e.m.c.i.embedder.EclipseLogger - Using platform encoding (Cp1252 actually) to copy filtered resources, i.e. build is platform dependent!
2025-12-03 18:15:24,789 [Worker-25] INFO  o.e.m.c.i.embedder.EclipseLogger - Copying 0 resource
2025-12-03 18:15:24,790 [Worker-25] WARN  o.e.m.c.i.embedder.EclipseLogger - Using platform encoding (Cp1252 actually) to copy filtered resources, i.e. build is platform dependent!
2025-12-03 18:15:24,791 [Worker-25] INFO  o.e.m.c.i.embedder.EclipseLogger - skip non existing resourceDirectory D:\Code\SpringMVC\MvcUpload\src\test\resources
2025-12-03 18:24:03,374 [Worker-27] INFO  o.e.m.c.i.l.LifecycleMappingFactory - Using org.maven.ide.eclipse.wtp.WarLifecycleMapping lifecycle mapping for MavenProject: MvcUpload:MvcUpload:0.0.1-SNAPSHOT @ D:\Code\SpringMVC\MvcUpload\pom.xml.
2025-12-03 18:24:05,930 [Worker-27] WARN  o.e.m.c.i.embedder.EclipseLogger - Using platform encoding (Cp1252 actually) to copy filtered resources, i.e. build is platform dependent!
2025-12-03 18:24:05,934 [Worker-27] INFO  o.e.m.c.i.embedder.EclipseLogger - Copying 0 resource
2025-12-03 18:24:05,935 [Worker-27] WARN  o.e.m.c.i.embedder.EclipseLogger - Using platform encoding (Cp1252 actually) to copy filtered resources, i.e. build is platform dependent!
2025-12-03 18:24:05,936 [Worker-27] INFO  o.e.m.c.i.embedder.EclipseLogger - skip non existing resourceDirectory D:\Code\SpringMVC\MvcUpload\src\test\resources
2025-12-03 18:24:05,937 [Worker-27] INFO  o.e.m.w.i.f.ResourceFilteringBuildParticipant - Changed resources require a complete clean of filtered resources of MvcUpload
2025-12-03 18:24:05,958 [Worker-27] INFO  o.e.m.w.i.f.ResourceFilteringBuildParticipant - Executing resource filtering for MvcUpload
2025-12-03 18:24:05,966 [Worker-27] WARN  o.e.m.c.i.embedder.EclipseLogger - Using platform encoding (Cp1252 actually) to copy filtered resources, i.e. build is platform dependent!
2025-12-03 19:12:53,955 [Worker-55] WARN  o.e.m.c.i.embedder.EclipseLogger - Using platform encoding (Cp1252 actually) to copy filtered resources, i.e. build is platform dependent!
2025-12-03 19:12:53,955 [Worker-55] INFO  o.e.m.c.i.embedder.EclipseLogger - Copying 0 resource
2025-12-03 19:12:53,955 [Worker-55] WARN  o.e.m.c.i.embedder.EclipseLogger - Using platform encoding (Cp1252 actually) to copy filtered resources, i.e. build is platform dependent!
2025-12-03 19:12:53,955 [Worker-55] INFO  o.e.m.c.i.embedder.EclipseLogger - skip non existing resourceDirectory D:\Code\SpringMVC\MvcUpload\src\test\resources
2025-12-03 19:13:59,157 [Worker-53] WARN  o.e.m.c.i.embedder.EclipseLogger - Using platform encoding (Cp1252 actually) to copy filtered resources, i.e. build is platform dependent!
2025-12-03 19:13:59,157 [Worker-53] INFO  o.e.m.c.i.embedder.EclipseLogger - Copying 0 resource
2025-12-03 19:13:59,164 [Worker-53] WARN  o.e.m.c.i.embedder.EclipseLogger - Using platform encoding (Cp1252 actually) to copy filtered resources, i.e. build is platform dependent!
2025-12-03 19:13:59,164 [Worker-53] INFO  o.e.m.c.i.embedder.EclipseLogger - skip non existing resourceDirectory D:\Code\SpringMVC\MvcUpload\src\test\resources
2025-12-03 19:15:39,262 [Worker-53] WARN  o.e.m.c.i.embedder.EclipseLogger - Using platform encoding (Cp1252 actually) to copy filtered resources, i.e. build is platform dependent!
2025-12-03 19:15:39,264 [Worker-53] INFO  o.e.m.c.i.embedder.EclipseLogger - Copying 0 resource
2025-12-03 19:15:39,266 [Worker-53] WARN  o.e.m.c.i.embedder.EclipseLogger - Using platform encoding (Cp1252 actually) to copy filtered resources, i.e. build is platform dependent!
2025-12-03 19:15:39,266 [Worker-53] INFO  o.e.m.c.i.embedder.EclipseLogger - skip non existing resourceDirectory D:\Code\SpringMVC\MvcUpload\src\test\resources
2025-12-03 19:16:24,295 [Worker-53] WARN  o.e.m.c.i.embedder.EclipseLogger - Using platform encoding (Cp1252 actually) to copy filtered resources, i.e. build is platform dependent!
2025-12-03 19:16:24,295 [Worker-53] INFO  o.e.m.c.i.embedder.EclipseLogger - Copying 0 resource
2025-12-03 19:16:24,300 [Worker-53] WARN  o.e.m.c.i.embedder.EclipseLogger - Using platform encoding (Cp1252 actually) to copy filtered resources, i.e. build is platform dependent!
2025-12-03 19:16:24,300 [Worker-53] INFO  o.e.m.c.i.embedder.EclipseLogger - skip non existing resourceDirectory D:\Code\SpringMVC\MvcUpload\src\test\resources
2025-12-03 19:17:36,372 [Worker-53] INFO  o.e.m.c.i.l.LifecycleMappingFactory - Using org.maven.ide.eclipse.wtp.WarLifecycleMapping lifecycle mapping for MavenProject: MvcUpload:MvcUpload:0.0.1-SNAPSHOT @ D:\Code\SpringMVC\MvcUpload\pom.xml.
2025-12-03 19:17:38,983 [Worker-53] WARN  o.e.m.c.i.embedder.EclipseLogger - Using platform encoding (Cp1252 actually) to copy filtered resources, i.e. build is platform dependent!
2025-12-03 19:17:38,985 [Worker-53] INFO  o.e.m.c.i.embedder.EclipseLogger - Copying 0 resource
2025-12-03 19:17:38,985 [Worker-53] WARN  o.e.m.c.i.embedder.EclipseLogger - Using platform encoding (Cp1252 actually) to copy filtered resources, i.e. build is platform dependent!
2025-12-03 19:17:38,987 [Worker-53] INFO  o.e.m.c.i.embedder.EclipseLogger - skip non existing resourceDirectory D:\Code\SpringMVC\MvcUpload\src\test\resources
2025-12-03 19:17:38,987 [Worker-53] INFO  o.e.m.w.i.f.ResourceFilteringBuildParticipant - Changed resources require a complete clean of filtered resources of MvcUpload
2025-12-03 19:17:38,987 [Worker-53] INFO  o.e.m.w.i.f.ResourceFilteringBuildParticipant - Executing resource filtering for MvcUpload
2025-12-03 19:17:38,989 [Worker-53] WARN  o.e.m.c.i.embedder.EclipseLogger - Using platform encoding (Cp1252 actually) to copy filtered resources, i.e. build is platform dependent!
2025-12-03 19:17:45,862 [Worker-51] INFO  o.e.m.c.i.p.ProjectConfigurationManager - Update started
2025-12-03 19:17:46,077 [Worker-51] INFO  o.e.m.c.i.l.LifecycleMappingFactory - Using org.maven.ide.eclipse.wtp.WarLifecycleMapping lifecycle mapping for MavenProject: MvcUpload:MvcUpload:0.0.1-SNAPSHOT @ D:\Code\SpringMVC\MvcUpload\pom.xml.
2025-12-03 19:17:46,385 [Worker-51] INFO  o.e.m.j.i.AbstractJavaProjectConfigurator - Adding source folder /MvcUpload/src/main/java
2025-12-03 19:17:46,385 [Worker-51] INFO  o.e.m.j.i.AbstractJavaProjectConfigurator - Adding resource folder /MvcUpload/src/main/resources
2025-12-03 19:17:46,385 [Worker-51] INFO  o.e.m.j.i.AbstractJavaProjectConfigurator - Adding source folder /MvcUpload/src/test/java
2025-12-03 19:17:47,031 [Worker-51] INFO  o.e.m.w.i.f.ResourceFilteringBuildParticipant - Cleaning filtered folder for MvcUpload
2025-12-03 19:17:47,038 [Worker-51] INFO  o.e.m.c.i.p.ProjectConfigurationManager - Update completed: 1 sec
2025-12-03 19:17:47,245 [Worker-61] WARN  o.e.m.c.i.embedder.EclipseLogger - Using platform encoding (Cp1252 actually) to copy filtered resources, i.e. build is platform dependent!
2025-12-03 19:17:47,245 [Worker-61] INFO  o.e.m.c.i.embedder.EclipseLogger - Copying 0 resource
2025-12-03 19:17:47,245 [Worker-61] WARN  o.e.m.c.i.embedder.EclipseLogger - Using platform encoding (Cp1252 actually) to copy filtered resources, i.e. build is platform dependent!
2025-12-03 19:17:47,245 [Worker-61] INFO  o.e.m.c.i.embedder.EclipseLogger - skip non existing resourceDirectory D:\Code\SpringMVC\MvcUpload\src\test\resources
2025-12-03 19:17:47,245 [Worker-61] INFO  o.e.m.w.i.f.ResourceFilteringBuildParticipant - Changed resources require a complete clean of filtered resources of MvcUpload
2025-12-03 19:17:47,245 [Worker-61] INFO  o.e.m.w.i.f.ResourceFilteringBuildParticipant - Executing resource filtering for MvcUpload
2025-12-03 19:17:47,260 [Worker-61] WARN  o.e.m.c.i.embedder.EclipseLogger - Using platform encoding (Cp1252 actually) to copy filtered resources, i.e. build is platform dependent!
2025-12-14 17:49:40,489 [Worker-4] WARN  o.e.m.c.i.embedder.EclipseLogger - Using platform encoding (Cp1252 actually) to copy filtered resources, i.e. build is platform dependent!
2025-12-14 17:49:40,505 [Worker-4] INFO  o.e.m.c.i.embedder.EclipseLogger - Copying 0 resource
2025-12-14 17:49:40,510 [Worker-4] WARN  o.e.m.c.i.embedder.EclipseLogger - Using platform encoding (Cp1252 actually) to copy filtered resources, i.e. build is platform dependent!
2025-12-14 17:49:40,511 [Worker-4] INFO  o.e.m.c.i.embedder.EclipseLogger - skip non existing resourceDirectory D:\Code\SpringMVC\MVCData\src\test\resources
2025-12-14 17:49:44,315 [Worker-17] WARN  o.e.m.c.i.embedder.EclipseLogger - Using platform encoding (Cp1252 actually) to copy filtered resources, i.e. build is platform dependent!
2025-12-14 17:49:44,317 [Worker-17] INFO  o.e.m.c.i.embedder.EclipseLogger - Copying 0 resource
2025-12-14 17:49:44,319 [Worker-17] WARN  o.e.m.c.i.embedder.EclipseLogger - Using platform encoding (Cp1252 actually) to copy filtered resources, i.e. build is platform dependent!
2025-12-14 17:49:44,319 [Worker-17] INFO  o.e.m.c.i.embedder.EclipseLogger - skip non existing resourceDirectory D:\Code\SpringMVC\MVCproject\src\test\resources
2025-12-14 17:49:44,594 [Worker-17] WARN  o.e.m.c.i.embedder.EclipseLogger - Using platform encoding (Cp1252 actually) to copy filtered resources, i.e. build is platform dependent!
2025-12-14 17:49:44,598 [Worker-17] INFO  o.e.m.c.i.embedder.EclipseLogger - Copying 0 resource
2025-12-14 17:49:44,600 [Worker-17] WARN  o.e.m.c.i.embedder.EclipseLogger - Using platform encoding (Cp1252 actually) to copy filtered resources, i.e. build is platform dependent!
2025-12-14 17:49:44,601 [Worker-17] INFO  o.e.m.c.i.embedder.EclipseLogger - skip non existing resourceDirectory D:\Code\SpringMVC\MvcException\src\test\resources
2025-12-14 17:49:44,660 [Worker-17] WARN  o.e.m.c.i.embedder.EclipseLogger - Using platform encoding (Cp1252 actually) to copy filtered resources, i.e. build is platform dependent!
2025-12-14 17:49:44,662 [Worker-17] INFO  o.e.m.c.i.embedder.EclipseLogger - Copying 0 resource
2025-12-14 17:49:44,663 [Worker-17] WARN  o.e.m.c.i.embedder.EclipseLogger - Using platform encoding (Cp1252 actually) to copy filtered resources, i.e. build is platform dependent!
2025-12-14 17:49:44,664 [Worker-17] INFO  o.e.m.c.i.embedder.EclipseLogger - skip non existing resourceDirectory D:\Code\SpringMVC\MvcUpload\src\test\resources
2025-12-14 17:55:21,660 [Worker-18] INFO  o.e.m.c.i.p.ProjectConfigurationManager - Collecting project info '/pom.xml' D:\Code\SpringMVC\MvcUpload\pom.xml
2025-12-14 17:55:26,406 [Worker-18] INFO  o.e.m.c.i.l.LifecycleMappingFactory - Using org.maven.ide.eclipse.wtp.WarLifecycleMapping lifecycle mapping for MavenProject: MvcUpload:MvcUpload:0.0.1-SNAPSHOT @ D:\Code\SpringMVC\MvcUpload\pom.xml.
2025-12-14 17:55:26,578 [Worker-18] INFO  o.e.m.j.i.AbstractJavaProjectConfigurator - Adding source folder /MvcUpload/src/main/java
2025-12-14 17:55:26,579 [Worker-18] INFO  o.e.m.j.i.AbstractJavaProjectConfigurator - Adding resource folder /MvcUpload/src/main/resources
2025-12-14 17:55:26,580 [Worker-18] INFO  o.e.m.j.i.AbstractJavaProjectConfigurator - Adding source folder /MvcUpload/src/test/java
2025-12-14 17:55:27,398 [Worker-18] ERROR o.e.m.w.jsf.internal.utils.JSFUtils - An error occurred trying to find javax.faces.webapp.FacesServlet :
java.net.UnknownHostException: java.sun.com
	at java.net.AbstractPlainSocketImpl.connect(Unknown Source) ~[na:1.8.0_461]
	at java.net.PlainSocketImpl.connect(Unknown Source) ~[na:1.8.0_461]
	at java.net.SocksSocketImpl.connect(Unknown Source) ~[na:1.8.0_461]
	at java.net.Socket.connect(Unknown Source) ~[na:1.8.0_461]
	at java.net.Socket.connect(Unknown Source) ~[na:1.8.0_461]
	at sun.net.NetworkClient.doConnect(Unknown Source) ~[na:1.8.0_461]
	at sun.net.www.http.HttpClient.openServer(Unknown Source) ~[na:1.8.0_461]
	at sun.net.www.http.HttpClient.openServer(Unknown Source) ~[na:1.8.0_461]
	at sun.net.www.http.HttpClient.<init>(Unknown Source) ~[na:1.8.0_461]
	at sun.net.www.http.HttpClient.New(Unknown Source) ~[na:1.8.0_461]
	at sun.net.www.http.HttpClient.New(Unknown Source) ~[na:1.8.0_461]
	at sun.net.www.protocol.http.HttpURLConnection.getNewHttpClient(Unknown Source) ~[na:1.8.0_461]
	at sun.net.www.protocol.http.HttpURLConnection.plainConnect0(Unknown Source) ~[na:1.8.0_461]
	at sun.net.www.protocol.http.HttpURLConnection.plainConnect(Unknown Source) ~[na:1.8.0_461]
	at sun.net.www.protocol.http.HttpURLConnection.connect(Unknown Source) ~[na:1.8.0_461]
	at sun.net.www.protocol.http.HttpURLConnection.getInputStream0(Unknown Source) ~[na:1.8.0_461]
	at sun.net.www.protocol.http.HttpURLConnection.getInputStream(Unknown Source) ~[na:1.8.0_461]
	at com.sun.org.apache.xerces.internal.impl.XMLEntityManager.setupCurrentEntity(Unknown Source) ~[na:1.8.0_461]
	at com.sun.org.apache.xerces.internal.impl.XMLEntityManager.startEntity(Unknown Source) ~[na:1.8.0_461]
	at com.sun.org.apache.xerces.internal.impl.XMLEntityManager.startDTDEntity(Unknown Source) ~[na:1.8.0_461]
	at com.sun.org.apache.xerces.internal.impl.XMLDTDScannerImpl.setInputSource(Unknown Source) ~[na:1.8.0_461]
	at com.sun.org.apache.xerces.internal.impl.XMLDocumentScannerImpl$DTDDriver.dispatch(Unknown Source) ~[na:1.8.0_461]
	at com.sun.org.apache.xerces.internal.impl.XMLDocumentScannerImpl$DTDDriver.next(Unknown Source) ~[na:1.8.0_461]
	at com.sun.org.apache.xerces.internal.impl.XMLDocumentScannerImpl$PrologDriver.next(Unknown Source) ~[na:1.8.0_461]
	at com.sun.org.apache.xerces.internal.impl.XMLDocumentScannerImpl.next(Unknown Source) ~[na:1.8.0_461]
	at com.sun.org.apache.xerces.internal.impl.XMLDocumentFragmentScannerImpl.scanDocument(Unknown Source) ~[na:1.8.0_461]
	at com.sun.org.apache.xerces.internal.parsers.XML11Configuration.parse(Unknown Source) ~[na:1.8.0_461]
	at com.sun.org.apache.xerces.internal.parsers.XML11Configuration.parse(Unknown Source) ~[na:1.8.0_461]
	at com.sun.org.apache.xerces.internal.parsers.XMLParser.parse(Unknown Source) ~[na:1.8.0_461]
	at com.sun.org.apache.xerces.internal.parsers.DOMParser.parse(Unknown Source) ~[na:1.8.0_461]
	at com.sun.org.apache.xerces.internal.jaxp.DocumentBuilderImpl.parse(Unknown Source) ~[na:1.8.0_461]
	at javax.xml.parsers.DocumentBuilder.parse(Unknown Source) ~[na:1.8.0_461]
	at org.eclipse.m2e.wtp.jsf.internal.utils.JSFUtils.hasFacesServlet(JSFUtils.java:139) [org.eclipse.m2e.wtp.jsf_1.3.1.20160831-1005.jar:na]
	at org.eclipse.m2e.wtp.jsf.internal.utils.JSFUtils.hasFacesServlet(JSFUtils.java:115) [org.eclipse.m2e.wtp.jsf_1.3.1.20160831-1005.jar:na]
	at org.eclipse.m2e.wtp.jsf.internal.configurators.WebXmlJSFFacetDetector.hasFacesServletInWebXml(WebXmlJSFFacetDetector.java:80) [org.eclipse.m2e.wtp.jsf_1.3.1.20160831-1005.jar:na]
	at org.eclipse.m2e.wtp.jsf.internal.configurators.WebXmlJSFFacetDetector.findFacetVersion(WebXmlJSFFacetDetector.java:55) [org.eclipse.m2e.wtp.jsf_1.3.1.20160831-1005.jar:na]
	at org.eclipse.m2e.wtp.facets.FacetDetectorManager.findFacetVersion(FacetDetectorManager.java:91) [org.eclipse.m2e.wtp_1.3.1.20160831-1005.jar:na]
	at org.eclipse.m2e.wtp.facets.FacetDetectorManager.findFacetVersion(FacetDetectorManager.java:61) [org.eclipse.m2e.wtp_1.3.1.20160831-1005.jar:na]
	at org.eclipse.m2e.wtp.jsf.internal.configurators.JSFProjectConfigurator.configureInternal(JSFProjectConfigurator.java:93) [org.eclipse.m2e.wtp.jsf_1.3.1.20160831-1005.jar:na]
	at org.eclipse.m2e.wtp.jsf.internal.configurators.JSFProjectConfigurator.configure(JSFProjectConfigurator.java:68) [org.eclipse.m2e.wtp.jsf_1.3.1.20160831-1005.jar:na]
	at org.eclipse.m2e.core.project.configurator.AbstractLifecycleMapping.configure(AbstractLifecycleMapping.java:120) [org.eclipse.m2e.core_1.7.0.20160603-1933.jar:na]
	at org.eclipse.m2e.core.internal.project.ProjectConfigurationManager$3.call(ProjectConfigurationManager.java:501) [org.eclipse.m2e.core_1.7.0.20160603-1933.jar:na]
	at org.eclipse.m2e.core.internal.project.ProjectConfigurationManager$3.call(ProjectConfigurationManager.java:1) [org.eclipse.m2e.core_1.7.0.20160603-1933.jar:na]
	at org.eclipse.m2e.core.internal.embedder.MavenExecutionContext.executeBare(MavenExecutionContext.java:176) [org.eclipse.m2e.core_1.7.0.20160603-1933.jar:na]
	at org.eclipse.m2e.core.internal.embedder.MavenExecutionContext.execute(MavenExecutionContext.java:151) [org.eclipse.m2e.core_1.7.0.20160603-1933.jar:na]
	at org.eclipse.m2e.core.internal.project.ProjectConfigurationManager.updateProjectConfiguration(ProjectConfigurationManager.java:494) [org.eclipse.m2e.core_1.7.0.20160603-1933.jar:na]
	at org.eclipse.m2e.core.internal.project.ProjectConfigurationManager.configureNewMavenProjects(ProjectConfigurationManager.java:281) [org.eclipse.m2e.core_1.7.0.20160603-1933.jar:na]
	at org.eclipse.m2e.core.internal.project.ProjectConfigurationManager$1.call(ProjectConfigurationManager.java:168) [org.eclipse.m2e.core_1.7.0.20160603-1933.jar:na]
	at org.eclipse.m2e.core.internal.project.ProjectConfigurationManager$1.call(ProjectConfigurationManager.java:1) [org.eclipse.m2e.core_1.7.0.20160603-1933.jar:na]
	at org.eclipse.m2e.core.internal.embedder.MavenExecutionContext.executeBare(MavenExecutionContext.java:176) [org.eclipse.m2e.core_1.7.0.20160603-1933.jar:na]
	at org.eclipse.m2e.core.internal.embedder.MavenExecutionContext.execute(MavenExecutionContext.java:112) [org.eclipse.m2e.core_1.7.0.20160603-1933.jar:na]
	at org.eclipse.m2e.core.internal.embedder.MavenExecutionContext.execute(MavenExecutionContext.java:99) [org.eclipse.m2e.core_1.7.0.20160603-1933.jar:na]
	at org.eclipse.m2e.core.internal.embedder.MavenImpl.execute(MavenImpl.java:1355) [org.eclipse.m2e.core_1.7.0.20160603-1933.jar:na]
	at org.eclipse.m2e.core.internal.project.ProjectConfigurationManager.importProjects(ProjectConfigurationManager.java:136) [org.eclipse.m2e.core_1.7.0.20160603-1933.jar:na]
	at org.eclipse.m2e.core.internal.project.ProjectConfigurationManager.createArchetypeProjects0(ProjectConfigurationManager.java:830) [org.eclipse.m2e.core_1.7.0.20160603-1933.jar:na]
	at org.eclipse.m2e.core.internal.project.ProjectConfigurationManager$5.call(ProjectConfigurationManager.java:760) [org.eclipse.m2e.core_1.7.0.20160603-1933.jar:na]
	at org.eclipse.m2e.core.internal.project.ProjectConfigurationManager$5.call(ProjectConfigurationManager.java:1) [org.eclipse.m2e.core_1.7.0.20160603-1933.jar:na]
	at org.eclipse.m2e.core.internal.embedder.MavenExecutionContext.executeBare(MavenExecutionContext.java:176) [org.eclipse.m2e.core_1.7.0.20160603-1933.jar:na]
	at org.eclipse.m2e.core.internal.embedder.MavenExecutionContext.execute(MavenExecutionContext.java:151) [org.eclipse.m2e.core_1.7.0.20160603-1933.jar:na]
	at org.eclipse.m2e.core.internal.embedder.MavenExecutionContext.execute(MavenExecutionContext.java:99) [org.eclipse.m2e.core_1.7.0.20160603-1933.jar:na]
	at org.eclipse.m2e.core.internal.embedder.MavenImpl.execute(MavenImpl.java:1355) [org.eclipse.m2e.core_1.7.0.20160603-1933.jar:na]
	at org.eclipse.m2e.core.internal.project.ProjectConfigurationManager.createArchetypeProjects(ProjectConfigurationManager.java:758) [org.eclipse.m2e.core_1.7.0.20160603-1933.jar:na]
	at org.eclipse.m2e.core.ui.internal.wizards.MavenProjectWizard$5.doCreateMavenProjects(MavenProjectWizard.java:243) [org.eclipse.m2e.core.ui_1.7.0.20160603-1933.jar:na]
	at org.eclipse.m2e.core.ui.internal.wizards.AbstractCreateMavenProjectJob$1.doCreateMavenProjects(AbstractCreateMavenProjectJob.java:50) [org.eclipse.m2e.core.ui_1.7.0.20160603-1933.jar:na]
	at org.eclipse.m2e.core.ui.internal.wizards.AbstractCreateMavenProjectsOperation.run(AbstractCreateMavenProjectsOperation.java:62) [org.eclipse.m2e.core.ui_1.7.0.20160603-1933.jar:na]
	at org.eclipse.m2e.core.ui.internal.wizards.AbstractCreateMavenProjectJob.runInWorkspace(AbstractCreateMavenProjectJob.java:54) [org.eclipse.m2e.core.ui_1.7.0.20160603-1933.jar:na]
	at org.eclipse.core.internal.resources.InternalWorkspaceJob.run(InternalWorkspaceJob.java:39) [org.eclipse.core.resources_3.11.1.v20161107-2032.jar:na]
	at org.eclipse.core.internal.jobs.Worker.run(Worker.java:55) [org.eclipse.core.jobs_3.8.0.v20160509-0411.jar:na]
2025-12-14 17:55:27,480 [Worker-18] INFO  o.e.m.c.i.p.ProjectConfigurationManager - Imported and configured 1 project(s) in 5 sec
2025-12-14 17:55:27,765 [Worker-14] WARN  o.e.m.c.i.embedder.EclipseLogger - Using platform encoding (Cp1252 actually) to copy filtered resources, i.e. build is platform dependent!
2025-12-14 17:55:27,766 [Worker-14] INFO  o.e.m.c.i.embedder.EclipseLogger - Copying 0 resource
2025-12-14 17:55:27,767 [Worker-14] WARN  o.e.m.c.i.embedder.EclipseLogger - Using platform encoding (Cp1252 actually) to copy filtered resources, i.e. build is platform dependent!
2025-12-14 17:55:27,768 [Worker-14] INFO  o.e.m.c.i.embedder.EclipseLogger - skip non existing resourceDirectory D:\Code\SpringMVC\MvcUpload\src\test\resources
2025-12-14 17:55:29,115 [Worker-14] WARN  o.e.m.c.i.embedder.EclipseLogger - Using platform encoding (Cp1252 actually) to copy filtered resources, i.e. build is platform dependent!
2025-12-14 17:55:29,127 [Worker-14] INFO  o.e.m.c.i.embedder.EclipseLogger - Copying 0 resource
2025-12-14 17:55:29,128 [Worker-14] WARN  o.e.m.c.i.embedder.EclipseLogger - Using platform encoding (Cp1252 actually) to copy filtered resources, i.e. build is platform dependent!
2025-12-14 17:55:29,130 [Worker-14] INFO  o.e.m.c.i.embedder.EclipseLogger - skip non existing resourceDirectory D:\Code\SpringMVC\MvcUpload\src\test\resources
2025-12-14 17:56:15,798 [Worker-17] WARN  o.e.m.c.i.embedder.EclipseLogger - Using platform encoding (Cp1252 actually) to copy filtered resources, i.e. build is platform dependent!
2025-12-14 17:56:15,800 [Worker-17] INFO  o.e.m.c.i.embedder.EclipseLogger - Copying 0 resource
2025-12-14 17:56:15,802 [Worker-17] WARN  o.e.m.c.i.embedder.EclipseLogger - Using platform encoding (Cp1252 actually) to copy filtered resources, i.e. build is platform dependent!
2025-12-14 17:56:15,804 [Worker-17] INFO  o.e.m.c.i.embedder.EclipseLogger - skip non existing resourceDirectory D:\Code\SpringMVC\MVCData\src\test\resources
2025-12-14 17:56:15,823 [Worker-17] WARN  o.e.m.c.i.embedder.EclipseLogger - Using platform encoding (Cp1252 actually) to copy filtered resources, i.e. build is platform dependent!
2025-12-14 17:56:15,824 [Worker-17] INFO  o.e.m.c.i.embedder.EclipseLogger - Copying 0 resource
2025-12-14 17:56:15,827 [Worker-17] WARN  o.e.m.c.i.embedder.EclipseLogger - Using platform encoding (Cp1252 actually) to copy filtered resources, i.e. build is platform dependent!
2025-12-14 17:56:15,828 [Worker-17] INFO  o.e.m.c.i.embedder.EclipseLogger - skip non existing resourceDirectory D:\Code\SpringMVC\MVCproject\src\test\resources
2025-12-14 17:56:15,843 [Worker-17] WARN  o.e.m.c.i.embedder.EclipseLogger - Using platform encoding (Cp1252 actually) to copy filtered resources, i.e. build is platform dependent!
2025-12-14 17:56:15,844 [Worker-17] INFO  o.e.m.c.i.embedder.EclipseLogger - Copying 0 resource
2025-12-14 17:56:15,845 [Worker-17] WARN  o.e.m.c.i.embedder.EclipseLogger - Using platform encoding (Cp1252 actually) to copy filtered resources, i.e. build is platform dependent!
2025-12-14 17:56:15,845 [Worker-17] INFO  o.e.m.c.i.embedder.EclipseLogger - skip non existing resourceDirectory D:\Code\SpringMVC\MvcException\src\test\resources
2025-12-14 17:56:15,850 [Worker-17] WARN  o.e.m.c.i.embedder.EclipseLogger - Using platform encoding (Cp1252 actually) to copy filtered resources, i.e. build is platform dependent!
2025-12-14 17:56:15,851 [Worker-17] INFO  o.e.m.c.i.embedder.EclipseLogger - Copying 0 resource
2025-12-14 17:56:15,852 [Worker-17] WARN  o.e.m.c.i.embedder.EclipseLogger - Using platform encoding (Cp1252 actually) to copy filtered resources, i.e. build is platform dependent!
2025-12-14 17:56:15,853 [Worker-17] INFO  o.e.m.c.i.embedder.EclipseLogger - skip non existing resourceDirectory D:\Code\SpringMVC\MvcUpload\src\test\resources
2025-12-14 17:56:43,078 [Worker-17] WARN  o.e.m.c.i.embedder.EclipseLogger - Using platform encoding (Cp1252 actually) to copy filtered resources, i.e. build is platform dependent!
2025-12-14 17:56:43,078 [Worker-17] INFO  o.e.m.c.i.embedder.EclipseLogger - Copying 0 resource
2025-12-14 17:56:43,079 [Worker-17] WARN  o.e.m.c.i.embedder.EclipseLogger - Using platform encoding (Cp1252 actually) to copy filtered resources, i.e. build is platform dependent!
2025-12-14 17:56:43,080 [Worker-17] INFO  o.e.m.c.i.embedder.EclipseLogger - skip non existing resourceDirectory D:\Code\SpringMVC\MvcUpload\src\test\resources
2025-12-14 17:57:06,643 [Worker-14] WARN  o.e.m.c.i.embedder.EclipseLogger - Using platform encoding (Cp1252 actually) to copy filtered resources, i.e. build is platform dependent!
2025-12-14 17:57:06,644 [Worker-14] INFO  o.e.m.c.i.embedder.EclipseLogger - Copying 0 resource
2025-12-14 17:57:06,645 [Worker-14] WARN  o.e.m.c.i.embedder.EclipseLogger - Using platform encoding (Cp1252 actually) to copy filtered resources, i.e. build is platform dependent!
2025-12-14 17:57:06,646 [Worker-14] INFO  o.e.m.c.i.embedder.EclipseLogger - skip non existing resourceDirectory D:\Code\SpringMVC\MvcUpload\src\test\resources
2025-12-14 18:03:10,591 [Worker-25] WARN  o.e.m.c.i.embedder.EclipseLogger - Using platform encoding (Cp1252 actually) to copy filtered resources, i.e. build is platform dependent!
2025-12-14 18:03:10,593 [Worker-25] INFO  o.e.m.c.i.embedder.EclipseLogger - Copying 0 resource
2025-12-14 18:03:10,595 [Worker-25] WARN  o.e.m.c.i.embedder.EclipseLogger - Using platform encoding (Cp1252 actually) to copy filtered resources, i.e. build is platform dependent!
2025-12-14 18:03:10,596 [Worker-25] INFO  o.e.m.c.i.embedder.EclipseLogger - skip non existing resourceDirectory D:\Code\SpringMVC\MvcUpload\src\test\resources
2025-12-14 18:04:56,782 [Worker-27] WARN  o.e.m.c.i.embedder.EclipseLogger - Using platform encoding (Cp1252 actually) to copy filtered resources, i.e. build is platform dependent!
2025-12-14 18:04:56,783 [Worker-27] INFO  o.e.m.c.i.embedder.EclipseLogger - Copying 0 resource
2025-12-14 18:04:56,785 [Worker-27] WARN  o.e.m.c.i.embedder.EclipseLogger - Using platform encoding (Cp1252 actually) to copy filtered resources, i.e. build is platform dependent!
2025-12-14 18:04:56,786 [Worker-27] INFO  o.e.m.c.i.embedder.EclipseLogger - skip non existing resourceDirectory D:\Code\SpringMVC\MvcUpload\src\test\resources
2025-12-14 18:11:59,381 [Worker-30] WARN  o.e.m.c.i.embedder.EclipseLogger - Using platform encoding (Cp1252 actually) to copy filtered resources, i.e. build is platform dependent!
2025-12-14 18:11:59,381 [Worker-30] INFO  o.e.m.c.i.embedder.EclipseLogger - Copying 0 resource
2025-12-14 18:11:59,381 [Worker-30] WARN  o.e.m.c.i.embedder.EclipseLogger - Using platform encoding (Cp1252 actually) to copy filtered resources, i.e. build is platform dependent!
2025-12-14 18:11:59,381 [Worker-30] INFO  o.e.m.c.i.embedder.EclipseLogger - skip non existing resourceDirectory D:\Code\SpringMVC\MVCproject\src\test\resources
2025-12-14 18:12:12,643 [Worker-41] WARN  o.e.m.c.i.embedder.EclipseLogger - Using platform encoding (Cp1252 actually) to copy filtered resources, i.e. build is platform dependent!
2025-12-14 18:12:12,643 [Worker-41] INFO  o.e.m.c.i.embedder.EclipseLogger - Copying 0 resource
2025-12-14 18:12:12,652 [Worker-41] WARN  o.e.m.c.i.embedder.EclipseLogger - Using platform encoding (Cp1252 actually) to copy filtered resources, i.e. build is platform dependent!
2025-12-14 18:12:12,652 [Worker-41] INFO  o.e.m.c.i.embedder.EclipseLogger - skip non existing resourceDirectory D:\Code\SpringMVC\MvcUpload\src\test\resources
2025-12-14 18:13:45,896 [Worker-42] WARN  o.e.m.c.i.embedder.EclipseLogger - Using platform encoding (Cp1252 actually) to copy filtered resources, i.e. build is platform dependent!
2025-12-14 18:13:45,900 [Worker-42] INFO  o.e.m.c.i.embedder.EclipseLogger - Copying 0 resource
2025-12-14 18:13:45,902 [Worker-42] WARN  o.e.m.c.i.embedder.EclipseLogger - Using platform encoding (Cp1252 actually) to copy filtered resources, i.e. build is platform dependent!
2025-12-14 18:13:45,902 [Worker-42] INFO  o.e.m.c.i.embedder.EclipseLogger - skip non existing resourceDirectory D:\Code\SpringMVC\MvcUpload\src\test\resources
2025-12-14 18:18:16,062 [Worker-43] WARN  o.e.m.c.i.embedder.EclipseLogger - Using platform encoding (Cp1252 actually) to copy filtered resources, i.e. build is platform dependent!
2025-12-14 18:18:16,067 [Worker-43] INFO  o.e.m.c.i.embedder.EclipseLogger - Copying 0 resource
2025-12-14 18:18:16,070 [Worker-43] WARN  o.e.m.c.i.embedder.EclipseLogger - Using platform encoding (Cp1252 actually) to copy filtered resources, i.e. build is platform dependent!
2025-12-14 18:18:16,070 [Worker-43] INFO  o.e.m.c.i.embedder.EclipseLogger - skip non existing resourceDirectory D:\Code\SpringMVC\MvcUpload\src\test\resources
2025-12-14 18:33:29,786 [Worker-50] WARN  o.e.m.c.i.embedder.EclipseLogger - Using platform encoding (Cp1252 actually) to copy filtered resources, i.e. build is platform dependent!
2025-12-14 18:33:29,788 [Worker-50] INFO  o.e.m.c.i.embedder.EclipseLogger - Copying 0 resource
2025-12-14 18:33:29,790 [Worker-50] WARN  o.e.m.c.i.embedder.EclipseLogger - Using platform encoding (Cp1252 actually) to copy filtered resources, i.e. build is platform dependent!
2025-12-14 18:33:29,790 [Worker-50] INFO  o.e.m.c.i.embedder.EclipseLogger - skip non existing resourceDirectory D:\Code\SpringMVC\MvcUpload\src\test\resources
2025-12-14 18:39:39,365 [Worker-53] WARN  o.e.m.c.i.embedder.EclipseLogger - Using platform encoding (Cp1252 actually) to copy filtered resources, i.e. build is platform dependent!
2025-12-14 18:39:39,367 [Worker-53] INFO  o.e.m.c.i.embedder.EclipseLogger - Copying 0 resource
2025-12-14 18:39:39,367 [Worker-53] WARN  o.e.m.c.i.embedder.EclipseLogger - Using platform encoding (Cp1252 actually) to copy filtered resources, i.e. build is platform dependent!
2025-12-14 18:39:39,369 [Worker-53] INFO  o.e.m.c.i.embedder.EclipseLogger - skip non existing resourceDirectory D:\Code\SpringMVC\MvcUpload\src\test\resources
2025-12-14 18:49:57,508 [Worker-2] WARN  o.e.m.c.i.embedder.EclipseLogger - Using platform encoding (Cp1252 actually) to copy filtered resources, i.e. build is platform dependent!
2025-12-14 18:49:57,519 [Worker-2] INFO  o.e.m.c.i.embedder.EclipseLogger - Copying 0 resource
2025-12-14 18:49:57,521 [Worker-2] WARN  o.e.m.c.i.embedder.EclipseLogger - Using platform encoding (Cp1252 actually) to copy filtered resources, i.e. build is platform dependent!
2025-12-14 18:49:57,522 [Worker-2] INFO  o.e.m.c.i.embedder.EclipseLogger - skip non existing resourceDirectory D:\Code\SpringMVC\MVCData\src\test\resources
2025-12-14 18:50:01,428 [Worker-15] WARN  o.e.m.c.i.embedder.EclipseLogger - Using platform encoding (Cp1252 actually) to copy filtered resources, i.e. build is platform dependent!
2025-12-14 18:50:01,434 [Worker-15] INFO  o.e.m.c.i.embedder.EclipseLogger - Copying 0 resource
2025-12-14 18:50:01,435 [Worker-15] WARN  o.e.m.c.i.embedder.EclipseLogger - Using platform encoding (Cp1252 actually) to copy filtered resources, i.e. build is platform dependent!
2025-12-14 18:50:01,436 [Worker-15] INFO  o.e.m.c.i.embedder.EclipseLogger - skip non existing resourceDirectory D:\Code\SpringMVC\MVCData\src\test\resources
2025-12-14 18:50:01,845 [Worker-15] WARN  o.e.m.c.i.embedder.EclipseLogger - Using platform encoding (Cp1252 actually) to copy filtered resources, i.e. build is platform dependent!
2025-12-14 18:50:01,846 [Worker-15] INFO  o.e.m.c.i.embedder.EclipseLogger - Copying 0 resource
2025-12-14 18:50:01,848 [Worker-15] WARN  o.e.m.c.i.embedder.EclipseLogger - Using platform encoding (Cp1252 actually) to copy filtered resources, i.e. build is platform dependent!
2025-12-14 18:50:01,850 [Worker-15] INFO  o.e.m.c.i.embedder.EclipseLogger - skip non existing resourceDirectory D:\Code\SpringMVC\MVCproject\src\test\resources
2025-12-14 18:50:02,067 [Worker-15] WARN  o.e.m.c.i.embedder.EclipseLogger - Using platform encoding (Cp1252 actually) to copy filtered resources, i.e. build is platform dependent!
2025-12-14 18:50:02,068 [Worker-15] INFO  o.e.m.c.i.embedder.EclipseLogger - Copying 0 resource
2025-12-14 18:50:02,069 [Worker-15] WARN  o.e.m.c.i.embedder.EclipseLogger - Using platform encoding (Cp1252 actually) to copy filtered resources, i.e. build is platform dependent!
2025-12-14 18:50:02,070 [Worker-15] INFO  o.e.m.c.i.embedder.EclipseLogger - skip non existing resourceDirectory D:\Code\SpringMVC\MvcException\src\test\resources
2025-12-14 18:50:02,127 [Worker-15] WARN  o.e.m.c.i.embedder.EclipseLogger - Using platform encoding (Cp1252 actually) to copy filtered resources, i.e. build is platform dependent!
2025-12-14 18:50:02,128 [Worker-15] INFO  o.e.m.c.i.embedder.EclipseLogger - Copying 0 resource
2025-12-14 18:50:02,129 [Worker-15] WARN  o.e.m.c.i.embedder.EclipseLogger - Using platform encoding (Cp1252 actually) to copy filtered resources, i.e. build is platform dependent!
2025-12-14 18:50:02,130 [Worker-15] INFO  o.e.m.c.i.embedder.EclipseLogger - skip non existing resourceDirectory D:\Code\SpringMVC\MvcUpload\src\test\resources
2025-12-15 09:05:00,633 [Worker-6] WARN  o.e.m.c.i.embedder.EclipseLogger - Using platform encoding (Cp1252 actually) to copy filtered resources, i.e. build is platform dependent!
2025-12-15 09:05:00,662 [Worker-6] INFO  o.e.m.c.i.embedder.EclipseLogger - Copying 0 resource
2025-12-15 09:05:00,669 [Worker-6] WARN  o.e.m.c.i.embedder.EclipseLogger - Using platform encoding (Cp1252 actually) to copy filtered resources, i.e. build is platform dependent!
2025-12-15 09:05:00,672 [Worker-6] INFO  o.e.m.c.i.embedder.EclipseLogger - skip non existing resourceDirectory D:\Code\SpringMVC\MVCData\src\test\resources
2025-12-15 09:05:02,932 [Worker-13] WARN  o.e.m.c.i.embedder.EclipseLogger - Using platform encoding (Cp1252 actually) to copy filtered resources, i.e. build is platform dependent!
2025-12-15 09:05:02,938 [Worker-13] INFO  o.e.m.c.i.embedder.EclipseLogger - Copying 0 resource
2025-12-15 09:05:02,942 [Worker-13] WARN  o.e.m.c.i.embedder.EclipseLogger - Using platform encoding (Cp1252 actually) to copy filtered resources, i.e. build is platform dependent!
2025-12-15 09:05:02,944 [Worker-13] INFO  o.e.m.c.i.embedder.EclipseLogger - skip non existing resourceDirectory D:\Code\SpringMVC\MVCproject\src\test\resources
2025-12-15 09:05:03,409 [Worker-13] WARN  o.e.m.c.i.embedder.EclipseLogger - Using platform encoding (Cp1252 actually) to copy filtered resources, i.e. build is platform dependent!
2025-12-15 09:05:03,411 [Worker-13] INFO  o.e.m.c.i.embedder.EclipseLogger - Copying 0 resource
2025-12-15 09:05:03,413 [Worker-13] WARN  o.e.m.c.i.embedder.EclipseLogger - Using platform encoding (Cp1252 actually) to copy filtered resources, i.e. build is platform dependent!
2025-12-15 09:05:03,414 [Worker-13] INFO  o.e.m.c.i.embedder.EclipseLogger - skip non existing resourceDirectory D:\Code\SpringMVC\MvcException\src\test\resources
2025-12-15 09:05:03,454 [Worker-13] WARN  o.e.m.c.i.embedder.EclipseLogger - Using platform encoding (Cp1252 actually) to copy filtered resources, i.e. build is platform dependent!
2025-12-15 09:05:03,455 [Worker-13] INFO  o.e.m.c.i.embedder.EclipseLogger - Copying 0 resource
2025-12-15 09:05:03,457 [Worker-13] WARN  o.e.m.c.i.embedder.EclipseLogger - Using platform encoding (Cp1252 actually) to copy filtered resources, i.e. build is platform dependent!
2025-12-15 09:05:03,458 [Worker-13] INFO  o.e.m.c.i.embedder.EclipseLogger - skip non existing resourceDirectory D:\Code\SpringMVC\MvcUpload\src\test\resources
2025-12-15 09:07:08,399 [Worker-7] WARN  o.e.m.c.i.embedder.EclipseLogger - Using platform encoding (Cp1252 actually) to copy filtered resources, i.e. build is platform dependent!
2025-12-15 09:07:08,407 [Worker-7] INFO  o.e.m.c.i.embedder.EclipseLogger - Copying 0 resource
2025-12-15 09:07:08,411 [Worker-7] WARN  o.e.m.c.i.embedder.EclipseLogger - Using platform encoding (Cp1252 actually) to copy filtered resources, i.e. build is platform dependent!
2025-12-15 09:07:08,413 [Worker-7] INFO  o.e.m.c.i.embedder.EclipseLogger - skip non existing resourceDirectory D:\Code\SpringMVC\MvcUpload\src\test\resources
2025-12-15 10:19:22,620 [Worker-29] INFO  o.e.m.c.i.l.LifecycleMappingFactory - Using org.maven.ide.eclipse.wtp.WarLifecycleMapping lifecycle mapping for MavenProject: MvcUpload:MvcUpload:0.0.1-SNAPSHOT @ D:\Code\SpringMVC\MvcUpload\pom.xml.
2025-12-15 10:19:24,041 [Worker-29] INFO  o.e.m.c.i.e.AbstractTransferListenerAdapter - Downloaded https://repo.maven.apache.org/maven2/commons-fileupload/commons-fileupload/1.4/commons-fileupload-1.4.pom
2025-12-15 10:19:24,902 [Worker-29] INFO  o.e.m.c.i.e.AbstractTransferListenerAdapter - Downloaded https://repo.maven.apache.org/maven2/commons-io/commons-io/2.7/commons-io-2.7.pom
2025-12-15 10:19:25,294 [Worker-29] INFO  o.e.m.c.i.e.AbstractTransferListenerAdapter - Downloaded https://repo.maven.apache.org/maven2/org/apache/commons/commons-parent/50/commons-parent-50.pom
2025-12-15 10:19:25,510 [Worker-29] INFO  o.e.m.c.i.e.AbstractTransferListenerAdapter - Downloading https://repo.maven.apache.org/maven2/commons-fileupload/commons-fileupload/1.4/commons-fileupload-1.4.jar
2025-12-15 10:19:25,741 [Worker-29] INFO  o.e.m.c.i.e.AbstractTransferListenerAdapter - Downloaded https://repo.maven.apache.org/maven2/commons-fileupload/commons-fileupload/1.4/commons-fileupload-1.4.jar
2025-12-15 10:19:25,827 [Worker-29] INFO  o.e.m.c.i.e.AbstractTransferListenerAdapter - Downloading https://repo.maven.apache.org/maven2/commons-io/commons-io/2.7/commons-io-2.7.jar
2025-12-15 10:19:26,167 [Worker-29] INFO  o.e.m.c.i.e.AbstractTransferListenerAdapter - Downloaded https://repo.maven.apache.org/maven2/commons-io/commons-io/2.7/commons-io-2.7.jar
2025-12-15 10:19:27,416 [Worker-29] WARN  o.e.m.c.i.embedder.EclipseLogger - Using platform encoding (Cp1252 actually) to copy filtered resources, i.e. build is platform dependent!
2025-12-15 10:19:27,416 [Worker-29] INFO  o.e.m.c.i.embedder.EclipseLogger - Copying 0 resource
2025-12-15 10:19:27,418 [Worker-29] WARN  o.e.m.c.i.embedder.EclipseLogger - Using platform encoding (Cp1252 actually) to copy filtered resources, i.e. build is platform dependent!
2025-12-15 10:19:27,420 [Worker-29] INFO  o.e.m.c.i.embedder.EclipseLogger - skip non existing resourceDirectory D:\Code\SpringMVC\MvcUpload\src\test\resources
2025-12-15 10:19:27,420 [Worker-29] INFO  o.e.m.w.i.f.ResourceFilteringBuildParticipant - Changed resources require a complete clean of filtered resources of MvcUpload
2025-12-15 10:19:27,420 [Worker-29] INFO  o.e.m.w.i.f.ResourceFilteringBuildParticipant - Executing resource filtering for MvcUpload
2025-12-15 10:19:27,420 [Worker-29] WARN  o.e.m.c.i.embedder.EclipseLogger - Using platform encoding (Cp1252 actually) to copy filtered resources, i.e. build is platform dependent!
2025-12-15 10:19:28,660 [Worker-29] WARN  o.e.m.c.i.embedder.EclipseLogger - Using platform encoding (Cp1252 actually) to copy filtered resources, i.e. build is platform dependent!
2025-12-15 10:19:28,676 [Worker-29] INFO  o.e.m.c.i.embedder.EclipseLogger - Copying 0 resource
2025-12-15 10:19:28,678 [Worker-29] WARN  o.e.m.c.i.embedder.EclipseLogger - Using platform encoding (Cp1252 actually) to copy filtered resources, i.e. build is platform dependent!
2025-12-15 10:19:28,678 [Worker-29] INFO  o.e.m.c.i.embedder.EclipseLogger - skip non existing resourceDirectory D:\Code\SpringMVC\MvcUpload\src\test\resources
2025-12-15 10:24:32,604 [Worker-25] INFO  o.e.m.c.i.p.ProjectConfigurationManager - Update started
2025-12-15 10:24:33,057 [Worker-25] INFO  o.e.m.c.i.l.LifecycleMappingFactory - Using org.maven.ide.eclipse.wtp.WarLifecycleMapping lifecycle mapping for MavenProject: MvcUpload:MvcUpload:0.0.1-SNAPSHOT @ D:\Code\SpringMVC\MvcUpload\pom.xml.
2025-12-15 10:24:33,254 [Worker-25] INFO  o.e.m.c.i.l.LifecycleMappingFactory - Using org.maven.ide.eclipse.wtp.WarLifecycleMapping lifecycle mapping for MavenProject: MvcException:MvcException:0.0.1-SNAPSHOT @ D:\Code\SpringMVC\MvcException\pom.xml.
2025-12-15 10:24:33,307 [Worker-25] INFO  o.e.m.c.i.l.LifecycleMappingFactory - Using org.maven.ide.eclipse.wtp.WarLifecycleMapping lifecycle mapping for MavenProject: MVCproject:MVCproject:0.0.1-SNAPSHOT @ D:\Code\SpringMVC\MVCproject\pom.xml.
2025-12-15 10:24:33,355 [Worker-25] INFO  o.e.m.c.i.l.LifecycleMappingFactory - Using org.maven.ide.eclipse.wtp.WarLifecycleMapping lifecycle mapping for MavenProject: MVCData:MVCData:0.0.1-SNAPSHOT @ D:\Code\SpringMVC\MVCData\pom.xml.
2025-12-15 10:24:34,369 [Worker-25] INFO  o.e.m.j.i.AbstractJavaProjectConfigurator - Adding source folder /MvcUpload/src/main/java
2025-12-15 10:24:34,369 [Worker-25] INFO  o.e.m.j.i.AbstractJavaProjectConfigurator - Adding resource folder /MvcUpload/src/main/resources
2025-12-15 10:24:34,369 [Worker-25] INFO  o.e.m.j.i.AbstractJavaProjectConfigurator - Adding source folder /MvcUpload/src/test/java
2025-12-15 10:24:35,801 [Worker-25] INFO  o.e.m.w.i.f.ResourceFilteringBuildParticipant - Cleaning filtered folder for MvcUpload
2025-12-15 10:24:35,823 [Worker-25] INFO  o.e.m.c.i.p.ProjectConfigurationManager - Update completed: 3 sec
2025-12-15 10:24:36,252 [Worker-21] WARN  o.e.m.c.i.embedder.EclipseLogger - Using platform encoding (Cp1252 actually) to copy filtered resources, i.e. build is platform dependent!
2025-12-15 10:24:36,260 [Worker-21] INFO  o.e.m.c.i.embedder.EclipseLogger - Copying 0 resource
2025-12-15 10:24:36,262 [Worker-21] WARN  o.e.m.c.i.embedder.EclipseLogger - Using platform encoding (Cp1252 actually) to copy filtered resources, i.e. build is platform dependent!
2025-12-15 10:24:36,262 [Worker-21] INFO  o.e.m.c.i.embedder.EclipseLogger - skip non existing resourceDirectory D:\Code\SpringMVC\MVCData\src\test\resources
2025-12-15 10:24:36,519 [Worker-21] WARN  o.e.m.c.i.embedder.EclipseLogger - Using platform encoding (Cp1252 actually) to copy filtered resources, i.e. build is platform dependent!
2025-12-15 10:24:36,519 [Worker-21] INFO  o.e.m.c.i.embedder.EclipseLogger - Copying 0 resource
2025-12-15 10:24:36,521 [Worker-21] WARN  o.e.m.c.i.embedder.EclipseLogger - Using platform encoding (Cp1252 actually) to copy filtered resources, i.e. build is platform dependent!
2025-12-15 10:24:36,521 [Worker-21] INFO  o.e.m.c.i.embedder.EclipseLogger - skip non existing resourceDirectory D:\Code\SpringMVC\MVCproject\src\test\resources
2025-12-15 10:24:36,776 [Worker-32] WARN  o.e.m.c.i.embedder.EclipseLogger - Using platform encoding (Cp1252 actually) to copy filtered resources, i.e. build is platform dependent!
2025-12-15 10:24:36,778 [Worker-32] INFO  o.e.m.c.i.embedder.EclipseLogger - Copying 0 resource
2025-12-15 10:24:36,778 [Worker-32] WARN  o.e.m.c.i.embedder.EclipseLogger - Using platform encoding (Cp1252 actually) to copy filtered resources, i.e. build is platform dependent!
2025-12-15 10:24:36,780 [Worker-32] INFO  o.e.m.c.i.embedder.EclipseLogger - skip non existing resourceDirectory D:\Code\SpringMVC\MvcException\src\test\resources
2025-12-15 10:24:37,032 [Worker-21] WARN  o.e.m.c.i.embedder.EclipseLogger - Using platform encoding (Cp1252 actually) to copy filtered resources, i.e. build is platform dependent!
2025-12-15 10:24:37,032 [Worker-21] INFO  o.e.m.c.i.embedder.EclipseLogger - Copying 0 resource
2025-12-15 10:24:37,032 [Worker-21] WARN  o.e.m.c.i.embedder.EclipseLogger - Using platform encoding (Cp1252 actually) to copy filtered resources, i.e. build is platform dependent!
2025-12-15 10:24:37,032 [Worker-21] INFO  o.e.m.c.i.embedder.EclipseLogger - skip non existing resourceDirectory D:\Code\SpringMVC\MvcUpload\src\test\resources
2025-12-15 10:24:37,032 [Worker-21] INFO  o.e.m.w.i.f.ResourceFilteringBuildParticipant - Changed resources require a complete clean of filtered resources of MvcUpload
2025-12-15 10:24:37,032 [Worker-21] INFO  o.e.m.w.i.f.ResourceFilteringBuildParticipant - Executing resource filtering for MvcUpload
2025-12-15 10:24:37,042 [Worker-21] WARN  o.e.m.c.i.embedder.EclipseLogger - Using platform encoding (Cp1252 actually) to copy filtered resources, i.e. build is platform dependent!
2025-12-15 10:26:34,288 [Worker-34] WARN  o.e.m.c.i.embedder.EclipseLogger - Using platform encoding (Cp1252 actually) to copy filtered resources, i.e. build is platform dependent!
2025-12-15 10:26:34,293 [Worker-34] INFO  o.e.m.c.i.embedder.EclipseLogger - Copying 0 resource
2025-12-15 10:26:34,295 [Worker-34] WARN  o.e.m.c.i.embedder.EclipseLogger - Using platform encoding (Cp1252 actually) to copy filtered resources, i.e. build is platform dependent!
2025-12-15 10:26:34,297 [Worker-34] INFO  o.e.m.c.i.embedder.EclipseLogger - skip non existing resourceDirectory D:\Code\SpringMVC\MvcUpload\src\test\resources
2025-12-15 10:27:08,698 [Worker-32] WARN  o.e.m.c.i.embedder.EclipseLogger - Using platform encoding (Cp1252 actually) to copy filtered resources, i.e. build is platform dependent!
2025-12-15 10:27:08,698 [Worker-32] INFO  o.e.m.c.i.embedder.EclipseLogger - Copying 0 resource
2025-12-15 10:27:08,698 [Worker-32] WARN  o.e.m.c.i.embedder.EclipseLogger - Using platform encoding (Cp1252 actually) to copy filtered resources, i.e. build is platform dependent!
2025-12-15 10:27:08,698 [Worker-32] INFO  o.e.m.c.i.embedder.EclipseLogger - skip non existing resourceDirectory D:\Code\SpringMVC\MvcUpload\src\test\resources
2025-12-15 10:28:22,720 [Worker-37] WARN  o.e.m.c.i.embedder.EclipseLogger - Using platform encoding (Cp1252 actually) to copy filtered resources, i.e. build is platform dependent!
2025-12-15 10:28:22,720 [Worker-37] INFO  o.e.m.c.i.embedder.EclipseLogger - Copying 0 resource
2025-12-15 10:28:22,720 [Worker-37] WARN  o.e.m.c.i.embedder.EclipseLogger - Using platform encoding (Cp1252 actually) to copy filtered resources, i.e. build is platform dependent!
2025-12-15 10:28:22,720 [Worker-37] INFO  o.e.m.c.i.embedder.EclipseLogger - skip non existing resourceDirectory D:\Code\SpringMVC\MvcUpload\src\test\resources
2025-12-15 10:30:37,193 [Worker-38] WARN  o.e.m.c.i.embedder.EclipseLogger - Using platform encoding (Cp1252 actually) to copy filtered resources, i.e. build is platform dependent!
2025-12-15 10:30:37,197 [Worker-38] INFO  o.e.m.c.i.embedder.EclipseLogger - Copying 0 resource
2025-12-15 10:30:37,197 [Worker-38] WARN  o.e.m.c.i.embedder.EclipseLogger - Using platform encoding (Cp1252 actually) to copy filtered resources, i.e. build is platform dependent!
2025-12-15 10:30:37,199 [Worker-38] INFO  o.e.m.c.i.embedder.EclipseLogger - skip non existing resourceDirectory D:\Code\SpringMVC\MvcUpload\src\test\resources
2025-12-15 10:30:56,715 [Worker-34] WARN  o.e.r.models.ModelRepository - Failed to download org.eclipse.recommenders:index::zip:0.0.0
org.eclipse.aether.resolution.ArtifactResolutionException: Could not find artifact org.eclipse.recommenders:index:zip:0.0.0-SNAPSHOT in models (http://download.eclipse.org/recommenders/models/neon/)
	at org.eclipse.aether.internal.impl.DefaultArtifactResolver.resolve(DefaultArtifactResolver.java:444) ~[na:na]
	at org.eclipse.aether.internal.impl.DefaultArtifactResolver.resolveArtifacts(DefaultArtifactResolver.java:246) ~[na:na]
	at org.eclipse.aether.internal.impl.DefaultArtifactResolver.resolveArtifact(DefaultArtifactResolver.java:223) ~[na:na]
	at org.eclipse.aether.internal.impl.DefaultRepositorySystem.resolveArtifact(DefaultRepositorySystem.java:294) ~[na:na]
	at org.eclipse.recommenders.models.ModelRepository.resolveInternal(ModelRepository.java:193) [org.eclipse.recommenders.models_2.4.6.v20170307-1041.jar:na]
	at org.eclipse.recommenders.models.ModelRepository.resolve(ModelRepository.java:172) [org.eclipse.recommenders.models_2.4.6.v20170307-1041.jar:na]
	at org.eclipse.recommenders.internal.models.rcp.EclipseModelRepository.resolve(EclipseModelRepository.java:169) [org.eclipse.recommenders.models.rcp_2.4.6.v20170307-1041.jar:na]
	at org.eclipse.recommenders.internal.models.rcp.DownloadModelArchiveJob.run(DownloadModelArchiveJob.java:76) [org.eclipse.recommenders.models.rcp_2.4.6.v20170307-1041.jar:na]
	at org.eclipse.core.internal.jobs.Worker.run(Worker.java:55) [org.eclipse.core.jobs_3.8.0.v20160509-0411.jar:na]
Caused by: org.eclipse.aether.transfer.ArtifactNotFoundException: Could not find artifact org.eclipse.recommenders:index:zip:0.0.0-SNAPSHOT in models (http://download.eclipse.org/recommenders/models/neon/)
	at org.eclipse.aether.connector.basic.ArtifactTransportListener.transferFailed(ArtifactTransportListener.java:39) ~[org.eclipse.aether.connector.basic_1.0.1.v20141111.jar:na]
	at org.eclipse.aether.connector.basic.BasicRepositoryConnector$TaskRunner.run(BasicRepositoryConnector.java:355) ~[org.eclipse.aether.connector.basic_1.0.1.v20141111.jar:na]
	at org.eclipse.aether.util.concurrency.RunnableErrorForwarder$1.run(RunnableErrorForwarder.java:67) ~[na:na]
	at org.eclipse.aether.connector.basic.BasicRepositoryConnector$DirectExecutor.execute(BasicRepositoryConnector.java:581) ~[org.eclipse.aether.connector.basic_1.0.1.v20141111.jar:na]
	at org.eclipse.aether.connector.basic.BasicRepositoryConnector.get(BasicRepositoryConnector.java:249) ~[org.eclipse.aether.connector.basic_1.0.1.v20141111.jar:na]
	at org.eclipse.aether.internal.impl.DefaultArtifactResolver.performDownloads(DefaultArtifactResolver.java:520) ~[na:na]
	at org.eclipse.aether.internal.impl.DefaultArtifactResolver.resolve(DefaultArtifactResolver.java:421) ~[na:na]
	... 8 common frames omitted
2025-12-15 10:33:35,360 [Worker-21] WARN  o.e.m.c.i.embedder.EclipseLogger - Using platform encoding (Cp1252 actually) to copy filtered resources, i.e. build is platform dependent!
2025-12-15 10:33:35,360 [Worker-21] INFO  o.e.m.c.i.embedder.EclipseLogger - Copying 0 resource
2025-12-15 10:33:35,367 [Worker-21] WARN  o.e.m.c.i.embedder.EclipseLogger - Using platform encoding (Cp1252 actually) to copy filtered resources, i.e. build is platform dependent!
2025-12-15 10:33:35,369 [Worker-21] INFO  o.e.m.c.i.embedder.EclipseLogger - skip non existing resourceDirectory D:\Code\SpringMVC\MvcUpload\src\test\resources
2025-12-15 10:36:11,537 [Worker-37] WARN  o.e.m.c.i.embedder.EclipseLogger - Using platform encoding (Cp1252 actually) to copy filtered resources, i.e. build is platform dependent!
2025-12-15 10:36:11,537 [Worker-37] INFO  o.e.m.c.i.embedder.EclipseLogger - Copying 0 resource
2025-12-15 10:36:11,537 [Worker-37] WARN  o.e.m.c.i.embedder.EclipseLogger - Using platform encoding (Cp1252 actually) to copy filtered resources, i.e. build is platform dependent!
2025-12-15 10:36:11,537 [Worker-37] INFO  o.e.m.c.i.embedder.EclipseLogger - skip non existing resourceDirectory D:\Code\SpringMVC\MvcUpload\src\test\resources
2025-12-15 10:37:19,239 [Worker-32] WARN  o.e.m.c.i.embedder.EclipseLogger - Using platform encoding (Cp1252 actually) to copy filtered resources, i.e. build is platform dependent!
2025-12-15 10:37:19,241 [Worker-32] INFO  o.e.m.c.i.embedder.EclipseLogger - Copying 0 resource
2025-12-15 10:37:19,243 [Worker-32] WARN  o.e.m.c.i.embedder.EclipseLogger - Using platform encoding (Cp1252 actually) to copy filtered resources, i.e. build is platform dependent!
2025-12-15 10:37:19,243 [Worker-32] INFO  o.e.m.c.i.embedder.EclipseLogger - skip non existing resourceDirectory D:\Code\SpringMVC\MvcUpload\src\test\resources
2025-12-15 10:37:24,327 [Worker-21] WARN  o.e.m.c.i.embedder.EclipseLogger - Using platform encoding (Cp1252 actually) to copy filtered resources, i.e. build is platform dependent!
2025-12-15 10:37:24,327 [Worker-21] INFO  o.e.m.c.i.embedder.EclipseLogger - Copying 0 resource
2025-12-15 10:37:24,330 [Worker-21] WARN  o.e.m.c.i.embedder.EclipseLogger - Using platform encoding (Cp1252 actually) to copy filtered resources, i.e. build is platform dependent!
2025-12-15 10:37:24,330 [Worker-21] INFO  o.e.m.c.i.embedder.EclipseLogger - skip non existing resourceDirectory D:\Code\SpringMVC\MvcUpload\src\test\resources
2025-12-15 10:39:42,174 [Worker-32] WARN  o.e.m.c.i.embedder.EclipseLogger - Using platform encoding (Cp1252 actually) to copy filtered resources, i.e. build is platform dependent!
2025-12-15 10:39:42,174 [Worker-32] INFO  o.e.m.c.i.embedder.EclipseLogger - Copying 0 resource
2025-12-15 10:39:42,176 [Worker-32] WARN  o.e.m.c.i.embedder.EclipseLogger - Using platform encoding (Cp1252 actually) to copy filtered resources, i.e. build is platform dependent!
2025-12-15 10:39:42,177 [Worker-32] INFO  o.e.m.c.i.embedder.EclipseLogger - skip non existing resourceDirectory D:\Code\SpringMVC\MvcUpload\src\test\resources
2025-12-15 10:40:35,972 [Worker-39] WARN  o.e.m.c.i.embedder.EclipseLogger - Using platform encoding (Cp1252 actually) to copy filtered resources, i.e. build is platform dependent!
2025-12-15 10:40:35,981 [Worker-39] INFO  o.e.m.c.i.embedder.EclipseLogger - Copying 0 resource
2025-12-15 10:40:35,981 [Worker-39] WARN  o.e.m.c.i.embedder.EclipseLogger - Using platform encoding (Cp1252 actually) to copy filtered resources, i.e. build is platform dependent!
2025-12-15 10:40:35,981 [Worker-39] INFO  o.e.m.c.i.embedder.EclipseLogger - skip non existing resourceDirectory D:\Code\SpringMVC\MvcUpload\src\test\resources
2025-12-15 10:43:57,660 [Worker-34] WARN  o.e.m.c.i.embedder.EclipseLogger - Using platform encoding (Cp1252 actually) to copy filtered resources, i.e. build is platform dependent!
2025-12-15 10:43:57,672 [Worker-34] INFO  o.e.m.c.i.embedder.EclipseLogger - Copying 0 resource
2025-12-15 10:43:57,672 [Worker-34] WARN  o.e.m.c.i.embedder.EclipseLogger - Using platform encoding (Cp1252 actually) to copy filtered resources, i.e. build is platform dependent!
2025-12-15 10:43:57,675 [Worker-34] INFO  o.e.m.c.i.embedder.EclipseLogger - skip non existing resourceDirectory D:\Code\SpringMVC\MvcUpload\src\test\resources
2025-12-15 10:44:42,905 [Worker-37] WARN  o.e.m.c.i.embedder.EclipseLogger - Using platform encoding (Cp1252 actually) to copy filtered resources, i.e. build is platform dependent!
2025-12-15 10:44:42,907 [Worker-37] INFO  o.e.m.c.i.embedder.EclipseLogger - Copying 0 resource
2025-12-15 10:44:42,909 [Worker-37] WARN  o.e.m.c.i.embedder.EclipseLogger - Using platform encoding (Cp1252 actually) to copy filtered resources, i.e. build is platform dependent!
2025-12-15 10:44:42,909 [Worker-37] INFO  o.e.m.c.i.embedder.EclipseLogger - skip non existing resourceDirectory D:\Code\SpringMVC\MvcUpload\src\test\resources
2025-12-15 10:45:27,351 [Worker-37] WARN  o.e.m.c.i.embedder.EclipseLogger - Using platform encoding (Cp1252 actually) to copy filtered resources, i.e. build is platform dependent!
2025-12-15 10:45:27,351 [Worker-37] INFO  o.e.m.c.i.embedder.EclipseLogger - Copying 0 resource
2025-12-15 10:45:27,351 [Worker-37] WARN  o.e.m.c.i.embedder.EclipseLogger - Using platform encoding (Cp1252 actually) to copy filtered resources, i.e. build is platform dependent!
2025-12-15 10:45:27,351 [Worker-37] INFO  o.e.m.c.i.embedder.EclipseLogger - skip non existing resourceDirectory D:\Code\SpringMVC\MvcUpload\src\test\resources
2025-12-15 10:47:30,766 [Worker-21] WARN  o.e.m.c.i.embedder.EclipseLogger - Using platform encoding (Cp1252 actually) to copy filtered resources, i.e. build is platform dependent!
2025-12-15 10:47:30,766 [Worker-21] INFO  o.e.m.c.i.embedder.EclipseLogger - Copying 0 resource
2025-12-15 10:47:30,766 [Worker-21] WARN  o.e.m.c.i.embedder.EclipseLogger - Using platform encoding (Cp1252 actually) to copy filtered resources, i.e. build is platform dependent!
2025-12-15 10:47:30,766 [Worker-21] INFO  o.e.m.c.i.embedder.EclipseLogger - skip non existing resourceDirectory D:\Code\SpringMVC\MvcUpload\src\test\resources
2025-12-15 10:47:52,096 [Worker-41] WARN  o.e.m.c.i.embedder.EclipseLogger - Using platform encoding (Cp1252 actually) to copy filtered resources, i.e. build is platform dependent!
2025-12-15 10:47:52,101 [Worker-41] INFO  o.e.m.c.i.embedder.EclipseLogger - Copying 0 resource
2025-12-15 10:47:52,101 [Worker-41] WARN  o.e.m.c.i.embedder.EclipseLogger - Using platform encoding (Cp1252 actually) to copy filtered resources, i.e. build is platform dependent!
2025-12-15 10:47:52,103 [Worker-41] INFO  o.e.m.c.i.embedder.EclipseLogger - skip non existing resourceDirectory D:\Code\SpringMVC\MvcUpload\src\test\resources
2025-12-15 10:49:12,394 [Worker-43] WARN  o.e.m.c.i.embedder.EclipseLogger - Using platform encoding (Cp1252 actually) to copy filtered resources, i.e. build is platform dependent!
2025-12-15 10:49:12,394 [Worker-43] INFO  o.e.m.c.i.embedder.EclipseLogger - Copying 0 resource
2025-12-15 10:49:12,396 [Worker-43] WARN  o.e.m.c.i.embedder.EclipseLogger - Using platform encoding (Cp1252 actually) to copy filtered resources, i.e. build is platform dependent!
2025-12-15 10:49:12,396 [Worker-43] INFO  o.e.m.c.i.embedder.EclipseLogger - skip non existing resourceDirectory D:\Code\SpringMVC\MvcUpload\src\test\resources
2025-12-15 10:49:29,778 [Worker-34] WARN  o.e.m.c.i.embedder.EclipseLogger - Using platform encoding (Cp1252 actually) to copy filtered resources, i.e. build is platform dependent!
2025-12-15 10:49:29,778 [Worker-34] INFO  o.e.m.c.i.embedder.EclipseLogger - Copying 0 resource
2025-12-15 10:49:29,795 [Worker-34] WARN  o.e.m.c.i.embedder.EclipseLogger - Using platform encoding (Cp1252 actually) to copy filtered resources, i.e. build is platform dependent!
2025-12-15 10:49:29,795 [Worker-34] INFO  o.e.m.c.i.embedder.EclipseLogger - skip non existing resourceDirectory D:\Code\SpringMVC\MvcUpload\src\test\resources
2025-12-15 10:57:20,420 [Worker-41] WARN  o.e.m.c.i.embedder.EclipseLogger - Using platform encoding (Cp1252 actually) to copy filtered resources, i.e. build is platform dependent!
2025-12-15 10:57:20,420 [Worker-41] INFO  o.e.m.c.i.embedder.EclipseLogger - Copying 0 resource
2025-12-15 10:57:20,420 [Worker-41] WARN  o.e.m.c.i.embedder.EclipseLogger - Using platform encoding (Cp1252 actually) to copy filtered resources, i.e. build is platform dependent!
2025-12-15 10:57:20,427 [Worker-41] INFO  o.e.m.c.i.embedder.EclipseLogger - skip non existing resourceDirectory D:\Code\SpringMVC\MvcUpload\src\test\resources
2025-12-15 10:57:49,452 [Worker-48] WARN  o.e.m.c.i.embedder.EclipseLogger - Using platform encoding (Cp1252 actually) to copy filtered resources, i.e. build is platform dependent!
2025-12-15 10:57:49,452 [Worker-48] INFO  o.e.m.c.i.embedder.EclipseLogger - Copying 0 resource
2025-12-15 10:57:49,454 [Worker-48] WARN  o.e.m.c.i.embedder.EclipseLogger - Using platform encoding (Cp1252 actually) to copy filtered resources, i.e. build is platform dependent!
2025-12-15 10:57:49,454 [Worker-48] INFO  o.e.m.c.i.embedder.EclipseLogger - skip non existing resourceDirectory D:\Code\SpringMVC\MvcUpload\src\test\resources
2025-12-15 11:01:55,270 [Worker-51] INFO  o.e.m.c.i.l.LifecycleMappingFactory - Using org.maven.ide.eclipse.wtp.WarLifecycleMapping lifecycle mapping for MavenProject: MvcUpload:MvcUpload:0.0.1-SNAPSHOT @ D:\Code\SpringMVC\MvcUpload\pom.xml.
2025-12-15 11:01:56,451 [Worker-51] INFO  o.e.m.c.i.e.AbstractTransferListenerAdapter - Downloaded https://repo.maven.apache.org/maven2/org/springframework/spring-webmvc/5.3.30/spring-webmvc-5.3.30.pom
2025-12-15 11:01:56,721 [Worker-51] INFO  o.e.m.c.i.e.AbstractTransferListenerAdapter - Downloaded https://repo.maven.apache.org/maven2/org/springframework/spring-aop/5.3.30/spring-aop-5.3.30.pom
2025-12-15 11:01:57,047 [Worker-51] INFO  o.e.m.c.i.e.AbstractTransferListenerAdapter - Downloaded https://repo.maven.apache.org/maven2/org/springframework/spring-beans/5.3.30/spring-beans-5.3.30.pom
2025-12-15 11:01:57,313 [Worker-51] INFO  o.e.m.c.i.e.AbstractTransferListenerAdapter - Downloaded https://repo.maven.apache.org/maven2/org/springframework/spring-core/5.3.30/spring-core-5.3.30.pom
2025-12-15 11:01:57,600 [Worker-51] INFO  o.e.m.c.i.e.AbstractTransferListenerAdapter - Downloaded https://repo.maven.apache.org/maven2/org/springframework/spring-jcl/5.3.30/spring-jcl-5.3.30.pom
2025-12-15 11:01:57,898 [Worker-51] INFO  o.e.m.c.i.e.AbstractTransferListenerAdapter - Downloaded https://repo.maven.apache.org/maven2/org/springframework/spring-context/5.3.30/spring-context-5.3.30.pom
2025-12-15 11:01:58,291 [Worker-51] INFO  o.e.m.c.i.e.AbstractTransferListenerAdapter - Downloaded https://repo.maven.apache.org/maven2/org/springframework/spring-expression/5.3.30/spring-expression-5.3.30.pom
2025-12-15 11:01:58,597 [Worker-51] INFO  o.e.m.c.i.e.AbstractTransferListenerAdapter - Downloaded https://repo.maven.apache.org/maven2/org/springframework/spring-web/5.3.30/spring-web-5.3.30.pom
2025-12-15 11:01:58,883 [Worker-51] INFO  o.e.m.c.i.e.AbstractTransferListenerAdapter - Downloading https://repo.maven.apache.org/maven2/org/springframework/spring-webmvc/5.3.30/spring-webmvc-5.3.30.jar
2025-12-15 11:01:59,610 [Worker-51] INFO  o.e.m.c.i.e.AbstractTransferListenerAdapter - Downloaded https://repo.maven.apache.org/maven2/org/springframework/spring-webmvc/5.3.30/spring-webmvc-5.3.30.jar
2025-12-15 11:01:59,725 [Worker-51] INFO  o.e.m.c.i.e.AbstractTransferListenerAdapter - Downloading https://repo.maven.apache.org/maven2/org/springframework/spring-aop/5.3.30/spring-aop-5.3.30.jar
2025-12-15 11:01:59,972 [Worker-51] INFO  o.e.m.c.i.e.AbstractTransferListenerAdapter - Downloaded https://repo.maven.apache.org/maven2/org/springframework/spring-aop/5.3.30/spring-aop-5.3.30.jar
2025-12-15 11:02:00,076 [Worker-51] INFO  o.e.m.c.i.e.AbstractTransferListenerAdapter - Downloading https://repo.maven.apache.org/maven2/org/springframework/spring-beans/5.3.30/spring-beans-5.3.30.jar
2025-12-15 11:02:00,519 [Worker-51] INFO  o.e.m.c.i.e.AbstractTransferListenerAdapter - Downloaded https://repo.maven.apache.org/maven2/org/springframework/spring-beans/5.3.30/spring-beans-5.3.30.jar
2025-12-15 11:02:00,859 [Worker-51] INFO  o.e.m.c.i.e.AbstractTransferListenerAdapter - Downloading https://repo.maven.apache.org/maven2/org/springframework/spring-expression/5.3.30/spring-expression-5.3.30.jar
2025-12-15 11:02:01,084 [Worker-51] INFO  o.e.m.c.i.e.AbstractTransferListenerAdapter - Downloaded https://repo.maven.apache.org/maven2/org/springframework/spring-expression/5.3.30/spring-expression-5.3.30.jar
2025-12-15 11:02:01,187 [Worker-51] INFO  o.e.m.c.i.e.AbstractTransferListenerAdapter - Downloading https://repo.maven.apache.org/maven2/org/springframework/spring-web/5.3.30/spring-web-5.3.30.jar
2025-12-15 11:02:01,994 [Worker-51] INFO  o.e.m.c.i.e.AbstractTransferListenerAdapter - Downloaded https://repo.maven.apache.org/maven2/org/springframework/spring-web/5.3.30/spring-web-5.3.30.jar
2025-12-15 11:02:02,482 [Worker-51] WARN  o.e.m.c.i.embedder.EclipseLogger - Using platform encoding (Cp1252 actually) to copy filtered resources, i.e. build is platform dependent!
2025-12-15 11:02:02,482 [Worker-51] INFO  o.e.m.c.i.embedder.EclipseLogger - Copying 0 resource
2025-12-15 11:02:02,486 [Worker-51] WARN  o.e.m.c.i.embedder.EclipseLogger - Using platform encoding (Cp1252 actually) to copy filtered resources, i.e. build is platform dependent!
2025-12-15 11:02:02,488 [Worker-51] INFO  o.e.m.c.i.embedder.EclipseLogger - skip non existing resourceDirectory D:\Code\SpringMVC\MvcUpload\src\test\resources
2025-12-15 11:02:02,488 [Worker-51] INFO  o.e.m.w.i.f.ResourceFilteringBuildParticipant - Changed resources require a complete clean of filtered resources of MvcUpload
2025-12-15 11:02:02,488 [Worker-51] INFO  o.e.m.w.i.f.ResourceFilteringBuildParticipant - Executing resource filtering for MvcUpload
2025-12-15 11:02:02,536 [Worker-51] WARN  o.e.m.c.i.embedder.EclipseLogger - Using platform encoding (Cp1252 actually) to copy filtered resources, i.e. build is platform dependent!
2025-12-16 07:18:18,556 [Worker-8] WARN  o.e.m.c.i.embedder.EclipseLogger - Using platform encoding (Cp1252 actually) to copy filtered resources, i.e. build is platform dependent!
2025-12-16 07:18:18,569 [Worker-8] INFO  o.e.m.c.i.embedder.EclipseLogger - Copying 0 resource
2025-12-16 07:18:18,572 [Worker-8] WARN  o.e.m.c.i.embedder.EclipseLogger - Using platform encoding (Cp1252 actually) to copy filtered resources, i.e. build is platform dependent!
2025-12-16 07:18:18,574 [Worker-8] INFO  o.e.m.c.i.embedder.EclipseLogger - skip non existing resourceDirectory D:\Code\SpringMVC\MVCData\src\test\resources
2025-12-16 07:18:22,548 [Worker-13] WARN  o.e.m.c.i.embedder.EclipseLogger - Using platform encoding (Cp1252 actually) to copy filtered resources, i.e. build is platform dependent!
2025-12-16 07:18:22,552 [Worker-13] INFO  o.e.m.c.i.embedder.EclipseLogger - Copying 0 resource
2025-12-16 07:18:22,554 [Worker-13] WARN  o.e.m.c.i.embedder.EclipseLogger - Using platform encoding (Cp1252 actually) to copy filtered resources, i.e. build is platform dependent!
2025-12-16 07:18:22,556 [Worker-13] INFO  o.e.m.c.i.embedder.EclipseLogger - skip non existing resourceDirectory D:\Code\SpringMVC\MVCproject\src\test\resources
2025-12-16 07:18:22,880 [Worker-13] WARN  o.e.m.c.i.embedder.EclipseLogger - Using platform encoding (Cp1252 actually) to copy filtered resources, i.e. build is platform dependent!
2025-12-16 07:18:22,883 [Worker-13] INFO  o.e.m.c.i.embedder.EclipseLogger - Copying 0 resource
2025-12-16 07:18:22,887 [Worker-13] WARN  o.e.m.c.i.embedder.EclipseLogger - Using platform encoding (Cp1252 actually) to copy filtered resources, i.e. build is platform dependent!
2025-12-16 07:18:22,889 [Worker-13] INFO  o.e.m.c.i.embedder.EclipseLogger - skip non existing resourceDirectory D:\Code\SpringMVC\MvcException\src\test\resources
2025-12-16 07:18:28,022 [Worker-1] WARN  o.e.m.c.i.embedder.EclipseLogger - Using platform encoding (Cp1252 actually) to copy filtered resources, i.e. build is platform dependent!
2025-12-16 07:18:28,024 [Worker-1] INFO  o.e.m.c.i.embedder.EclipseLogger - Copying 0 resource
2025-12-16 07:18:28,027 [Worker-1] WARN  o.e.m.c.i.embedder.EclipseLogger - Using platform encoding (Cp1252 actually) to copy filtered resources, i.e. build is platform dependent!
2025-12-16 07:18:28,028 [Worker-1] INFO  o.e.m.c.i.embedder.EclipseLogger - skip non existing resourceDirectory D:\Code\SpringMVC\MvcUpload\src\test\resources
2025-12-16 07:25:59,216 [Worker-1] WARN  o.e.m.c.i.embedder.EclipseLogger - Using platform encoding (Cp1252 actually) to copy filtered resources, i.e. build is platform dependent!
2025-12-16 07:25:59,246 [Worker-1] INFO  o.e.m.c.i.embedder.EclipseLogger - Copying 0 resource
2025-12-16 07:25:59,253 [Worker-1] WARN  o.e.m.c.i.embedder.EclipseLogger - Using platform encoding (Cp1252 actually) to copy filtered resources, i.e. build is platform dependent!
2025-12-16 07:25:59,254 [Worker-1] INFO  o.e.m.c.i.embedder.EclipseLogger - skip non existing resourceDirectory D:\Code\SpringMVC\MVCData\src\test\resources
2025-12-16 07:26:01,443 [Worker-13] WARN  o.e.m.c.i.embedder.EclipseLogger - Using platform encoding (Cp1252 actually) to copy filtered resources, i.e. build is platform dependent!
2025-12-16 07:26:01,449 [Worker-13] INFO  o.e.m.c.i.embedder.EclipseLogger - Copying 0 resource
2025-12-16 07:26:01,455 [Worker-13] WARN  o.e.m.c.i.embedder.EclipseLogger - Using platform encoding (Cp1252 actually) to copy filtered resources, i.e. build is platform dependent!
2025-12-16 07:26:01,459 [Worker-13] INFO  o.e.m.c.i.embedder.EclipseLogger - skip non existing resourceDirectory D:\Code\SpringMVC\MVCproject\src\test\resources
2025-12-16 07:26:02,042 [Worker-13] WARN  o.e.m.c.i.embedder.EclipseLogger - Using platform encoding (Cp1252 actually) to copy filtered resources, i.e. build is platform dependent!
2025-12-16 07:26:02,046 [Worker-13] INFO  o.e.m.c.i.embedder.EclipseLogger - Copying 0 resource
2025-12-16 07:26:02,048 [Worker-13] WARN  o.e.m.c.i.embedder.EclipseLogger - Using platform encoding (Cp1252 actually) to copy filtered resources, i.e. build is platform dependent!
2025-12-16 07:26:02,048 [Worker-13] INFO  o.e.m.c.i.embedder.EclipseLogger - skip non existing resourceDirectory D:\Code\SpringMVC\MvcException\src\test\resources
2025-12-16 07:26:02,736 [Worker-13] WARN  o.e.m.c.i.embedder.EclipseLogger - Using platform encoding (Cp1252 actually) to copy filtered resources, i.e. build is platform dependent!
2025-12-16 07:26:02,738 [Worker-13] INFO  o.e.m.c.i.embedder.EclipseLogger - Copying 0 resource
2025-12-16 07:26:02,742 [Worker-13] WARN  o.e.m.c.i.embedder.EclipseLogger - Using platform encoding (Cp1252 actually) to copy filtered resources, i.e. build is platform dependent!
2025-12-16 07:26:02,748 [Worker-13] INFO  o.e.m.c.i.embedder.EclipseLogger - skip non existing resourceDirectory D:\Code\SpringMVC\MvcUpload\src\test\resources
2025-12-16 07:35:10,104 [Worker-1] WARN  o.e.m.c.i.embedder.EclipseLogger - Using platform encoding (Cp1252 actually) to copy filtered resources, i.e. build is platform dependent!
2025-12-16 07:35:10,110 [Worker-1] INFO  o.e.m.c.i.embedder.EclipseLogger - Copying 0 resource
2025-12-16 07:35:10,111 [Worker-1] WARN  o.e.m.c.i.embedder.EclipseLogger - Using platform encoding (Cp1252 actually) to copy filtered resources, i.e. build is platform dependent!
2025-12-16 07:35:10,112 [Worker-1] INFO  o.e.m.c.i.embedder.EclipseLogger - skip non existing resourceDirectory D:\Code\SpringMVC\MvcUpload\src\test\resources
2025-12-16 07:37:04,332 [Worker-11] INFO  o.e.m.c.i.l.LifecycleMappingFactory - Using org.maven.ide.eclipse.wtp.WarLifecycleMapping lifecycle mapping for MavenProject: MvcUpload:MvcUpload:0.0.1-SNAPSHOT @ D:\Code\SpringMVC\MvcUpload\pom.xml.
2025-12-16 07:37:05,297 [Worker-11] WARN  o.e.m.c.i.embedder.EclipseLogger - Using platform encoding (Cp1252 actually) to copy filtered resources, i.e. build is platform dependent!
2025-12-16 07:37:05,298 [Worker-11] INFO  o.e.m.c.i.embedder.EclipseLogger - Copying 0 resource
2025-12-16 07:37:05,300 [Worker-11] WARN  o.e.m.c.i.embedder.EclipseLogger - Using platform encoding (Cp1252 actually) to copy filtered resources, i.e. build is platform dependent!
2025-12-16 07:37:05,303 [Worker-11] INFO  o.e.m.c.i.embedder.EclipseLogger - skip non existing resourceDirectory D:\Code\SpringMVC\MvcUpload\src\test\resources
2025-12-16 07:37:05,303 [Worker-11] INFO  o.e.m.w.i.f.ResourceFilteringBuildParticipant - Changed resources require a complete clean of filtered resources of MvcUpload
2025-12-16 07:37:05,304 [Worker-11] INFO  o.e.m.w.i.f.ResourceFilteringBuildParticipant - Executing resource filtering for MvcUpload
2025-12-16 07:37:05,311 [Worker-11] WARN  o.e.m.c.i.embedder.EclipseLogger - Using platform encoding (Cp1252 actually) to copy filtered resources, i.e. build is platform dependent!
2025-12-16 07:37:06,783 [Worker-20] WARN  o.e.m.c.i.embedder.EclipseLogger - Using platform encoding (Cp1252 actually) to copy filtered resources, i.e. build is platform dependent!
2025-12-16 07:37:06,792 [Worker-20] INFO  o.e.m.c.i.embedder.EclipseLogger - Copying 0 resource
2025-12-16 07:37:06,796 [Worker-20] WARN  o.e.m.c.i.embedder.EclipseLogger - Using platform encoding (Cp1252 actually) to copy filtered resources, i.e. build is platform dependent!
2025-12-16 07:37:06,797 [Worker-20] INFO  o.e.m.c.i.embedder.EclipseLogger - skip non existing resourceDirectory D:\Code\SpringMVC\MvcUpload\src\test\resources
2025-12-16 07:37:20,216 [Worker-22] INFO  o.e.m.c.i.p.ProjectConfigurationManager - Update started
2025-12-16 07:37:20,661 [Worker-22] INFO  o.e.m.c.i.l.LifecycleMappingFactory - Using org.maven.ide.eclipse.wtp.WarLifecycleMapping lifecycle mapping for MavenProject: MvcUpload:MvcUpload:0.0.1-SNAPSHOT @ D:\Code\SpringMVC\MvcUpload\pom.xml.
2025-12-16 07:37:20,806 [Worker-22] INFO  o.e.m.c.i.l.LifecycleMappingFactory - Using org.maven.ide.eclipse.wtp.WarLifecycleMapping lifecycle mapping for MavenProject: MvcException:MvcException:0.0.1-SNAPSHOT @ D:\Code\SpringMVC\MvcException\pom.xml.
2025-12-16 07:37:20,879 [Worker-22] INFO  o.e.m.c.i.l.LifecycleMappingFactory - Using org.maven.ide.eclipse.wtp.WarLifecycleMapping lifecycle mapping for MavenProject: MVCproject:MVCproject:0.0.1-SNAPSHOT @ D:\Code\SpringMVC\MVCproject\pom.xml.
2025-12-16 07:37:20,924 [Worker-22] INFO  o.e.m.c.i.l.LifecycleMappingFactory - Using org.maven.ide.eclipse.wtp.WarLifecycleMapping lifecycle mapping for MavenProject: MVCData:MVCData:0.0.1-SNAPSHOT @ D:\Code\SpringMVC\MVCData\pom.xml.
2025-12-16 07:37:22,177 [Worker-22] INFO  o.e.m.j.i.AbstractJavaProjectConfigurator - Adding source folder /MvcUpload/src/main/java
2025-12-16 07:37:22,177 [Worker-22] INFO  o.e.m.j.i.AbstractJavaProjectConfigurator - Adding resource folder /MvcUpload/src/main/resources
2025-12-16 07:37:22,178 [Worker-22] INFO  o.e.m.j.i.AbstractJavaProjectConfigurator - Adding source folder /MvcUpload/src/test/java
2025-12-16 07:37:23,741 [Worker-22] INFO  o.e.m.w.i.f.ResourceFilteringBuildParticipant - Cleaning filtered folder for MvcUpload
2025-12-16 07:37:23,749 [Worker-22] INFO  o.e.m.c.i.p.ProjectConfigurationManager - Update completed: 3 sec
2025-12-16 07:37:24,121 [Worker-21] WARN  o.e.m.c.i.embedder.EclipseLogger - Using platform encoding (Cp1252 actually) to copy filtered resources, i.e. build is platform dependent!
2025-12-16 07:37:24,124 [Worker-21] INFO  o.e.m.c.i.embedder.EclipseLogger - Copying 0 resource
2025-12-16 07:37:24,127 [Worker-21] WARN  o.e.m.c.i.embedder.EclipseLogger - Using platform encoding (Cp1252 actually) to copy filtered resources, i.e. build is platform dependent!
2025-12-16 07:37:24,128 [Worker-21] INFO  o.e.m.c.i.embedder.EclipseLogger - skip non existing resourceDirectory D:\Code\SpringMVC\MVCData\src\test\resources
2025-12-16 07:37:24,164 [Worker-21] WARN  o.e.m.c.i.embedder.EclipseLogger - Using platform encoding (Cp1252 actually) to copy filtered resources, i.e. build is platform dependent!
2025-12-16 07:37:24,165 [Worker-21] INFO  o.e.m.c.i.embedder.EclipseLogger - Copying 0 resource
2025-12-16 07:37:24,167 [Worker-21] WARN  o.e.m.c.i.embedder.EclipseLogger - Using platform encoding (Cp1252 actually) to copy filtered resources, i.e. build is platform dependent!
2025-12-16 07:37:24,168 [Worker-21] INFO  o.e.m.c.i.embedder.EclipseLogger - skip non existing resourceDirectory D:\Code\SpringMVC\MVCproject\src\test\resources
2025-12-16 07:37:24,236 [Worker-21] WARN  o.e.m.c.i.embedder.EclipseLogger - Using platform encoding (Cp1252 actually) to copy filtered resources, i.e. build is platform dependent!
2025-12-16 07:37:24,237 [Worker-21] INFO  o.e.m.c.i.embedder.EclipseLogger - Copying 0 resource
2025-12-16 07:37:24,238 [Worker-21] WARN  o.e.m.c.i.embedder.EclipseLogger - Using platform encoding (Cp1252 actually) to copy filtered resources, i.e. build is platform dependent!
2025-12-16 07:37:24,238 [Worker-21] INFO  o.e.m.c.i.embedder.EclipseLogger - skip non existing resourceDirectory D:\Code\SpringMVC\MvcException\src\test\resources
2025-12-16 07:37:24,430 [Worker-21] WARN  o.e.m.c.i.embedder.EclipseLogger - Using platform encoding (Cp1252 actually) to copy filtered resources, i.e. build is platform dependent!
2025-12-16 07:37:24,431 [Worker-21] INFO  o.e.m.c.i.embedder.EclipseLogger - Copying 0 resource
2025-12-16 07:37:24,432 [Worker-21] WARN  o.e.m.c.i.embedder.EclipseLogger - Using platform encoding (Cp1252 actually) to copy filtered resources, i.e. build is platform dependent!
2025-12-16 07:37:24,433 [Worker-21] INFO  o.e.m.c.i.embedder.EclipseLogger - skip non existing resourceDirectory D:\Code\SpringMVC\MvcUpload\src\test\resources
2025-12-16 07:37:24,433 [Worker-21] INFO  o.e.m.w.i.f.ResourceFilteringBuildParticipant - Changed resources require a complete clean of filtered resources of MvcUpload
2025-12-16 07:37:24,433 [Worker-21] INFO  o.e.m.w.i.f.ResourceFilteringBuildParticipant - Executing resource filtering for MvcUpload
2025-12-16 07:37:24,436 [Worker-21] WARN  o.e.m.c.i.embedder.EclipseLogger - Using platform encoding (Cp1252 actually) to copy filtered resources, i.e. build is platform dependent!
2025-12-16 19:43:10,915 [Worker-69] WARN  o.e.m.c.i.embedder.EclipseLogger - Using platform encoding (Cp1252 actually) to copy filtered resources, i.e. build is platform dependent!
2025-12-16 19:43:10,918 [Worker-69] INFO  o.e.m.c.i.embedder.EclipseLogger - Copying 0 resource
2025-12-16 19:43:10,918 [Worker-69] WARN  o.e.m.c.i.embedder.EclipseLogger - Using platform encoding (Cp1252 actually) to copy filtered resources, i.e. build is platform dependent!
2025-12-16 19:43:10,918 [Worker-69] INFO  o.e.m.c.i.embedder.EclipseLogger - skip non existing resourceDirectory D:\Code\SpringMVC\MvcUpload\src\test\resources
2025-12-16 19:43:36,316 [Worker-68] WARN  o.e.m.c.i.embedder.EclipseLogger - Using platform encoding (Cp1252 actually) to copy filtered resources, i.e. build is platform dependent!
2025-12-16 19:43:36,324 [Worker-68] INFO  o.e.m.c.i.embedder.EclipseLogger - Copying 0 resource
2025-12-16 19:43:36,326 [Worker-68] WARN  o.e.m.c.i.embedder.EclipseLogger - Using platform encoding (Cp1252 actually) to copy filtered resources, i.e. build is platform dependent!
2025-12-16 19:43:36,326 [Worker-68] INFO  o.e.m.c.i.embedder.EclipseLogger - skip non existing resourceDirectory D:\Code\SpringMVC\MvcUpload\src\test\resources
2025-12-16 19:43:55,358 [Worker-70] WARN  o.e.m.c.i.embedder.EclipseLogger - Using platform encoding (Cp1252 actually) to copy filtered resources, i.e. build is platform dependent!
2025-12-16 19:43:55,358 [Worker-70] INFO  o.e.m.c.i.embedder.EclipseLogger - Copying 0 resource
2025-12-16 19:43:55,358 [Worker-70] WARN  o.e.m.c.i.embedder.EclipseLogger - Using platform encoding (Cp1252 actually) to copy filtered resources, i.e. build is platform dependent!
2025-12-16 19:43:55,364 [Worker-70] INFO  o.e.m.c.i.embedder.EclipseLogger - skip non existing resourceDirectory D:\Code\SpringMVC\MvcUpload\src\test\resources
2025-12-16 19:44:48,658 [Worker-62] WARN  o.e.m.c.i.embedder.EclipseLogger - Using platform encoding (Cp1252 actually) to copy filtered resources, i.e. build is platform dependent!
2025-12-16 19:44:48,659 [Worker-62] INFO  o.e.m.c.i.embedder.EclipseLogger - Copying 0 resource
2025-12-16 19:44:48,659 [Worker-62] WARN  o.e.m.c.i.embedder.EclipseLogger - Using platform encoding (Cp1252 actually) to copy filtered resources, i.e. build is platform dependent!
2025-12-16 19:44:48,662 [Worker-62] INFO  o.e.m.c.i.embedder.EclipseLogger - skip non existing resourceDirectory D:\Code\SpringMVC\MvcUpload\src\test\resources
2025-12-16 19:46:01,630 [Worker-68] WARN  o.e.m.c.i.embedder.EclipseLogger - Using platform encoding (Cp1252 actually) to copy filtered resources, i.e. build is platform dependent!
2025-12-16 19:46:01,632 [Worker-68] INFO  o.e.m.c.i.embedder.EclipseLogger - Copying 0 resource
2025-12-16 19:46:01,634 [Worker-68] WARN  o.e.m.c.i.embedder.EclipseLogger - Using platform encoding (Cp1252 actually) to copy filtered resources, i.e. build is platform dependent!
2025-12-16 19:46:01,634 [Worker-68] INFO  o.e.m.c.i.embedder.EclipseLogger - skip non existing resourceDirectory D:\Code\SpringMVC\MvcUpload\src\test\resources
2025-12-16 19:46:46,832 [Worker-69] WARN  o.e.m.c.i.embedder.EclipseLogger - Using platform encoding (Cp1252 actually) to copy filtered resources, i.e. build is platform dependent!
2025-12-16 19:46:46,832 [Worker-69] INFO  o.e.m.c.i.embedder.EclipseLogger - Copying 0 resource
2025-12-16 19:46:46,832 [Worker-69] WARN  o.e.m.c.i.embedder.EclipseLogger - Using platform encoding (Cp1252 actually) to copy filtered resources, i.e. build is platform dependent!
2025-12-16 19:46:46,832 [Worker-69] INFO  o.e.m.c.i.embedder.EclipseLogger - skip non existing resourceDirectory D:\Code\SpringMVC\MvcUpload\src\test\resources
2025-12-17 12:33:27,444 [Worker-6] WARN  o.e.m.c.i.embedder.EclipseLogger - Using platform encoding (Cp1252 actually) to copy filtered resources, i.e. build is platform dependent!
2025-12-17 12:33:27,450 [Worker-6] INFO  o.e.m.c.i.embedder.EclipseLogger - Copying 0 resource
2025-12-17 12:33:27,452 [Worker-6] WARN  o.e.m.c.i.embedder.EclipseLogger - Using platform encoding (Cp1252 actually) to copy filtered resources, i.e. build is platform dependent!
2025-12-17 12:33:27,452 [Worker-6] INFO  o.e.m.c.i.embedder.EclipseLogger - skip non existing resourceDirectory D:\Code\SpringMVC\MVCData\src\test\resources
2025-12-17 12:33:28,695 [Worker-6] WARN  o.e.m.c.i.embedder.EclipseLogger - Using platform encoding (Cp1252 actually) to copy filtered resources, i.e. build is platform dependent!
2025-12-17 12:33:28,695 [Worker-6] INFO  o.e.m.c.i.embedder.EclipseLogger - Copying 0 resource
2025-12-17 12:33:28,697 [Worker-6] WARN  o.e.m.c.i.embedder.EclipseLogger - Using platform encoding (Cp1252 actually) to copy filtered resources, i.e. build is platform dependent!
2025-12-17 12:33:28,697 [Worker-6] INFO  o.e.m.c.i.embedder.EclipseLogger - skip non existing resourceDirectory D:\Code\SpringMVC\MVCproject\src\test\resources
2025-12-17 12:33:28,831 [Worker-6] WARN  o.e.m.c.i.embedder.EclipseLogger - Using platform encoding (Cp1252 actually) to copy filtered resources, i.e. build is platform dependent!
2025-12-17 12:33:28,832 [Worker-6] INFO  o.e.m.c.i.embedder.EclipseLogger - Copying 0 resource
2025-12-17 12:33:28,833 [Worker-6] WARN  o.e.m.c.i.embedder.EclipseLogger - Using platform encoding (Cp1252 actually) to copy filtered resources, i.e. build is platform dependent!
2025-12-17 12:33:28,834 [Worker-6] INFO  o.e.m.c.i.embedder.EclipseLogger - skip non existing resourceDirectory D:\Code\SpringMVC\MvcException\src\test\resources
2025-12-17 12:33:29,358 [Worker-6] WARN  o.e.m.c.i.embedder.EclipseLogger - Using platform encoding (Cp1252 actually) to copy filtered resources, i.e. build is platform dependent!
2025-12-17 12:33:29,360 [Worker-6] INFO  o.e.m.c.i.embedder.EclipseLogger - Copying 0 resource
2025-12-17 12:33:29,361 [Worker-6] WARN  o.e.m.c.i.embedder.EclipseLogger - Using platform encoding (Cp1252 actually) to copy filtered resources, i.e. build is platform dependent!
2025-12-17 12:33:29,362 [Worker-6] INFO  o.e.m.c.i.embedder.EclipseLogger - skip non existing resourceDirectory D:\Code\SpringMVC\MvcUpload\src\test\resources
2025-12-17 12:36:35,284 [Worker-16] WARN  o.e.m.c.i.embedder.EclipseLogger - Using platform encoding (Cp1252 actually) to copy filtered resources, i.e. build is platform dependent!
2025-12-17 12:36:35,296 [Worker-16] INFO  o.e.m.c.i.embedder.EclipseLogger - Copying 0 resource
2025-12-17 12:36:35,297 [Worker-16] WARN  o.e.m.c.i.embedder.EclipseLogger - Using platform encoding (Cp1252 actually) to copy filtered resources, i.e. build is platform dependent!
2025-12-17 12:36:35,298 [Worker-16] INFO  o.e.m.c.i.embedder.EclipseLogger - skip non existing resourceDirectory D:\Code\SpringMVC\MvcUpload\src\test\resources
2025-12-17 12:39:14,813 [Worker-17] WARN  o.e.m.c.i.embedder.EclipseLogger - Using platform encoding (Cp1252 actually) to copy filtered resources, i.e. build is platform dependent!
2025-12-17 12:39:14,843 [Worker-17] INFO  o.e.m.c.i.embedder.EclipseLogger - Copying 0 resource
2025-12-17 12:39:14,849 [Worker-17] WARN  o.e.m.c.i.embedder.EclipseLogger - Using platform encoding (Cp1252 actually) to copy filtered resources, i.e. build is platform dependent!
2025-12-17 12:39:14,850 [Worker-17] INFO  o.e.m.c.i.embedder.EclipseLogger - skip non existing resourceDirectory D:\Code\SpringMVC\MvcUpload\src\test\resources
2025-12-17 12:42:01,488 [Worker-17] WARN  o.e.m.c.i.embedder.EclipseLogger - Using platform encoding (Cp1252 actually) to copy filtered resources, i.e. build is platform dependent!
2025-12-17 12:42:01,489 [Worker-17] INFO  o.e.m.c.i.embedder.EclipseLogger - Copying 0 resource
2025-12-17 12:42:01,490 [Worker-17] WARN  o.e.m.c.i.embedder.EclipseLogger - Using platform encoding (Cp1252 actually) to copy filtered resources, i.e. build is platform dependent!
2025-12-17 12:42:01,498 [Worker-17] INFO  o.e.m.c.i.embedder.EclipseLogger - skip non existing resourceDirectory D:\Code\SpringMVC\MvcUpload\src\test\resources
2025-12-17 12:43:21,054 [Worker-18] WARN  o.e.m.c.i.embedder.EclipseLogger - Using platform encoding (Cp1252 actually) to copy filtered resources, i.e. build is platform dependent!
2025-12-17 12:43:21,055 [Worker-18] INFO  o.e.m.c.i.embedder.EclipseLogger - Copying 0 resource
2025-12-17 12:43:21,057 [Worker-18] WARN  o.e.m.c.i.embedder.EclipseLogger - Using platform encoding (Cp1252 actually) to copy filtered resources, i.e. build is platform dependent!
2025-12-17 12:43:21,064 [Worker-18] INFO  o.e.m.c.i.embedder.EclipseLogger - skip non existing resourceDirectory D:\Code\SpringMVC\MvcUpload\src\test\resources
2025-12-17 12:48:54,503 [Worker-17] WARN  o.e.r.models.ModelRepository - Failed to download org.eclipse.recommenders:index::zip:0.0.0
org.eclipse.aether.resolution.ArtifactResolutionException: Could not transfer artifact org.eclipse.recommenders:index:zip:0.0.0-SNAPSHOT from/to models (http://download.eclipse.org/recommenders/models/neon/): Remote host terminated the handshake
	at org.eclipse.aether.internal.impl.DefaultArtifactResolver.resolve(DefaultArtifactResolver.java:444) ~[na:na]
	at org.eclipse.aether.internal.impl.DefaultArtifactResolver.resolveArtifacts(DefaultArtifactResolver.java:246) ~[na:na]
	at org.eclipse.aether.internal.impl.DefaultArtifactResolver.resolveArtifact(DefaultArtifactResolver.java:223) ~[na:na]
	at org.eclipse.aether.internal.impl.DefaultRepositorySystem.resolveArtifact(DefaultRepositorySystem.java:294) ~[na:na]
	at org.eclipse.recommenders.models.ModelRepository.resolveInternal(ModelRepository.java:193) [org.eclipse.recommenders.models_2.4.6.v20170307-1041.jar:na]
	at org.eclipse.recommenders.models.ModelRepository.resolve(ModelRepository.java:172) [org.eclipse.recommenders.models_2.4.6.v20170307-1041.jar:na]
	at org.eclipse.recommenders.internal.models.rcp.EclipseModelRepository.resolve(EclipseModelRepository.java:169) [org.eclipse.recommenders.models.rcp_2.4.6.v20170307-1041.jar:na]
	at org.eclipse.recommenders.internal.models.rcp.DownloadModelArchiveJob.run(DownloadModelArchiveJob.java:76) [org.eclipse.recommenders.models.rcp_2.4.6.v20170307-1041.jar:na]
	at org.eclipse.core.internal.jobs.Worker.run(Worker.java:55) [org.eclipse.core.jobs_3.8.0.v20160509-0411.jar:na]
Caused by: org.eclipse.aether.transfer.ArtifactTransferException: Could not transfer artifact org.eclipse.recommenders:index:zip:0.0.0-SNAPSHOT from/to models (http://download.eclipse.org/recommenders/models/neon/): Remote host terminated the handshake
	at org.eclipse.aether.connector.basic.ArtifactTransportListener.transferFailed(ArtifactTransportListener.java:43) ~[org.eclipse.aether.connector.basic_1.0.1.v20141111.jar:na]
	at org.eclipse.aether.connector.basic.BasicRepositoryConnector$TaskRunner.run(BasicRepositoryConnector.java:355) ~[org.eclipse.aether.connector.basic_1.0.1.v20141111.jar:na]
	at org.eclipse.aether.util.concurrency.RunnableErrorForwarder$1.run(RunnableErrorForwarder.java:67) ~[na:na]
	at org.eclipse.aether.connector.basic.BasicRepositoryConnector$DirectExecutor.execute(BasicRepositoryConnector.java:581) ~[org.eclipse.aether.connector.basic_1.0.1.v20141111.jar:na]
	at org.eclipse.aether.connector.basic.BasicRepositoryConnector.get(BasicRepositoryConnector.java:249) ~[org.eclipse.aether.connector.basic_1.0.1.v20141111.jar:na]
	at org.eclipse.aether.internal.impl.DefaultArtifactResolver.performDownloads(DefaultArtifactResolver.java:520) ~[na:na]
	at org.eclipse.aether.internal.impl.DefaultArtifactResolver.resolve(DefaultArtifactResolver.java:421) ~[na:na]
	... 8 common frames omitted
Caused by: javax.net.ssl.SSLHandshakeException: Remote host terminated the handshake
	at sun.security.ssl.SSLSocketImpl.handleEOF(Unknown Source) ~[na:1.8.0_461]
	at sun.security.ssl.SSLSocketImpl.decode(Unknown Source) ~[na:1.8.0_461]
	at sun.security.ssl.SSLSocketImpl.readHandshakeRecord(Unknown Source) ~[na:1.8.0_461]
	at sun.security.ssl.SSLSocketImpl.startHandshake(Unknown Source) ~[na:1.8.0_461]
	at sun.security.ssl.SSLSocketImpl.startHandshake(Unknown Source) ~[na:1.8.0_461]
	at org.apache.http.conn.ssl.SSLSocketFactory.connectSocket(SSLSocketFactory.java:535) ~[na:na]
	at org.apache.http.conn.ssl.SSLSocketFactory.connectSocket(SSLSocketFactory.java:403) ~[na:na]
	at org.apache.http.impl.conn.DefaultClientConnectionOperator.openConnection(DefaultClientConnectionOperator.java:177) ~[na:na]
	at org.apache.http.impl.conn.ManagedClientConnectionImpl.open(ManagedClientConnectionImpl.java:304) ~[na:na]
	at org.apache.http.impl.client.DefaultRequestDirector.tryConnect(DefaultRequestDirector.java:611) ~[na:na]
	at org.apache.http.impl.client.DefaultRequestDirector.execute(DefaultRequestDirector.java:446) ~[na:na]
	at org.apache.http.impl.client.AbstractHttpClient.doExecute(AbstractHttpClient.java:863) ~[na:na]
	at org.apache.http.impl.client.CloseableHttpClient.execute(CloseableHttpClient.java:72) ~[na:na]
	at org.apache.http.impl.client.CloseableHttpClient.execute(CloseableHttpClient.java:57) ~[na:na]
	at org.apache.http.impl.client.DecompressingHttpClient.execute(DecompressingHttpClient.java:158) ~[na:na]
	at org.eclipse.aether.transport.http.HttpTransporter.execute(HttpTransporter.java:287) ~[org.eclipse.aether.transport.http_1.0.1.v20141111.jar:na]
	at org.eclipse.aether.transport.http.HttpTransporter.implGet(HttpTransporter.java:243) ~[org.eclipse.aether.transport.http_1.0.1.v20141111.jar:na]
	at org.eclipse.aether.spi.connector.transport.AbstractTransporter.get(AbstractTransporter.java:59) ~[org.eclipse.aether.spi_1.0.1.v20141111.jar:na]
	at org.eclipse.aether.connector.basic.BasicRepositoryConnector$GetTaskRunner.runTask(BasicRepositoryConnector.java:447) ~[org.eclipse.aether.connector.basic_1.0.1.v20141111.jar:na]
	at org.eclipse.aether.connector.basic.BasicRepositoryConnector$TaskRunner.run(BasicRepositoryConnector.java:350) ~[org.eclipse.aether.connector.basic_1.0.1.v20141111.jar:na]
	... 13 common frames omitted
Caused by: java.io.EOFException: SSL peer shut down incorrectly
	at sun.security.ssl.SSLSocketInputRecord.read(Unknown Source) ~[na:1.8.0_461]
	at sun.security.ssl.SSLSocketInputRecord.readHeader(Unknown Source) ~[na:1.8.0_461]
	at sun.security.ssl.SSLSocketInputRecord.decode(Unknown Source) ~[na:1.8.0_461]
	at sun.security.ssl.SSLTransport.decode(Unknown Source) ~[na:1.8.0_461]
	... 32 common frames omitted
2025-12-17 12:53:59,115 [Worker-25] WARN  o.e.m.c.i.embedder.EclipseLogger - Using platform encoding (Cp1252 actually) to copy filtered resources, i.e. build is platform dependent!
2025-12-17 12:53:59,116 [Worker-25] INFO  o.e.m.c.i.embedder.EclipseLogger - Copying 0 resource
2025-12-17 12:53:59,119 [Worker-25] WARN  o.e.m.c.i.embedder.EclipseLogger - Using platform encoding (Cp1252 actually) to copy filtered resources, i.e. build is platform dependent!
2025-12-17 12:53:59,120 [Worker-25] INFO  o.e.m.c.i.embedder.EclipseLogger - skip non existing resourceDirectory D:\Code\SpringMVC\MvcUpload\src\test\resources
2025-12-17 12:54:03,212 [Worker-23] WARN  o.e.m.c.i.embedder.EclipseLogger - Using platform encoding (Cp1252 actually) to copy filtered resources, i.e. build is platform dependent!
2025-12-17 12:54:03,224 [Worker-23] INFO  o.e.m.c.i.embedder.EclipseLogger - Copying 0 resource
2025-12-17 12:54:03,225 [Worker-23] WARN  o.e.m.c.i.embedder.EclipseLogger - Using platform encoding (Cp1252 actually) to copy filtered resources, i.e. build is platform dependent!
2025-12-17 12:54:03,226 [Worker-23] INFO  o.e.m.c.i.embedder.EclipseLogger - skip non existing resourceDirectory D:\Code\SpringMVC\MvcUpload\src\test\resources
2025-12-17 12:54:39,693 [Worker-27] WARN  o.e.m.c.i.embedder.EclipseLogger - Using platform encoding (Cp1252 actually) to copy filtered resources, i.e. build is platform dependent!
2025-12-17 12:54:39,694 [Worker-27] INFO  o.e.m.c.i.embedder.EclipseLogger - Copying 0 resource
2025-12-17 12:54:39,696 [Worker-27] WARN  o.e.m.c.i.embedder.EclipseLogger - Using platform encoding (Cp1252 actually) to copy filtered resources, i.e. build is platform dependent!
2025-12-17 12:54:39,704 [Worker-27] INFO  o.e.m.c.i.embedder.EclipseLogger - skip non existing resourceDirectory D:\Code\SpringMVC\MvcUpload\src\test\resources
2025-12-17 12:59:53,626 [Worker-23] WARN  o.e.m.c.i.embedder.EclipseLogger - Using platform encoding (Cp1252 actually) to copy filtered resources, i.e. build is platform dependent!
2025-12-17 12:59:53,627 [Worker-23] INFO  o.e.m.c.i.embedder.EclipseLogger - Copying 0 resource
2025-12-17 12:59:53,628 [Worker-23] WARN  o.e.m.c.i.embedder.EclipseLogger - Using platform encoding (Cp1252 actually) to copy filtered resources, i.e. build is platform dependent!
2025-12-17 12:59:53,628 [Worker-23] INFO  o.e.m.c.i.embedder.EclipseLogger - skip non existing resourceDirectory D:\Code\SpringMVC\MvcUpload\src\test\resources
2025-12-20 07:27:49,954 [Worker-2] WARN  o.e.m.c.i.embedder.EclipseLogger - Using platform encoding (Cp1252 actually) to copy filtered resources, i.e. build is platform dependent!
2025-12-20 07:27:49,983 [Worker-2] INFO  o.e.m.c.i.embedder.EclipseLogger - Copying 0 resource
2025-12-20 07:27:49,990 [Worker-2] WARN  o.e.m.c.i.embedder.EclipseLogger - Using platform encoding (Cp1252 actually) to copy filtered resources, i.e. build is platform dependent!
2025-12-20 07:27:49,993 [Worker-2] INFO  o.e.m.c.i.embedder.EclipseLogger - skip non existing resourceDirectory D:\Code\SpringMVC\MVCData\src\test\resources
2025-12-20 07:28:00,848 [Worker-17] WARN  o.e.m.c.i.embedder.EclipseLogger - Using platform encoding (Cp1252 actually) to copy filtered resources, i.e. build is platform dependent!
2025-12-20 07:28:00,862 [Worker-17] INFO  o.e.m.c.i.embedder.EclipseLogger - Copying 0 resource
2025-12-20 07:28:00,869 [Worker-17] WARN  o.e.m.c.i.embedder.EclipseLogger - Using platform encoding (Cp1252 actually) to copy filtered resources, i.e. build is platform dependent!
2025-12-20 07:28:00,871 [Worker-17] INFO  o.e.m.c.i.embedder.EclipseLogger - skip non existing resourceDirectory D:\Code\SpringMVC\MVCproject\src\test\resources
2025-12-20 07:28:01,479 [Worker-17] WARN  o.e.m.c.i.embedder.EclipseLogger - Using platform encoding (Cp1252 actually) to copy filtered resources, i.e. build is platform dependent!
2025-12-20 07:28:01,484 [Worker-17] INFO  o.e.m.c.i.embedder.EclipseLogger - Copying 0 resource
2025-12-20 07:28:01,488 [Worker-17] WARN  o.e.m.c.i.embedder.EclipseLogger - Using platform encoding (Cp1252 actually) to copy filtered resources, i.e. build is platform dependent!
2025-12-20 07:28:01,499 [Worker-17] INFO  o.e.m.c.i.embedder.EclipseLogger - skip non existing resourceDirectory D:\Code\SpringMVC\MvcException\src\test\resources
2025-12-20 07:28:03,914 [Worker-17] WARN  o.e.m.c.i.embedder.EclipseLogger - Using platform encoding (Cp1252 actually) to copy filtered resources, i.e. build is platform dependent!
2025-12-20 07:28:03,918 [Worker-17] INFO  o.e.m.c.i.embedder.EclipseLogger - Copying 0 resource
2025-12-20 07:28:03,922 [Worker-17] WARN  o.e.m.c.i.embedder.EclipseLogger - Using platform encoding (Cp1252 actually) to copy filtered resources, i.e. build is platform dependent!
2025-12-20 07:28:03,924 [Worker-17] INFO  o.e.m.c.i.embedder.EclipseLogger - skip non existing resourceDirectory D:\Code\SpringMVC\MvcUpload\src\test\resources
2025-12-20 07:28:51,415 [Worker-17] WARN  o.e.m.c.i.embedder.EclipseLogger - Using platform encoding (Cp1252 actually) to copy filtered resources, i.e. build is platform dependent!
2025-12-20 07:28:51,420 [Worker-17] INFO  o.e.m.c.i.embedder.EclipseLogger - Copying 0 resource
2025-12-20 07:28:51,421 [Worker-17] WARN  o.e.m.c.i.embedder.EclipseLogger - Using platform encoding (Cp1252 actually) to copy filtered resources, i.e. build is platform dependent!
2025-12-20 07:28:51,422 [Worker-17] INFO  o.e.m.c.i.embedder.EclipseLogger - skip non existing resourceDirectory D:\Code\SpringMVC\MvcUpload\src\test\resources
2025-12-20 07:34:33,922 [Worker-22] INFO  o.e.m.c.i.e.AbstractTransferListenerAdapter - Downloading https://repo.maven.apache.org/maven2/org/springframework/spring-web/5.3.30/spring-web-5.3.30-sources.jar
2025-12-20 07:34:35,867 [Worker-22] INFO  o.e.m.c.i.e.AbstractTransferListenerAdapter - Downloaded https://repo.maven.apache.org/maven2/org/springframework/spring-web/5.3.30/spring-web-5.3.30-sources.jar
2025-12-20 07:34:36,063 [Worker-22] INFO  o.e.m.j.internal.DownloadSourcesJob - Downloaded sources for org.springframework:spring-web:5.3.30
2025-12-20 07:34:36,535 [Worker-23] WARN  o.e.m.c.i.embedder.EclipseLogger - Using platform encoding (Cp1252 actually) to copy filtered resources, i.e. build is platform dependent!
2025-12-20 07:34:36,540 [Worker-23] INFO  o.e.m.c.i.embedder.EclipseLogger - Copying 0 resource
2025-12-20 07:34:36,542 [Worker-23] WARN  o.e.m.c.i.embedder.EclipseLogger - Using platform encoding (Cp1252 actually) to copy filtered resources, i.e. build is platform dependent!
2025-12-20 07:34:36,543 [Worker-23] INFO  o.e.m.c.i.embedder.EclipseLogger - skip non existing resourceDirectory D:\Code\SpringMVC\MvcUpload\src\test\resources
2025-12-20 07:35:55,195 [Worker-27] WARN  o.e.m.c.i.embedder.EclipseLogger - Using platform encoding (Cp1252 actually) to copy filtered resources, i.e. build is platform dependent!
2025-12-20 07:35:55,198 [Worker-27] INFO  o.e.m.c.i.embedder.EclipseLogger - Copying 0 resource
2025-12-20 07:35:55,199 [Worker-27] WARN  o.e.m.c.i.embedder.EclipseLogger - Using platform encoding (Cp1252 actually) to copy filtered resources, i.e. build is platform dependent!
2025-12-20 07:35:55,200 [Worker-27] INFO  o.e.m.c.i.embedder.EclipseLogger - skip non existing resourceDirectory D:\Code\SpringMVC\MvcUpload\src\test\resources
2025-12-20 07:35:57,874 [Worker-28] WARN  o.e.m.c.i.embedder.EclipseLogger - Using platform encoding (Cp1252 actually) to copy filtered resources, i.e. build is platform dependent!
2025-12-20 07:35:57,879 [Worker-28] INFO  o.e.m.c.i.embedder.EclipseLogger - Copying 0 resource
2025-12-20 07:35:57,883 [Worker-28] WARN  o.e.m.c.i.embedder.EclipseLogger - Using platform encoding (Cp1252 actually) to copy filtered resources, i.e. build is platform dependent!
2025-12-20 07:35:57,884 [Worker-28] INFO  o.e.m.c.i.embedder.EclipseLogger - skip non existing resourceDirectory D:\Code\SpringMVC\MvcUpload\src\test\resources
2025-12-20 07:38:01,737 [Worker-33] WARN  o.e.m.c.i.embedder.EclipseLogger - Using platform encoding (Cp1252 actually) to copy filtered resources, i.e. build is platform dependent!
2025-12-20 07:38:01,738 [Worker-33] INFO  o.e.m.c.i.embedder.EclipseLogger - Copying 0 resource
2025-12-20 07:38:01,739 [Worker-33] WARN  o.e.m.c.i.embedder.EclipseLogger - Using platform encoding (Cp1252 actually) to copy filtered resources, i.e. build is platform dependent!
2025-12-20 07:38:01,740 [Worker-33] INFO  o.e.m.c.i.embedder.EclipseLogger - skip non existing resourceDirectory D:\Code\SpringMVC\MvcUpload\src\test\resources
2025-12-20 09:38:50,206 [Worker-8] WARN  o.e.m.c.i.embedder.EclipseLogger - Using platform encoding (Cp1252 actually) to copy filtered resources, i.e. build is platform dependent!
2025-12-20 09:38:50,216 [Worker-8] INFO  o.e.m.c.i.embedder.EclipseLogger - Copying 0 resource
2025-12-20 09:38:50,218 [Worker-8] WARN  o.e.m.c.i.embedder.EclipseLogger - Using platform encoding (Cp1252 actually) to copy filtered resources, i.e. build is platform dependent!
2025-12-20 09:38:50,219 [Worker-8] INFO  o.e.m.c.i.embedder.EclipseLogger - skip non existing resourceDirectory D:\Code\SpringMVC\MVCData\src\test\resources
2025-12-20 09:38:53,813 [Worker-5] WARN  o.e.m.c.i.embedder.EclipseLogger - Using platform encoding (Cp1252 actually) to copy filtered resources, i.e. build is platform dependent!
2025-12-20 09:38:53,815 [Worker-5] INFO  o.e.m.c.i.embedder.EclipseLogger - Copying 0 resource
2025-12-20 09:38:53,817 [Worker-5] WARN  o.e.m.c.i.embedder.EclipseLogger - Using platform encoding (Cp1252 actually) to copy filtered resources, i.e. build is platform dependent!
2025-12-20 09:38:53,818 [Worker-5] INFO  o.e.m.c.i.embedder.EclipseLogger - skip non existing resourceDirectory D:\Code\SpringMVC\MVCproject\src\test\resources
2025-12-20 09:38:54,071 [Worker-5] WARN  o.e.m.c.i.embedder.EclipseLogger - Using platform encoding (Cp1252 actually) to copy filtered resources, i.e. build is platform dependent!
2025-12-20 09:38:54,072 [Worker-5] INFO  o.e.m.c.i.embedder.EclipseLogger - Copying 0 resource
2025-12-20 09:38:54,074 [Worker-5] WARN  o.e.m.c.i.embedder.EclipseLogger - Using platform encoding (Cp1252 actually) to copy filtered resources, i.e. build is platform dependent!
2025-12-20 09:38:54,076 [Worker-5] INFO  o.e.m.c.i.embedder.EclipseLogger - skip non existing resourceDirectory D:\Code\SpringMVC\MvcException\src\test\resources
2025-12-20 09:38:55,049 [Worker-5] WARN  o.e.m.c.i.embedder.EclipseLogger - Using platform encoding (Cp1252 actually) to copy filtered resources, i.e. build is platform dependent!
2025-12-20 09:38:55,051 [Worker-5] INFO  o.e.m.c.i.embedder.EclipseLogger - Copying 0 resource
2025-12-20 09:38:55,053 [Worker-5] WARN  o.e.m.c.i.embedder.EclipseLogger - Using platform encoding (Cp1252 actually) to copy filtered resources, i.e. build is platform dependent!
2025-12-20 09:38:55,054 [Worker-5] INFO  o.e.m.c.i.embedder.EclipseLogger - skip non existing resourceDirectory D:\Code\SpringMVC\MvcUpload\src\test\resources
2025-12-20 10:01:42,646 [Worker-26] WARN  o.e.r.models.ModelRepository - Failed to download org.eclipse.recommenders:index::zip:0.0.0
org.eclipse.aether.resolution.ArtifactResolutionException: Could not transfer artifact org.eclipse.recommenders:index:zip:0.0.0-SNAPSHOT from/to models (http://download.eclipse.org/recommenders/models/neon/): download.eclipse.org
	at org.eclipse.aether.internal.impl.DefaultArtifactResolver.resolve(DefaultArtifactResolver.java:444) ~[na:na]
	at org.eclipse.aether.internal.impl.DefaultArtifactResolver.resolveArtifacts(DefaultArtifactResolver.java:246) ~[na:na]
	at org.eclipse.aether.internal.impl.DefaultArtifactResolver.resolveArtifact(DefaultArtifactResolver.java:223) ~[na:na]
	at org.eclipse.aether.internal.impl.DefaultRepositorySystem.resolveArtifact(DefaultRepositorySystem.java:294) ~[na:na]
	at org.eclipse.recommenders.models.ModelRepository.resolveInternal(ModelRepository.java:193) [org.eclipse.recommenders.models_2.4.6.v20170307-1041.jar:na]
	at org.eclipse.recommenders.models.ModelRepository.resolve(ModelRepository.java:172) [org.eclipse.recommenders.models_2.4.6.v20170307-1041.jar:na]
	at org.eclipse.recommenders.internal.models.rcp.EclipseModelRepository.resolve(EclipseModelRepository.java:169) [org.eclipse.recommenders.models.rcp_2.4.6.v20170307-1041.jar:na]
	at org.eclipse.recommenders.internal.models.rcp.DownloadModelArchiveJob.run(DownloadModelArchiveJob.java:76) [org.eclipse.recommenders.models.rcp_2.4.6.v20170307-1041.jar:na]
	at org.eclipse.core.internal.jobs.Worker.run(Worker.java:55) [org.eclipse.core.jobs_3.8.0.v20160509-0411.jar:na]
Caused by: org.eclipse.aether.transfer.ArtifactTransferException: Could not transfer artifact org.eclipse.recommenders:index:zip:0.0.0-SNAPSHOT from/to models (http://download.eclipse.org/recommenders/models/neon/): download.eclipse.org
	at org.eclipse.aether.connector.basic.ArtifactTransportListener.transferFailed(ArtifactTransportListener.java:43) ~[org.eclipse.aether.connector.basic_1.0.1.v20141111.jar:na]
	at org.eclipse.aether.connector.basic.BasicRepositoryConnector$TaskRunner.run(BasicRepositoryConnector.java:355) ~[org.eclipse.aether.connector.basic_1.0.1.v20141111.jar:na]
	at org.eclipse.aether.util.concurrency.RunnableErrorForwarder$1.run(RunnableErrorForwarder.java:67) ~[na:na]
	at org.eclipse.aether.connector.basic.BasicRepositoryConnector$DirectExecutor.execute(BasicRepositoryConnector.java:581) ~[org.eclipse.aether.connector.basic_1.0.1.v20141111.jar:na]
	at org.eclipse.aether.connector.basic.BasicRepositoryConnector.get(BasicRepositoryConnector.java:249) ~[org.eclipse.aether.connector.basic_1.0.1.v20141111.jar:na]
	at org.eclipse.aether.internal.impl.DefaultArtifactResolver.performDownloads(DefaultArtifactResolver.java:520) ~[na:na]
	at org.eclipse.aether.internal.impl.DefaultArtifactResolver.resolve(DefaultArtifactResolver.java:421) ~[na:na]
	... 8 common frames omitted
Caused by: java.net.UnknownHostException: download.eclipse.org
	at java.net.InetAddress.getAllByName0(Unknown Source) ~[na:1.8.0_461]
	at java.net.InetAddress.getAllByName(Unknown Source) ~[na:1.8.0_461]
	at java.net.InetAddress.getAllByName(Unknown Source) ~[na:1.8.0_461]
	at org.apache.http.impl.conn.SystemDefaultDnsResolver.resolve(SystemDefaultDnsResolver.java:44) ~[na:na]
	at org.apache.http.impl.conn.DefaultClientConnectionOperator.resolveHostname(DefaultClientConnectionOperator.java:259) ~[na:na]
	at org.apache.http.impl.conn.DefaultClientConnectionOperator.openConnection(DefaultClientConnectionOperator.java:159) ~[na:na]
	at org.apache.http.impl.conn.ManagedClientConnectionImpl.open(ManagedClientConnectionImpl.java:304) ~[na:na]
	at org.apache.http.impl.client.DefaultRequestDirector.tryConnect(DefaultRequestDirector.java:611) ~[na:na]
	at org.apache.http.impl.client.DefaultRequestDirector.execute(DefaultRequestDirector.java:446) ~[na:na]
	at org.apache.http.impl.client.AbstractHttpClient.doExecute(AbstractHttpClient.java:863) ~[na:na]
	at org.apache.http.impl.client.CloseableHttpClient.execute(CloseableHttpClient.java:72) ~[na:na]
	at org.apache.http.impl.client.CloseableHttpClient.execute(CloseableHttpClient.java:57) ~[na:na]
	at org.apache.http.impl.client.DecompressingHttpClient.execute(DecompressingHttpClient.java:158) ~[na:na]
	at org.eclipse.aether.transport.http.HttpTransporter.execute(HttpTransporter.java:287) ~[org.eclipse.aether.transport.http_1.0.1.v20141111.jar:na]
	at org.eclipse.aether.transport.http.HttpTransporter.implGet(HttpTransporter.java:243) ~[org.eclipse.aether.transport.http_1.0.1.v20141111.jar:na]
	at org.eclipse.aether.spi.connector.transport.AbstractTransporter.get(AbstractTransporter.java:59) ~[org.eclipse.aether.spi_1.0.1.v20141111.jar:na]
	at org.eclipse.aether.connector.basic.BasicRepositoryConnector$GetTaskRunner.runTask(BasicRepositoryConnector.java:447) ~[org.eclipse.aether.connector.basic_1.0.1.v20141111.jar:na]
	at org.eclipse.aether.connector.basic.BasicRepositoryConnector$TaskRunner.run(BasicRepositoryConnector.java:350) ~[org.eclipse.aether.connector.basic_1.0.1.v20141111.jar:na]
	... 13 common frames omitted
2025-12-20 10:15:18,597 [Worker-33] WARN  o.e.m.c.i.embedder.EclipseLogger - Using platform encoding (Cp1252 actually) to copy filtered resources, i.e. build is platform dependent!
2025-12-20 10:15:20,001 [Worker-33] INFO  o.e.m.c.i.embedder.EclipseLogger - Copying 0 resource
2025-12-20 10:15:20,002 [Worker-33] WARN  o.e.m.c.i.embedder.EclipseLogger - Using platform encoding (Cp1252 actually) to copy filtered resources, i.e. build is platform dependent!
2025-12-20 10:15:20,003 [Worker-33] INFO  o.e.m.c.i.embedder.EclipseLogger - skip non existing resourceDirectory D:\Code\SpringMVC\MvcUpload\src\test\resources
2025-12-20 10:21:09,288 [Worker-33] WARN  o.e.m.c.i.embedder.EclipseLogger - Using platform encoding (Cp1252 actually) to copy filtered resources, i.e. build is platform dependent!
2025-12-20 10:21:09,291 [Worker-33] INFO  o.e.m.c.i.embedder.EclipseLogger - Copying 0 resource
2025-12-20 10:21:09,292 [Worker-33] WARN  o.e.m.c.i.embedder.EclipseLogger - Using platform encoding (Cp1252 actually) to copy filtered resources, i.e. build is platform dependent!
2025-12-20 10:21:09,293 [Worker-33] INFO  o.e.m.c.i.embedder.EclipseLogger - skip non existing resourceDirectory D:\Code\SpringMVC\MvcUpload\src\test\resources
2025-12-20 10:23:49,376 [Worker-39] WARN  o.e.m.c.i.embedder.EclipseLogger - Using platform encoding (Cp1252 actually) to copy filtered resources, i.e. build is platform dependent!
2025-12-20 10:23:49,377 [Worker-39] INFO  o.e.m.c.i.embedder.EclipseLogger - Copying 0 resource
2025-12-20 10:23:49,379 [Worker-39] WARN  o.e.m.c.i.embedder.EclipseLogger - Using platform encoding (Cp1252 actually) to copy filtered resources, i.e. build is platform dependent!
2025-12-20 10:23:49,380 [Worker-39] INFO  o.e.m.c.i.embedder.EclipseLogger - skip non existing resourceDirectory D:\Code\SpringMVC\MvcUpload\src\test\resources
2025-12-20 10:32:15,409 [Worker-43] WARN  o.e.m.c.i.embedder.EclipseLogger - Using platform encoding (Cp1252 actually) to copy filtered resources, i.e. build is platform dependent!
2025-12-20 10:32:15,412 [Worker-43] INFO  o.e.m.c.i.embedder.EclipseLogger - Copying 0 resource
2025-12-20 10:32:15,413 [Worker-43] WARN  o.e.m.c.i.embedder.EclipseLogger - Using platform encoding (Cp1252 actually) to copy filtered resources, i.e. build is platform dependent!
2025-12-20 10:32:15,414 [Worker-43] INFO  o.e.m.c.i.embedder.EclipseLogger - skip non existing resourceDirectory D:\Code\SpringMVC\MvcUpload\src\test\resources
2025-12-20 10:32:26,700 [Worker-44] WARN  o.e.m.c.i.embedder.EclipseLogger - Using platform encoding (Cp1252 actually) to copy filtered resources, i.e. build is platform dependent!
2025-12-20 10:32:26,703 [Worker-44] INFO  o.e.m.c.i.embedder.EclipseLogger - Copying 0 resource
2025-12-20 10:32:26,705 [Worker-44] WARN  o.e.m.c.i.embedder.EclipseLogger - Using platform encoding (Cp1252 actually) to copy filtered resources, i.e. build is platform dependent!
2025-12-20 10:32:26,706 [Worker-44] INFO  o.e.m.c.i.embedder.EclipseLogger - skip non existing resourceDirectory D:\Code\SpringMVC\MvcUpload\src\test\resources
2025-12-20 10:32:36,247 [Worker-46] WARN  o.e.m.c.i.embedder.EclipseLogger - Using platform encoding (Cp1252 actually) to copy filtered resources, i.e. build is platform dependent!
2025-12-20 10:32:36,248 [Worker-46] INFO  o.e.m.c.i.embedder.EclipseLogger - Copying 0 resource
2025-12-20 10:32:36,249 [Worker-46] WARN  o.e.m.c.i.embedder.EclipseLogger - Using platform encoding (Cp1252 actually) to copy filtered resources, i.e. build is platform dependent!
2025-12-20 10:32:36,250 [Worker-46] INFO  o.e.m.c.i.embedder.EclipseLogger - skip non existing resourceDirectory D:\Code\SpringMVC\MvcUpload\src\test\resources
2025-12-20 10:44:49,505 [Worker-52] WARN  o.e.m.c.i.embedder.EclipseLogger - Using platform encoding (Cp1252 actually) to copy filtered resources, i.e. build is platform dependent!
2025-12-20 10:44:49,507 [Worker-52] INFO  o.e.m.c.i.embedder.EclipseLogger - Copying 0 resource
2025-12-20 10:44:49,508 [Worker-52] WARN  o.e.m.c.i.embedder.EclipseLogger - Using platform encoding (Cp1252 actually) to copy filtered resources, i.e. build is platform dependent!
2025-12-20 10:44:49,509 [Worker-52] INFO  o.e.m.c.i.embedder.EclipseLogger - skip non existing resourceDirectory D:\Code\SpringMVC\MvcUpload\src\test\resources
2025-12-20 10:59:56,140 [Worker-63] WARN  o.e.m.c.i.embedder.EclipseLogger - Using platform encoding (Cp1252 actually) to copy filtered resources, i.e. build is platform dependent!
2025-12-20 10:59:56,140 [Worker-63] INFO  o.e.m.c.i.embedder.EclipseLogger - Copying 0 resource
2025-12-20 10:59:56,140 [Worker-63] WARN  o.e.m.c.i.embedder.EclipseLogger - Using platform encoding (Cp1252 actually) to copy filtered resources, i.e. build is platform dependent!
2025-12-20 10:59:56,140 [Worker-63] INFO  o.e.m.c.i.embedder.EclipseLogger - skip non existing resourceDirectory D:\Code\SpringMVC\MvcUpload\src\test\resources
2025-12-20 11:00:38,881 [Worker-60] WARN  o.e.m.c.i.embedder.EclipseLogger - Using platform encoding (Cp1252 actually) to copy filtered resources, i.e. build is platform dependent!
2025-12-20 11:00:38,881 [Worker-60] INFO  o.e.m.c.i.embedder.EclipseLogger - Copying 0 resource
2025-12-20 11:00:38,881 [Worker-60] WARN  o.e.m.c.i.embedder.EclipseLogger - Using platform encoding (Cp1252 actually) to copy filtered resources, i.e. build is platform dependent!
2025-12-20 11:00:38,881 [Worker-60] INFO  o.e.m.c.i.embedder.EclipseLogger - skip non existing resourceDirectory D:\Code\SpringMVC\MvcUpload\src\test\resources
2025-12-20 11:23:01,179 [Worker-70] WARN  o.e.m.c.i.embedder.EclipseLogger - Using platform encoding (Cp1252 actually) to copy filtered resources, i.e. build is platform dependent!
2025-12-20 11:23:01,195 [Worker-70] INFO  o.e.m.c.i.embedder.EclipseLogger - Copying 0 resource
2025-12-20 11:23:01,195 [Worker-70] WARN  o.e.m.c.i.embedder.EclipseLogger - Using platform encoding (Cp1252 actually) to copy filtered resources, i.e. build is platform dependent!
2025-12-20 11:23:01,195 [Worker-70] INFO  o.e.m.c.i.embedder.EclipseLogger - skip non existing resourceDirectory D:\Code\SpringMVC\MvcUpload\src\test\resources
2025-12-20 11:24:46,777 [Worker-71] WARN  o.e.m.c.i.embedder.EclipseLogger - Using platform encoding (Cp1252 actually) to copy filtered resources, i.e. build is platform dependent!
2025-12-20 11:24:46,780 [Worker-71] INFO  o.e.m.c.i.embedder.EclipseLogger - Copying 0 resource
2025-12-20 11:24:46,780 [Worker-71] WARN  o.e.m.c.i.embedder.EclipseLogger - Using platform encoding (Cp1252 actually) to copy filtered resources, i.e. build is platform dependent!
2025-12-20 11:24:46,782 [Worker-71] INFO  o.e.m.c.i.embedder.EclipseLogger - skip non existing resourceDirectory D:\Code\SpringMVC\MvcUpload\src\test\resources
2025-12-20 11:27:02,451 [Worker-66] WARN  o.e.m.c.i.embedder.EclipseLogger - Using platform encoding (Cp1252 actually) to copy filtered resources, i.e. build is platform dependent!
2025-12-20 11:27:02,451 [Worker-66] INFO  o.e.m.c.i.embedder.EclipseLogger - Copying 0 resource
2025-12-20 11:27:02,456 [Worker-66] WARN  o.e.m.c.i.embedder.EclipseLogger - Using platform encoding (Cp1252 actually) to copy filtered resources, i.e. build is platform dependent!
2025-12-20 11:27:02,456 [Worker-66] INFO  o.e.m.c.i.embedder.EclipseLogger - skip non existing resourceDirectory D:\Code\SpringMVC\MvcUpload\src\test\resources
2025-12-20 11:29:13,230 [Worker-74] WARN  o.e.m.c.i.embedder.EclipseLogger - Using platform encoding (Cp1252 actually) to copy filtered resources, i.e. build is platform dependent!
2025-12-20 11:29:13,230 [Worker-74] INFO  o.e.m.c.i.embedder.EclipseLogger - Copying 0 resource
2025-12-20 11:29:13,230 [Worker-74] WARN  o.e.m.c.i.embedder.EclipseLogger - Using platform encoding (Cp1252 actually) to copy filtered resources, i.e. build is platform dependent!
2025-12-20 11:29:13,241 [Worker-74] INFO  o.e.m.c.i.embedder.EclipseLogger - skip non existing resourceDirectory D:\Code\SpringMVC\MvcUpload\src\test\resources
2025-12-20 11:45:24,794 [Worker-70] WARN  o.e.m.c.i.embedder.EclipseLogger - Using platform encoding (Cp1252 actually) to copy filtered resources, i.e. build is platform dependent!
2025-12-20 11:45:24,794 [Worker-70] INFO  o.e.m.c.i.embedder.EclipseLogger - Copying 0 resource
2025-12-20 11:45:24,802 [Worker-70] WARN  o.e.m.c.i.embedder.EclipseLogger - Using platform encoding (Cp1252 actually) to copy filtered resources, i.e. build is platform dependent!
2025-12-20 11:45:24,802 [Worker-70] INFO  o.e.m.c.i.embedder.EclipseLogger - skip non existing resourceDirectory D:\Code\SpringMVC\MvcUpload\src\test\resources
2025-12-20 17:52:39,296 [Worker-11] WARN  o.e.m.c.i.embedder.EclipseLogger - Using platform encoding (Cp1252 actually) to copy filtered resources, i.e. build is platform dependent!
2025-12-20 17:52:39,315 [Worker-11] INFO  o.e.m.c.i.embedder.EclipseLogger - Copying 0 resource
2025-12-20 17:52:39,318 [Worker-11] WARN  o.e.m.c.i.embedder.EclipseLogger - Using platform encoding (Cp1252 actually) to copy filtered resources, i.e. build is platform dependent!
2025-12-20 17:52:39,319 [Worker-11] INFO  o.e.m.c.i.embedder.EclipseLogger - skip non existing resourceDirectory D:\Code\SpringMVC\MVCData\src\test\resources
2025-12-20 17:52:43,263 [Worker-16] WARN  o.e.m.c.i.embedder.EclipseLogger - Using platform encoding (Cp1252 actually) to copy filtered resources, i.e. build is platform dependent!
2025-12-20 17:52:43,268 [Worker-16] INFO  o.e.m.c.i.embedder.EclipseLogger - Copying 0 resource
2025-12-20 17:52:43,271 [Worker-16] WARN  o.e.m.c.i.embedder.EclipseLogger - Using platform encoding (Cp1252 actually) to copy filtered resources, i.e. build is platform dependent!
2025-12-20 17:52:43,274 [Worker-16] INFO  o.e.m.c.i.embedder.EclipseLogger - skip non existing resourceDirectory D:\Code\SpringMVC\MVCproject\src\test\resources
2025-12-20 17:52:43,984 [Worker-16] WARN  o.e.m.c.i.embedder.EclipseLogger - Using platform encoding (Cp1252 actually) to copy filtered resources, i.e. build is platform dependent!
2025-12-20 17:52:43,987 [Worker-16] INFO  o.e.m.c.i.embedder.EclipseLogger - Copying 0 resource
2025-12-20 17:52:43,991 [Worker-16] WARN  o.e.m.c.i.embedder.EclipseLogger - Using platform encoding (Cp1252 actually) to copy filtered resources, i.e. build is platform dependent!
2025-12-20 17:52:43,993 [Worker-16] INFO  o.e.m.c.i.embedder.EclipseLogger - skip non existing resourceDirectory D:\Code\SpringMVC\MvcException\src\test\resources
2025-12-20 17:52:45,852 [Worker-16] WARN  o.e.m.c.i.embedder.EclipseLogger - Using platform encoding (Cp1252 actually) to copy filtered resources, i.e. build is platform dependent!
2025-12-20 17:52:45,856 [Worker-16] INFO  o.e.m.c.i.embedder.EclipseLogger - Copying 0 resource
2025-12-20 17:52:45,859 [Worker-16] WARN  o.e.m.c.i.embedder.EclipseLogger - Using platform encoding (Cp1252 actually) to copy filtered resources, i.e. build is platform dependent!
2025-12-20 17:52:45,864 [Worker-16] INFO  o.e.m.c.i.embedder.EclipseLogger - skip non existing resourceDirectory D:\Code\SpringMVC\MvcUpload\src\test\resources
2025-12-20 18:33:12,069 [Worker-0] WARN  o.e.m.c.i.embedder.EclipseLogger - Using platform encoding (Cp1252 actually) to copy filtered resources, i.e. build is platform dependent!
2025-12-20 18:33:12,077 [Worker-0] INFO  o.e.m.c.i.embedder.EclipseLogger - Copying 0 resource
2025-12-20 18:33:12,079 [Worker-0] WARN  o.e.m.c.i.embedder.EclipseLogger - Using platform encoding (Cp1252 actually) to copy filtered resources, i.e. build is platform dependent!
2025-12-20 18:33:12,079 [Worker-0] INFO  o.e.m.c.i.embedder.EclipseLogger - skip non existing resourceDirectory D:\Code\SpringMVC\MVCData\src\test\resources
2025-12-20 18:33:14,435 [Worker-17] WARN  o.e.m.c.i.embedder.EclipseLogger - Using platform encoding (Cp1252 actually) to copy filtered resources, i.e. build is platform dependent!
2025-12-20 18:33:14,437 [Worker-17] INFO  o.e.m.c.i.embedder.EclipseLogger - Copying 0 resource
2025-12-20 18:33:14,439 [Worker-17] WARN  o.e.m.c.i.embedder.EclipseLogger - Using platform encoding (Cp1252 actually) to copy filtered resources, i.e. build is platform dependent!
2025-12-20 18:33:14,440 [Worker-17] INFO  o.e.m.c.i.embedder.EclipseLogger - skip non existing resourceDirectory D:\Code\SpringMVC\MVCproject\src\test\resources
2025-12-20 18:33:15,054 [Worker-17] WARN  o.e.m.c.i.embedder.EclipseLogger - Using platform encoding (Cp1252 actually) to copy filtered resources, i.e. build is platform dependent!
2025-12-20 18:33:15,055 [Worker-17] INFO  o.e.m.c.i.embedder.EclipseLogger - Copying 0 resource
2025-12-20 18:33:15,056 [Worker-17] WARN  o.e.m.c.i.embedder.EclipseLogger - Using platform encoding (Cp1252 actually) to copy filtered resources, i.e. build is platform dependent!
2025-12-20 18:33:15,064 [Worker-17] INFO  o.e.m.c.i.embedder.EclipseLogger - skip non existing resourceDirectory D:\Code\SpringMVC\MvcException\src\test\resources
2025-12-20 18:33:16,154 [Worker-17] WARN  o.e.m.c.i.embedder.EclipseLogger - Using platform encoding (Cp1252 actually) to copy filtered resources, i.e. build is platform dependent!
2025-12-20 18:33:16,156 [Worker-17] INFO  o.e.m.c.i.embedder.EclipseLogger - Copying 0 resource
2025-12-20 18:33:16,159 [Worker-17] WARN  o.e.m.c.i.embedder.EclipseLogger - Using platform encoding (Cp1252 actually) to copy filtered resources, i.e. build is platform dependent!
2025-12-20 18:33:16,160 [Worker-17] INFO  o.e.m.c.i.embedder.EclipseLogger - skip non existing resourceDirectory D:\Code\SpringMVC\MvcUpload\src\test\resources
2025-12-20 18:34:29,764 [Worker-19] WARN  o.e.r.models.ModelRepository - Failed to download org.eclipse.recommenders:index::zip:0.0.0
org.eclipse.aether.resolution.ArtifactResolutionException: Could not transfer artifact org.eclipse.recommenders:index:zip:0.0.0-SNAPSHOT from/to models (http://download.eclipse.org/recommenders/models/neon/): download.eclipse.org
	at org.eclipse.aether.internal.impl.DefaultArtifactResolver.resolve(DefaultArtifactResolver.java:444) ~[na:na]
	at org.eclipse.aether.internal.impl.DefaultArtifactResolver.resolveArtifacts(DefaultArtifactResolver.java:246) ~[na:na]
	at org.eclipse.aether.internal.impl.DefaultArtifactResolver.resolveArtifact(DefaultArtifactResolver.java:223) ~[na:na]
	at org.eclipse.aether.internal.impl.DefaultRepositorySystem.resolveArtifact(DefaultRepositorySystem.java:294) ~[na:na]
	at org.eclipse.recommenders.models.ModelRepository.resolveInternal(ModelRepository.java:193) [org.eclipse.recommenders.models_2.4.6.v20170307-1041.jar:na]
	at org.eclipse.recommenders.models.ModelRepository.resolve(ModelRepository.java:172) [org.eclipse.recommenders.models_2.4.6.v20170307-1041.jar:na]
	at org.eclipse.recommenders.internal.models.rcp.EclipseModelRepository.resolve(EclipseModelRepository.java:169) [org.eclipse.recommenders.models.rcp_2.4.6.v20170307-1041.jar:na]
	at org.eclipse.recommenders.internal.models.rcp.DownloadModelArchiveJob.run(DownloadModelArchiveJob.java:76) [org.eclipse.recommenders.models.rcp_2.4.6.v20170307-1041.jar:na]
	at org.eclipse.core.internal.jobs.Worker.run(Worker.java:55) [org.eclipse.core.jobs_3.8.0.v20160509-0411.jar:na]
Caused by: org.eclipse.aether.transfer.ArtifactTransferException: Could not transfer artifact org.eclipse.recommenders:index:zip:0.0.0-SNAPSHOT from/to models (http://download.eclipse.org/recommenders/models/neon/): download.eclipse.org
	at org.eclipse.aether.connector.basic.ArtifactTransportListener.transferFailed(ArtifactTransportListener.java:43) ~[org.eclipse.aether.connector.basic_1.0.1.v20141111.jar:na]
	at org.eclipse.aether.connector.basic.BasicRepositoryConnector$TaskRunner.run(BasicRepositoryConnector.java:355) ~[org.eclipse.aether.connector.basic_1.0.1.v20141111.jar:na]
	at org.eclipse.aether.util.concurrency.RunnableErrorForwarder$1.run(RunnableErrorForwarder.java:67) ~[na:na]
	at org.eclipse.aether.connector.basic.BasicRepositoryConnector$DirectExecutor.execute(BasicRepositoryConnector.java:581) ~[org.eclipse.aether.connector.basic_1.0.1.v20141111.jar:na]
	at org.eclipse.aether.connector.basic.BasicRepositoryConnector.get(BasicRepositoryConnector.java:249) ~[org.eclipse.aether.connector.basic_1.0.1.v20141111.jar:na]
	at org.eclipse.aether.internal.impl.DefaultArtifactResolver.performDownloads(DefaultArtifactResolver.java:520) ~[na:na]
	at org.eclipse.aether.internal.impl.DefaultArtifactResolver.resolve(DefaultArtifactResolver.java:421) ~[na:na]
	... 8 common frames omitted
Caused by: java.net.UnknownHostException: download.eclipse.org
	at java.net.InetAddress.getAllByName0(Unknown Source) ~[na:1.8.0_461]
	at java.net.InetAddress.getAllByName(Unknown Source) ~[na:1.8.0_461]
	at java.net.InetAddress.getAllByName(Unknown Source) ~[na:1.8.0_461]
	at org.apache.http.impl.conn.SystemDefaultDnsResolver.resolve(SystemDefaultDnsResolver.java:44) ~[na:na]
	at org.apache.http.impl.conn.DefaultClientConnectionOperator.resolveHostname(DefaultClientConnectionOperator.java:259) ~[na:na]
	at org.apache.http.impl.conn.DefaultClientConnectionOperator.openConnection(DefaultClientConnectionOperator.java:159) ~[na:na]
	at org.apache.http.impl.conn.ManagedClientConnectionImpl.open(ManagedClientConnectionImpl.java:304) ~[na:na]
	at org.apache.http.impl.client.DefaultRequestDirector.tryConnect(DefaultRequestDirector.java:611) ~[na:na]
	at org.apache.http.impl.client.DefaultRequestDirector.execute(DefaultRequestDirector.java:446) ~[na:na]
	at org.apache.http.impl.client.AbstractHttpClient.doExecute(AbstractHttpClient.java:863) ~[na:na]
	at org.apache.http.impl.client.CloseableHttpClient.execute(CloseableHttpClient.java:72) ~[na:na]
	at org.apache.http.impl.client.CloseableHttpClient.execute(CloseableHttpClient.java:57) ~[na:na]
	at org.apache.http.impl.client.DecompressingHttpClient.execute(DecompressingHttpClient.java:158) ~[na:na]
	at org.eclipse.aether.transport.http.HttpTransporter.execute(HttpTransporter.java:287) ~[org.eclipse.aether.transport.http_1.0.1.v20141111.jar:na]
	at org.eclipse.aether.transport.http.HttpTransporter.implGet(HttpTransporter.java:243) ~[org.eclipse.aether.transport.http_1.0.1.v20141111.jar:na]
	at org.eclipse.aether.spi.connector.transport.AbstractTransporter.get(AbstractTransporter.java:59) ~[org.eclipse.aether.spi_1.0.1.v20141111.jar:na]
	at org.eclipse.aether.connector.basic.BasicRepositoryConnector$GetTaskRunner.runTask(BasicRepositoryConnector.java:447) ~[org.eclipse.aether.connector.basic_1.0.1.v20141111.jar:na]
	at org.eclipse.aether.connector.basic.BasicRepositoryConnector$TaskRunner.run(BasicRepositoryConnector.java:350) ~[org.eclipse.aether.connector.basic_1.0.1.v20141111.jar:na]
	... 13 common frames omitted
2025-12-20 18:40:29,593 [Worker-21] WARN  o.e.m.c.i.embedder.EclipseLogger - Using platform encoding (Cp1252 actually) to copy filtered resources, i.e. build is platform dependent!
2025-12-20 18:40:30,669 [Worker-21] INFO  o.e.m.c.i.embedder.EclipseLogger - Copying 0 resource
2025-12-20 18:40:30,669 [Worker-21] WARN  o.e.m.c.i.embedder.EclipseLogger - Using platform encoding (Cp1252 actually) to copy filtered resources, i.e. build is platform dependent!
2025-12-20 18:40:30,669 [Worker-21] INFO  o.e.m.c.i.embedder.EclipseLogger - skip non existing resourceDirectory D:\Code\SpringMVC\MvcUpload\src\test\resources
2025-12-24 21:26:19,123 [Worker-8] WARN  o.e.m.c.i.embedder.EclipseLogger - Using platform encoding (Cp1252 actually) to copy filtered resources, i.e. build is platform dependent!
2025-12-24 21:26:19,155 [Worker-8] INFO  o.e.m.c.i.embedder.EclipseLogger - Copying 0 resource
2025-12-24 21:26:19,166 [Worker-8] WARN  o.e.m.c.i.embedder.EclipseLogger - Using platform encoding (Cp1252 actually) to copy filtered resources, i.e. build is platform dependent!
2025-12-24 21:26:19,170 [Worker-8] INFO  o.e.m.c.i.embedder.EclipseLogger - skip non existing resourceDirectory D:\Code\SpringMVC\MVCData\src\test\resources
2025-12-24 21:26:27,752 [Worker-1] WARN  o.e.m.c.i.embedder.EclipseLogger - Using platform encoding (Cp1252 actually) to copy filtered resources, i.e. build is platform dependent!
2025-12-24 21:26:27,752 [Worker-1] INFO  o.e.m.c.i.embedder.EclipseLogger - Copying 0 resource
2025-12-24 21:26:27,761 [Worker-1] WARN  o.e.m.c.i.embedder.EclipseLogger - Using platform encoding (Cp1252 actually) to copy filtered resources, i.e. build is platform dependent!
2025-12-24 21:26:27,765 [Worker-1] INFO  o.e.m.c.i.embedder.EclipseLogger - skip non existing resourceDirectory D:\Code\SpringMVC\MVCproject\src\test\resources
2025-12-24 21:26:28,373 [Worker-1] WARN  o.e.m.c.i.embedder.EclipseLogger - Using platform encoding (Cp1252 actually) to copy filtered resources, i.e. build is platform dependent!
2025-12-24 21:26:28,387 [Worker-1] INFO  o.e.m.c.i.embedder.EclipseLogger - Copying 0 resource
2025-12-24 21:26:28,387 [Worker-1] WARN  o.e.m.c.i.embedder.EclipseLogger - Using platform encoding (Cp1252 actually) to copy filtered resources, i.e. build is platform dependent!
2025-12-24 21:26:28,387 [Worker-1] INFO  o.e.m.c.i.embedder.EclipseLogger - skip non existing resourceDirectory D:\Code\SpringMVC\MvcException\src\test\resources
2025-12-24 21:26:30,499 [Worker-1] WARN  o.e.m.c.i.embedder.EclipseLogger - Using platform encoding (Cp1252 actually) to copy filtered resources, i.e. build is platform dependent!
2025-12-24 21:26:30,501 [Worker-1] INFO  o.e.m.c.i.embedder.EclipseLogger - Copying 0 resource
2025-12-24 21:26:30,505 [Worker-1] WARN  o.e.m.c.i.embedder.EclipseLogger - Using platform encoding (Cp1252 actually) to copy filtered resources, i.e. build is platform dependent!
2025-12-24 21:26:30,507 [Worker-1] INFO  o.e.m.c.i.embedder.EclipseLogger - skip non existing resourceDirectory D:\Code\SpringMVC\MvcUpload\src\test\resources
2025-12-24 21:37:52,887 [Worker-26] WARN  o.e.r.models.ModelRepository - Failed to download org.eclipse.recommenders:index::zip:0.0.0
org.eclipse.aether.resolution.ArtifactResolutionException: Could not find artifact org.eclipse.recommenders:index:zip:0.0.0-SNAPSHOT in models (http://download.eclipse.org/recommenders/models/neon/)
	at org.eclipse.aether.internal.impl.DefaultArtifactResolver.resolve(DefaultArtifactResolver.java:444) ~[na:na]
	at org.eclipse.aether.internal.impl.DefaultArtifactResolver.resolveArtifacts(DefaultArtifactResolver.java:246) ~[na:na]
	at org.eclipse.aether.internal.impl.DefaultArtifactResolver.resolveArtifact(DefaultArtifactResolver.java:223) ~[na:na]
	at org.eclipse.aether.internal.impl.DefaultRepositorySystem.resolveArtifact(DefaultRepositorySystem.java:294) ~[na:na]
	at org.eclipse.recommenders.models.ModelRepository.resolveInternal(ModelRepository.java:193) [org.eclipse.recommenders.models_2.4.6.v20170307-1041.jar:na]
	at org.eclipse.recommenders.models.ModelRepository.resolve(ModelRepository.java:172) [org.eclipse.recommenders.models_2.4.6.v20170307-1041.jar:na]
	at org.eclipse.recommenders.internal.models.rcp.EclipseModelRepository.resolve(EclipseModelRepository.java:169) [org.eclipse.recommenders.models.rcp_2.4.6.v20170307-1041.jar:na]
	at org.eclipse.recommenders.internal.models.rcp.DownloadModelArchiveJob.run(DownloadModelArchiveJob.java:76) [org.eclipse.recommenders.models.rcp_2.4.6.v20170307-1041.jar:na]
	at org.eclipse.core.internal.jobs.Worker.run(Worker.java:55) [org.eclipse.core.jobs_3.8.0.v20160509-0411.jar:na]
Caused by: org.eclipse.aether.transfer.ArtifactNotFoundException: Could not find artifact org.eclipse.recommenders:index:zip:0.0.0-SNAPSHOT in models (http://download.eclipse.org/recommenders/models/neon/)
	at org.eclipse.aether.connector.basic.ArtifactTransportListener.transferFailed(ArtifactTransportListener.java:39) ~[org.eclipse.aether.connector.basic_1.0.1.v20141111.jar:na]
	at org.eclipse.aether.connector.basic.BasicRepositoryConnector$TaskRunner.run(BasicRepositoryConnector.java:355) ~[org.eclipse.aether.connector.basic_1.0.1.v20141111.jar:na]
	at org.eclipse.aether.util.concurrency.RunnableErrorForwarder$1.run(RunnableErrorForwarder.java:67) ~[na:na]
	at org.eclipse.aether.connector.basic.BasicRepositoryConnector$DirectExecutor.execute(BasicRepositoryConnector.java:581) ~[org.eclipse.aether.connector.basic_1.0.1.v20141111.jar:na]
	at org.eclipse.aether.connector.basic.BasicRepositoryConnector.get(BasicRepositoryConnector.java:249) ~[org.eclipse.aether.connector.basic_1.0.1.v20141111.jar:na]
	at org.eclipse.aether.internal.impl.DefaultArtifactResolver.performDownloads(DefaultArtifactResolver.java:520) ~[na:na]
	at org.eclipse.aether.internal.impl.DefaultArtifactResolver.resolve(DefaultArtifactResolver.java:421) ~[na:na]
	... 8 common frames omitted
2025-12-24 21:41:47,416 [Worker-24] WARN  o.e.m.c.i.embedder.EclipseLogger - Using platform encoding (Cp1252 actually) to copy filtered resources, i.e. build is platform dependent!
2025-12-24 21:41:47,434 [Worker-24] INFO  o.e.m.c.i.embedder.EclipseLogger - Copying 0 resource
2025-12-24 21:41:47,436 [Worker-24] WARN  o.e.m.c.i.embedder.EclipseLogger - Using platform encoding (Cp1252 actually) to copy filtered resources, i.e. build is platform dependent!
2025-12-24 21:41:47,436 [Worker-24] INFO  o.e.m.c.i.embedder.EclipseLogger - skip non existing resourceDirectory D:\Code\SpringMVC\MvcUpload\src\test\resources
2025-12-24 21:57:00,361 [Worker-30] WARN  o.e.m.c.i.embedder.EclipseLogger - Using platform encoding (Cp1252 actually) to copy filtered resources, i.e. build is platform dependent!
2025-12-24 21:57:00,363 [Worker-30] INFO  o.e.m.c.i.embedder.EclipseLogger - Copying 0 resource
2025-12-24 21:57:00,363 [Worker-30] WARN  o.e.m.c.i.embedder.EclipseLogger - Using platform encoding (Cp1252 actually) to copy filtered resources, i.e. build is platform dependent!
2025-12-24 21:57:00,371 [Worker-30] INFO  o.e.m.c.i.embedder.EclipseLogger - skip non existing resourceDirectory D:\Code\SpringMVC\MvcUpload\src\test\resources
2025-12-24 21:59:41,232 [Worker-36] WARN  o.e.m.c.i.embedder.EclipseLogger - Using platform encoding (Cp1252 actually) to copy filtered resources, i.e. build is platform dependent!
2025-12-24 21:59:41,233 [Worker-36] INFO  o.e.m.c.i.embedder.EclipseLogger - Copying 0 resource
2025-12-24 21:59:41,234 [Worker-36] WARN  o.e.m.c.i.embedder.EclipseLogger - Using platform encoding (Cp1252 actually) to copy filtered resources, i.e. build is platform dependent!
2025-12-24 21:59:41,235 [Worker-36] INFO  o.e.m.c.i.embedder.EclipseLogger - skip non existing resourceDirectory D:\Code\SpringMVC\MvcUpload\src\test\resources
2025-12-24 22:06:50,915 [Worker-40] WARN  o.e.m.c.i.embedder.EclipseLogger - Using platform encoding (Cp1252 actually) to copy filtered resources, i.e. build is platform dependent!
2025-12-24 22:06:50,916 [Worker-40] INFO  o.e.m.c.i.embedder.EclipseLogger - Copying 0 resource
2025-12-24 22:06:50,917 [Worker-40] WARN  o.e.m.c.i.embedder.EclipseLogger - Using platform encoding (Cp1252 actually) to copy filtered resources, i.e. build is platform dependent!
2025-12-24 22:06:50,918 [Worker-40] INFO  o.e.m.c.i.embedder.EclipseLogger - skip non existing resourceDirectory D:\Code\SpringMVC\MvcUpload\src\test\resources
2025-12-24 22:09:23,458 [Worker-39] WARN  o.e.m.c.i.embedder.EclipseLogger - Using platform encoding (Cp1252 actually) to copy filtered resources, i.e. build is platform dependent!
2025-12-24 22:09:23,459 [Worker-39] INFO  o.e.m.c.i.embedder.EclipseLogger - Copying 0 resource
2025-12-24 22:09:23,459 [Worker-39] WARN  o.e.m.c.i.embedder.EclipseLogger - Using platform encoding (Cp1252 actually) to copy filtered resources, i.e. build is platform dependent!
2025-12-24 22:09:23,460 [Worker-39] INFO  o.e.m.c.i.embedder.EclipseLogger - skip non existing resourceDirectory D:\Code\SpringMVC\MvcUpload\src\test\resources
2025-12-24 22:13:18,195 [Worker-35] WARN  o.e.m.c.i.embedder.EclipseLogger - Using platform encoding (Cp1252 actually) to copy filtered resources, i.e. build is platform dependent!
2025-12-24 22:13:18,195 [Worker-35] INFO  o.e.m.c.i.embedder.EclipseLogger - Copying 0 resource
2025-12-24 22:13:18,196 [Worker-35] WARN  o.e.m.c.i.embedder.EclipseLogger - Using platform encoding (Cp1252 actually) to copy filtered resources, i.e. build is platform dependent!
2025-12-24 22:13:18,197 [Worker-35] INFO  o.e.m.c.i.embedder.EclipseLogger - skip non existing resourceDirectory D:\Code\SpringMVC\MvcUpload\src\test\resources
2025-12-24 22:14:18,034 [Worker-35] WARN  o.e.m.c.i.embedder.EclipseLogger - Using platform encoding (Cp1252 actually) to copy filtered resources, i.e. build is platform dependent!
2025-12-24 22:14:18,034 [Worker-35] INFO  o.e.m.c.i.embedder.EclipseLogger - Copying 0 resource
2025-12-24 22:14:18,035 [Worker-35] WARN  o.e.m.c.i.embedder.EclipseLogger - Using platform encoding (Cp1252 actually) to copy filtered resources, i.e. build is platform dependent!
2025-12-24 22:14:18,036 [Worker-35] INFO  o.e.m.c.i.embedder.EclipseLogger - skip non existing resourceDirectory D:\Code\SpringMVC\MvcUpload\src\test\resources
2025-12-24 22:15:17,795 [Worker-42] WARN  o.e.m.c.i.embedder.EclipseLogger - Using platform encoding (Cp1252 actually) to copy filtered resources, i.e. build is platform dependent!
2025-12-24 22:15:17,795 [Worker-42] INFO  o.e.m.c.i.embedder.EclipseLogger - Copying 0 resource
2025-12-24 22:15:17,796 [Worker-42] WARN  o.e.m.c.i.embedder.EclipseLogger - Using platform encoding (Cp1252 actually) to copy filtered resources, i.e. build is platform dependent!
2025-12-24 22:15:17,805 [Worker-42] INFO  o.e.m.c.i.embedder.EclipseLogger - skip non existing resourceDirectory D:\Code\SpringMVC\MvcUpload\src\test\resources
2025-12-25 23:42:27,183 [Worker-21] WARN  o.e.m.c.i.embedder.EclipseLogger - Using platform encoding (Cp1252 actually) to copy filtered resources, i.e. build is platform dependent!
2025-12-25 23:42:27,198 [Worker-21] INFO  o.e.m.c.i.embedder.EclipseLogger - Copying 0 resource
2025-12-25 23:42:27,202 [Worker-21] WARN  o.e.m.c.i.embedder.EclipseLogger - Using platform encoding (Cp1252 actually) to copy filtered resources, i.e. build is platform dependent!
2025-12-25 23:42:27,203 [Worker-21] INFO  o.e.m.c.i.embedder.EclipseLogger - skip non existing resourceDirectory D:\Code\SpringMVC\MVCData\src\test\resources
2025-12-25 23:42:30,881 [Worker-2] WARN  o.e.m.c.i.embedder.EclipseLogger - Using platform encoding (Cp1252 actually) to copy filtered resources, i.e. build is platform dependent!
2025-12-25 23:42:30,884 [Worker-2] INFO  o.e.m.c.i.embedder.EclipseLogger - Copying 0 resource
2025-12-25 23:42:30,885 [Worker-2] WARN  o.e.m.c.i.embedder.EclipseLogger - Using platform encoding (Cp1252 actually) to copy filtered resources, i.e. build is platform dependent!
2025-12-25 23:42:30,886 [Worker-2] INFO  o.e.m.c.i.embedder.EclipseLogger - skip non existing resourceDirectory D:\Code\SpringMVC\MVCproject\src\test\resources
2025-12-25 23:42:31,063 [Worker-2] WARN  o.e.m.c.i.embedder.EclipseLogger - Using platform encoding (Cp1252 actually) to copy filtered resources, i.e. build is platform dependent!
2025-12-25 23:42:31,064 [Worker-2] INFO  o.e.m.c.i.embedder.EclipseLogger - Copying 0 resource
2025-12-25 23:42:31,065 [Worker-2] WARN  o.e.m.c.i.embedder.EclipseLogger - Using platform encoding (Cp1252 actually) to copy filtered resources, i.e. build is platform dependent!
2025-12-25 23:42:31,066 [Worker-2] INFO  o.e.m.c.i.embedder.EclipseLogger - skip non existing resourceDirectory D:\Code\SpringMVC\MvcException\src\test\resources
2025-12-25 23:42:31,719 [Worker-2] WARN  o.e.m.c.i.embedder.EclipseLogger - Using platform encoding (Cp1252 actually) to copy filtered resources, i.e. build is platform dependent!
2025-12-25 23:42:31,720 [Worker-2] INFO  o.e.m.c.i.embedder.EclipseLogger - Copying 0 resource
2025-12-25 23:42:31,722 [Worker-2] WARN  o.e.m.c.i.embedder.EclipseLogger - Using platform encoding (Cp1252 actually) to copy filtered resources, i.e. build is platform dependent!
2025-12-25 23:42:31,723 [Worker-2] INFO  o.e.m.c.i.embedder.EclipseLogger - skip non existing resourceDirectory D:\Code\SpringMVC\MvcUpload\src\test\resources
2025-12-26 00:01:25,343 [Worker-3] WARN  o.e.r.models.ModelRepository - Failed to download org.eclipse.recommenders:index::zip:0.0.0
org.eclipse.aether.resolution.ArtifactResolutionException: Could not find artifact org.eclipse.recommenders:index:zip:0.0.0-SNAPSHOT in models (http://download.eclipse.org/recommenders/models/neon/)
	at org.eclipse.aether.internal.impl.DefaultArtifactResolver.resolve(DefaultArtifactResolver.java:444) ~[na:na]
	at org.eclipse.aether.internal.impl.DefaultArtifactResolver.resolveArtifacts(DefaultArtifactResolver.java:246) ~[na:na]
	at org.eclipse.aether.internal.impl.DefaultArtifactResolver.resolveArtifact(DefaultArtifactResolver.java:223) ~[na:na]
	at org.eclipse.aether.internal.impl.DefaultRepositorySystem.resolveArtifact(DefaultRepositorySystem.java:294) ~[na:na]
	at org.eclipse.recommenders.models.ModelRepository.resolveInternal(ModelRepository.java:193) [org.eclipse.recommenders.models_2.4.6.v20170307-1041.jar:na]
	at org.eclipse.recommenders.models.ModelRepository.resolve(ModelRepository.java:172) [org.eclipse.recommenders.models_2.4.6.v20170307-1041.jar:na]
	at org.eclipse.recommenders.internal.models.rcp.EclipseModelRepository.resolve(EclipseModelRepository.java:169) [org.eclipse.recommenders.models.rcp_2.4.6.v20170307-1041.jar:na]
	at org.eclipse.recommenders.internal.models.rcp.DownloadModelArchiveJob.run(DownloadModelArchiveJob.java:76) [org.eclipse.recommenders.models.rcp_2.4.6.v20170307-1041.jar:na]
	at org.eclipse.core.internal.jobs.Worker.run(Worker.java:55) [org.eclipse.core.jobs_3.8.0.v20160509-0411.jar:na]
Caused by: org.eclipse.aether.transfer.ArtifactNotFoundException: Could not find artifact org.eclipse.recommenders:index:zip:0.0.0-SNAPSHOT in models (http://download.eclipse.org/recommenders/models/neon/)
	at org.eclipse.aether.connector.basic.ArtifactTransportListener.transferFailed(ArtifactTransportListener.java:39) ~[org.eclipse.aether.connector.basic_1.0.1.v20141111.jar:na]
	at org.eclipse.aether.connector.basic.BasicRepositoryConnector$TaskRunner.run(BasicRepositoryConnector.java:355) ~[org.eclipse.aether.connector.basic_1.0.1.v20141111.jar:na]
	at org.eclipse.aether.util.concurrency.RunnableErrorForwarder$1.run(RunnableErrorForwarder.java:67) ~[na:na]
	at org.eclipse.aether.connector.basic.BasicRepositoryConnector$DirectExecutor.execute(BasicRepositoryConnector.java:581) ~[org.eclipse.aether.connector.basic_1.0.1.v20141111.jar:na]
	at org.eclipse.aether.connector.basic.BasicRepositoryConnector.get(BasicRepositoryConnector.java:249) ~[org.eclipse.aether.connector.basic_1.0.1.v20141111.jar:na]
	at org.eclipse.aether.internal.impl.DefaultArtifactResolver.performDownloads(DefaultArtifactResolver.java:520) ~[na:na]
	at org.eclipse.aether.internal.impl.DefaultArtifactResolver.resolve(DefaultArtifactResolver.java:421) ~[na:na]
	... 8 common frames omitted
2025-12-26 00:10:55,178 [Worker-31] WARN  o.e.m.c.i.embedder.EclipseLogger - Using platform encoding (Cp1252 actually) to copy filtered resources, i.e. build is platform dependent!
2025-12-26 00:10:55,185 [Worker-31] INFO  o.e.m.c.i.embedder.EclipseLogger - Copying 0 resource
2025-12-26 00:10:55,185 [Worker-31] WARN  o.e.m.c.i.embedder.EclipseLogger - Using platform encoding (Cp1252 actually) to copy filtered resources, i.e. build is platform dependent!
2025-12-26 00:10:55,185 [Worker-31] INFO  o.e.m.c.i.embedder.EclipseLogger - skip non existing resourceDirectory D:\Code\SpringMVC\MvcUpload\src\test\resources
2025-12-26 00:12:03,890 [Worker-3] WARN  o.e.m.c.i.embedder.EclipseLogger - Using platform encoding (Cp1252 actually) to copy filtered resources, i.e. build is platform dependent!
2025-12-26 00:12:03,895 [Worker-3] INFO  o.e.m.c.i.embedder.EclipseLogger - Copying 0 resource
2025-12-26 00:12:03,895 [Worker-3] WARN  o.e.m.c.i.embedder.EclipseLogger - Using platform encoding (Cp1252 actually) to copy filtered resources, i.e. build is platform dependent!
2025-12-26 00:12:03,897 [Worker-3] INFO  o.e.m.c.i.embedder.EclipseLogger - skip non existing resourceDirectory D:\Code\SpringMVC\MvcUpload\src\test\resources
2025-12-26 00:13:00,890 [Worker-30] WARN  o.e.m.c.i.embedder.EclipseLogger - Using platform encoding (Cp1252 actually) to copy filtered resources, i.e. build is platform dependent!
2025-12-26 00:13:00,890 [Worker-30] INFO  o.e.m.c.i.embedder.EclipseLogger - Copying 0 resource
2025-12-26 00:13:00,890 [Worker-30] WARN  o.e.m.c.i.embedder.EclipseLogger - Using platform encoding (Cp1252 actually) to copy filtered resources, i.e. build is platform dependent!
2025-12-26 00:13:00,890 [Worker-30] INFO  o.e.m.c.i.embedder.EclipseLogger - skip non existing resourceDirectory D:\Code\SpringMVC\MvcUpload\src\test\resources
2025-12-26 00:29:39,688 [Worker-37] WARN  o.e.m.c.i.embedder.EclipseLogger - Using platform encoding (Cp1252 actually) to copy filtered resources, i.e. build is platform dependent!
2025-12-26 00:29:39,690 [Worker-37] INFO  o.e.m.c.i.embedder.EclipseLogger - Copying 0 resource
2025-12-26 00:29:39,690 [Worker-37] WARN  o.e.m.c.i.embedder.EclipseLogger - Using platform encoding (Cp1252 actually) to copy filtered resources, i.e. build is platform dependent!
2025-12-26 00:29:39,690 [Worker-37] INFO  o.e.m.c.i.embedder.EclipseLogger - skip non existing resourceDirectory D:\Code\SpringMVC\MvcUpload\src\test\resources
2025-12-26 00:43:01,429 [Worker-39] WARN  o.e.m.c.i.embedder.EclipseLogger - Using platform encoding (Cp1252 actually) to copy filtered resources, i.e. build is platform dependent!
2025-12-26 00:43:01,429 [Worker-39] INFO  o.e.m.c.i.embedder.EclipseLogger - Copying 0 resource
2025-12-26 00:43:01,431 [Worker-39] WARN  o.e.m.c.i.embedder.EclipseLogger - Using platform encoding (Cp1252 actually) to copy filtered resources, i.e. build is platform dependent!
2025-12-26 00:43:01,431 [Worker-39] INFO  o.e.m.c.i.embedder.EclipseLogger - skip non existing resourceDirectory D:\Code\SpringMVC\MvcUpload\src\test\resources
2025-12-26 00:43:16,998 [Worker-46] WARN  o.e.m.c.i.embedder.EclipseLogger - Using platform encoding (Cp1252 actually) to copy filtered resources, i.e. build is platform dependent!
2025-12-26 00:43:16,998 [Worker-46] INFO  o.e.m.c.i.embedder.EclipseLogger - Copying 0 resource
2025-12-26 00:43:16,998 [Worker-46] WARN  o.e.m.c.i.embedder.EclipseLogger - Using platform encoding (Cp1252 actually) to copy filtered resources, i.e. build is platform dependent!
2025-12-26 00:43:16,998 [Worker-46] INFO  o.e.m.c.i.embedder.EclipseLogger - skip non existing resourceDirectory D:\Code\SpringMVC\MvcUpload\src\test\resources
2025-12-26 00:47:46,733 [Worker-28] WARN  o.e.m.c.i.embedder.EclipseLogger - Using platform encoding (Cp1252 actually) to copy filtered resources, i.e. build is platform dependent!
2025-12-26 00:47:46,733 [Worker-28] INFO  o.e.m.c.i.embedder.EclipseLogger - Copying 0 resource
2025-12-26 00:47:46,733 [Worker-28] WARN  o.e.m.c.i.embedder.EclipseLogger - Using platform encoding (Cp1252 actually) to copy filtered resources, i.e. build is platform dependent!
2025-12-26 00:47:46,733 [Worker-28] INFO  o.e.m.c.i.embedder.EclipseLogger - skip non existing resourceDirectory D:\Code\SpringMVC\MvcUpload\src\test\resources
2025-12-26 00:49:23,718 [Worker-51] WARN  o.e.m.c.i.embedder.EclipseLogger - Using platform encoding (Cp1252 actually) to copy filtered resources, i.e. build is platform dependent!
2025-12-26 00:49:23,718 [Worker-51] INFO  o.e.m.c.i.embedder.EclipseLogger - Copying 0 resource
2025-12-26 00:49:23,718 [Worker-51] WARN  o.e.m.c.i.embedder.EclipseLogger - Using platform encoding (Cp1252 actually) to copy filtered resources, i.e. build is platform dependent!
2025-12-26 00:49:23,718 [Worker-51] INFO  o.e.m.c.i.embedder.EclipseLogger - skip non existing resourceDirectory D:\Code\SpringMVC\MvcUpload\src\test\resources
2025-12-26 00:50:32,946 [Worker-44] WARN  o.e.m.c.i.embedder.EclipseLogger - Using platform encoding (Cp1252 actually) to copy filtered resources, i.e. build is platform dependent!
2025-12-26 00:50:32,946 [Worker-44] INFO  o.e.m.c.i.embedder.EclipseLogger - Copying 0 resource
2025-12-26 00:50:32,947 [Worker-44] WARN  o.e.m.c.i.embedder.EclipseLogger - Using platform encoding (Cp1252 actually) to copy filtered resources, i.e. build is platform dependent!
2025-12-26 00:50:32,947 [Worker-44] INFO  o.e.m.c.i.embedder.EclipseLogger - skip non existing resourceDirectory D:\Code\SpringMVC\MvcUpload\src\test\resources
2025-12-26 00:50:38,713 [Worker-49] WARN  o.e.m.c.i.embedder.EclipseLogger - Using platform encoding (Cp1252 actually) to copy filtered resources, i.e. build is platform dependent!
2025-12-26 00:50:38,713 [Worker-49] INFO  o.e.m.c.i.embedder.EclipseLogger - Copying 0 resource
2025-12-26 00:50:38,713 [Worker-49] WARN  o.e.m.c.i.embedder.EclipseLogger - Using platform encoding (Cp1252 actually) to copy filtered resources, i.e. build is platform dependent!
2025-12-26 00:50:38,713 [Worker-49] INFO  o.e.m.c.i.embedder.EclipseLogger - skip non existing resourceDirectory D:\Code\SpringMVC\MvcUpload\src\test\resources
2025-12-26 00:53:10,327 [Worker-49] WARN  o.e.m.c.i.embedder.EclipseLogger - Using platform encoding (Cp1252 actually) to copy filtered resources, i.e. build is platform dependent!
2025-12-26 00:53:10,327 [Worker-49] INFO  o.e.m.c.i.embedder.EclipseLogger - Copying 0 resource
2025-12-26 00:53:10,327 [Worker-49] WARN  o.e.m.c.i.embedder.EclipseLogger - Using platform encoding (Cp1252 actually) to copy filtered resources, i.e. build is platform dependent!
2025-12-26 00:53:10,343 [Worker-49] INFO  o.e.m.c.i.embedder.EclipseLogger - skip non existing resourceDirectory D:\Code\SpringMVC\MvcUpload\src\test\resources
2025-12-26 01:14:56,551 [Worker-61] WARN  o.e.m.c.i.embedder.EclipseLogger - Using platform encoding (Cp1252 actually) to copy filtered resources, i.e. build is platform dependent!
2025-12-26 01:14:56,551 [Worker-61] INFO  o.e.m.c.i.embedder.EclipseLogger - Copying 0 resource
2025-12-26 01:14:56,551 [Worker-61] WARN  o.e.m.c.i.embedder.EclipseLogger - Using platform encoding (Cp1252 actually) to copy filtered resources, i.e. build is platform dependent!
2025-12-26 01:14:56,551 [Worker-61] INFO  o.e.m.c.i.embedder.EclipseLogger - skip non existing resourceDirectory D:\Code\SpringMVC\MvcUpload\src\test\resources
2025-12-26 01:15:53,688 [Worker-62] WARN  o.e.m.c.i.embedder.EclipseLogger - Using platform encoding (Cp1252 actually) to copy filtered resources, i.e. build is platform dependent!
2025-12-26 01:15:53,688 [Worker-62] INFO  o.e.m.c.i.embedder.EclipseLogger - Copying 0 resource
2025-12-26 01:15:53,704 [Worker-62] WARN  o.e.m.c.i.embedder.EclipseLogger - Using platform encoding (Cp1252 actually) to copy filtered resources, i.e. build is platform dependent!
2025-12-26 01:15:53,704 [Worker-62] INFO  o.e.m.c.i.embedder.EclipseLogger - skip non existing resourceDirectory D:\Code\SpringMVC\MvcUpload\src\test\resources
2025-12-26 01:16:54,522 [Worker-60] WARN  o.e.m.c.i.embedder.EclipseLogger - Using platform encoding (Cp1252 actually) to copy filtered resources, i.e. build is platform dependent!
2025-12-26 01:16:54,524 [Worker-60] INFO  o.e.m.c.i.embedder.EclipseLogger - Copying 0 resource
2025-12-26 01:16:54,524 [Worker-60] WARN  o.e.m.c.i.embedder.EclipseLogger - Using platform encoding (Cp1252 actually) to copy filtered resources, i.e. build is platform dependent!
2025-12-26 01:16:54,526 [Worker-60] INFO  o.e.m.c.i.embedder.EclipseLogger - skip non existing resourceDirectory D:\Code\SpringMVC\MvcUpload\src\test\resources
2025-12-26 01:17:05,230 [Worker-63] WARN  o.e.m.c.i.embedder.EclipseLogger - Using platform encoding (Cp1252 actually) to copy filtered resources, i.e. build is platform dependent!
2025-12-26 01:17:05,230 [Worker-63] INFO  o.e.m.c.i.embedder.EclipseLogger - Copying 0 resource
2025-12-26 01:17:05,230 [Worker-63] WARN  o.e.m.c.i.embedder.EclipseLogger - Using platform encoding (Cp1252 actually) to copy filtered resources, i.e. build is platform dependent!
2025-12-26 01:17:05,230 [Worker-63] INFO  o.e.m.c.i.embedder.EclipseLogger - skip non existing resourceDirectory D:\Code\SpringMVC\MvcUpload\src\test\resources
2025-12-26 01:23:48,303 [Worker-66] WARN  o.e.m.c.i.embedder.EclipseLogger - Using platform encoding (Cp1252 actually) to copy filtered resources, i.e. build is platform dependent!
2025-12-26 01:23:48,303 [Worker-66] INFO  o.e.m.c.i.embedder.EclipseLogger - Copying 0 resource
2025-12-26 01:23:48,303 [Worker-66] WARN  o.e.m.c.i.embedder.EclipseLogger - Using platform encoding (Cp1252 actually) to copy filtered resources, i.e. build is platform dependent!
2025-12-26 01:23:48,303 [Worker-66] INFO  o.e.m.c.i.embedder.EclipseLogger - skip non existing resourceDirectory D:\Code\SpringMVC\MvcUpload\src\test\resources
2025-12-26 01:32:00,757 [Worker-0] WARN  o.e.m.c.i.embedder.EclipseLogger - Using platform encoding (Cp1252 actually) to copy filtered resources, i.e. build is platform dependent!
2025-12-26 01:32:00,764 [Worker-0] INFO  o.e.m.c.i.embedder.EclipseLogger - Copying 0 resource
2025-12-26 01:32:00,767 [Worker-0] WARN  o.e.m.c.i.embedder.EclipseLogger - Using platform encoding (Cp1252 actually) to copy filtered resources, i.e. build is platform dependent!
2025-12-26 01:32:00,768 [Worker-0] INFO  o.e.m.c.i.embedder.EclipseLogger - skip non existing resourceDirectory D:\Code\SpringMVC\MVCData\src\test\resources
2025-12-26 01:32:01,063 [Worker-0] WARN  o.e.m.c.i.embedder.EclipseLogger - Using platform encoding (Cp1252 actually) to copy filtered resources, i.e. build is platform dependent!
2025-12-26 01:32:01,064 [Worker-0] INFO  o.e.m.c.i.embedder.EclipseLogger - Copying 0 resource
2025-12-26 01:32:01,065 [Worker-0] WARN  o.e.m.c.i.embedder.EclipseLogger - Using platform encoding (Cp1252 actually) to copy filtered resources, i.e. build is platform dependent!
2025-12-26 01:32:01,066 [Worker-0] INFO  o.e.m.c.i.embedder.EclipseLogger - skip non existing resourceDirectory D:\Code\SpringMVC\MVCproject\src\test\resources
2025-12-26 01:32:01,188 [Worker-0] WARN  o.e.m.c.i.embedder.EclipseLogger - Using platform encoding (Cp1252 actually) to copy filtered resources, i.e. build is platform dependent!
2025-12-26 01:32:01,189 [Worker-0] INFO  o.e.m.c.i.embedder.EclipseLogger - Copying 0 resource
2025-12-26 01:32:01,191 [Worker-0] WARN  o.e.m.c.i.embedder.EclipseLogger - Using platform encoding (Cp1252 actually) to copy filtered resources, i.e. build is platform dependent!
2025-12-26 01:32:01,191 [Worker-0] INFO  o.e.m.c.i.embedder.EclipseLogger - skip non existing resourceDirectory D:\Code\SpringMVC\MvcException\src\test\resources
2025-12-26 01:32:01,390 [Worker-0] WARN  o.e.m.c.i.embedder.EclipseLogger - Using platform encoding (Cp1252 actually) to copy filtered resources, i.e. build is platform dependent!
2025-12-26 01:32:01,391 [Worker-0] INFO  o.e.m.c.i.embedder.EclipseLogger - Copying 0 resource
2025-12-26 01:32:01,393 [Worker-0] WARN  o.e.m.c.i.embedder.EclipseLogger - Using platform encoding (Cp1252 actually) to copy filtered resources, i.e. build is platform dependent!
2025-12-26 01:32:01,394 [Worker-0] INFO  o.e.m.c.i.embedder.EclipseLogger - skip non existing resourceDirectory D:\Code\SpringMVC\MvcUpload\src\test\resources
2025-12-26 19:38:33,512 [Worker-10] WARN  o.e.m.c.i.embedder.EclipseLogger - Using platform encoding (Cp1252 actually) to copy filtered resources, i.e. build is platform dependent!
2025-12-26 19:38:33,536 [Worker-10] INFO  o.e.m.c.i.embedder.EclipseLogger - Copying 0 resource
2025-12-26 19:38:33,542 [Worker-10] WARN  o.e.m.c.i.embedder.EclipseLogger - Using platform encoding (Cp1252 actually) to copy filtered resources, i.e. build is platform dependent!
2025-12-26 19:38:33,544 [Worker-10] INFO  o.e.m.c.i.embedder.EclipseLogger - skip non existing resourceDirectory D:\Code\SpringMVC\MVCData\src\test\resources
2025-12-26 19:38:36,475 [Worker-14] WARN  o.e.m.c.i.embedder.EclipseLogger - Using platform encoding (Cp1252 actually) to copy filtered resources, i.e. build is platform dependent!
2025-12-26 19:38:36,478 [Worker-14] INFO  o.e.m.c.i.embedder.EclipseLogger - Copying 0 resource
2025-12-26 19:38:36,481 [Worker-14] WARN  o.e.m.c.i.embedder.EclipseLogger - Using platform encoding (Cp1252 actually) to copy filtered resources, i.e. build is platform dependent!
2025-12-26 19:38:36,482 [Worker-14] INFO  o.e.m.c.i.embedder.EclipseLogger - skip non existing resourceDirectory D:\Code\SpringMVC\MVCproject\src\test\resources
2025-12-26 19:38:36,826 [Worker-14] WARN  o.e.m.c.i.embedder.EclipseLogger - Using platform encoding (Cp1252 actually) to copy filtered resources, i.e. build is platform dependent!
2025-12-26 19:38:36,828 [Worker-14] INFO  o.e.m.c.i.embedder.EclipseLogger - Copying 0 resource
2025-12-26 19:38:36,831 [Worker-14] WARN  o.e.m.c.i.embedder.EclipseLogger - Using platform encoding (Cp1252 actually) to copy filtered resources, i.e. build is platform dependent!
2025-12-26 19:38:36,836 [Worker-14] INFO  o.e.m.c.i.embedder.EclipseLogger - skip non existing resourceDirectory D:\Code\SpringMVC\MvcException\src\test\resources
2025-12-26 19:38:36,954 [Worker-14] WARN  o.e.m.c.i.embedder.EclipseLogger - Using platform encoding (Cp1252 actually) to copy filtered resources, i.e. build is platform dependent!
2025-12-26 19:38:36,956 [Worker-14] INFO  o.e.m.c.i.embedder.EclipseLogger - Copying 0 resource
2025-12-26 19:38:36,959 [Worker-14] WARN  o.e.m.c.i.embedder.EclipseLogger - Using platform encoding (Cp1252 actually) to copy filtered resources, i.e. build is platform dependent!
2025-12-26 19:38:36,961 [Worker-14] INFO  o.e.m.c.i.embedder.EclipseLogger - skip non existing resourceDirectory D:\Code\SpringMVC\MvcUpload\src\test\resources
2025-12-26 19:39:03,179 [Worker-16] WARN  o.e.r.models.ModelRepository - Failed to download org.eclipse.recommenders:index::zip:0.0.0
org.eclipse.aether.resolution.ArtifactResolutionException: Could not find artifact org.eclipse.recommenders:index:zip:0.0.0-SNAPSHOT in models (http://download.eclipse.org/recommenders/models/neon/)
	at org.eclipse.aether.internal.impl.DefaultArtifactResolver.resolve(DefaultArtifactResolver.java:444) ~[na:na]
	at org.eclipse.aether.internal.impl.DefaultArtifactResolver.resolveArtifacts(DefaultArtifactResolver.java:246) ~[na:na]
	at org.eclipse.aether.internal.impl.DefaultArtifactResolver.resolveArtifact(DefaultArtifactResolver.java:223) ~[na:na]
	at org.eclipse.aether.internal.impl.DefaultRepositorySystem.resolveArtifact(DefaultRepositorySystem.java:294) ~[na:na]
	at org.eclipse.recommenders.models.ModelRepository.resolveInternal(ModelRepository.java:193) [org.eclipse.recommenders.models_2.4.6.v20170307-1041.jar:na]
	at org.eclipse.recommenders.models.ModelRepository.resolve(ModelRepository.java:172) [org.eclipse.recommenders.models_2.4.6.v20170307-1041.jar:na]
	at org.eclipse.recommenders.internal.models.rcp.EclipseModelRepository.resolve(EclipseModelRepository.java:169) [org.eclipse.recommenders.models.rcp_2.4.6.v20170307-1041.jar:na]
	at org.eclipse.recommenders.internal.models.rcp.DownloadModelArchiveJob.run(DownloadModelArchiveJob.java:76) [org.eclipse.recommenders.models.rcp_2.4.6.v20170307-1041.jar:na]
	at org.eclipse.core.internal.jobs.Worker.run(Worker.java:55) [org.eclipse.core.jobs_3.8.0.v20160509-0411.jar:na]
Caused by: org.eclipse.aether.transfer.ArtifactNotFoundException: Could not find artifact org.eclipse.recommenders:index:zip:0.0.0-SNAPSHOT in models (http://download.eclipse.org/recommenders/models/neon/)
	at org.eclipse.aether.connector.basic.ArtifactTransportListener.transferFailed(ArtifactTransportListener.java:39) ~[org.eclipse.aether.connector.basic_1.0.1.v20141111.jar:na]
	at org.eclipse.aether.connector.basic.BasicRepositoryConnector$TaskRunner.run(BasicRepositoryConnector.java:355) ~[org.eclipse.aether.connector.basic_1.0.1.v20141111.jar:na]
	at org.eclipse.aether.util.concurrency.RunnableErrorForwarder$1.run(RunnableErrorForwarder.java:67) ~[na:na]
	at org.eclipse.aether.connector.basic.BasicRepositoryConnector$DirectExecutor.execute(BasicRepositoryConnector.java:581) ~[org.eclipse.aether.connector.basic_1.0.1.v20141111.jar:na]
	at org.eclipse.aether.connector.basic.BasicRepositoryConnector.get(BasicRepositoryConnector.java:249) ~[org.eclipse.aether.connector.basic_1.0.1.v20141111.jar:na]
	at org.eclipse.aether.internal.impl.DefaultArtifactResolver.performDownloads(DefaultArtifactResolver.java:520) ~[na:na]
	at org.eclipse.aether.internal.impl.DefaultArtifactResolver.resolve(DefaultArtifactResolver.java:421) ~[na:na]
	... 8 common frames omitted
2025-12-26 19:39:55,662 [Worker-17] WARN  o.e.m.c.i.embedder.EclipseLogger - Using platform encoding (Cp1252 actually) to copy filtered resources, i.e. build is platform dependent!
2025-12-26 19:39:55,670 [Worker-17] INFO  o.e.m.c.i.embedder.EclipseLogger - Copying 0 resource
2025-12-26 19:39:55,671 [Worker-17] WARN  o.e.m.c.i.embedder.EclipseLogger - Using platform encoding (Cp1252 actually) to copy filtered resources, i.e. build is platform dependent!
2025-12-26 19:39:55,673 [Worker-17] INFO  o.e.m.c.i.embedder.EclipseLogger - skip non existing resourceDirectory D:\Code\SpringMVC\MvcUpload\src\test\resources
2025-12-26 19:40:18,114 [Worker-8] WARN  o.e.m.c.i.embedder.EclipseLogger - Using platform encoding (Cp1252 actually) to copy filtered resources, i.e. build is platform dependent!
2025-12-26 19:40:18,116 [Worker-8] INFO  o.e.m.c.i.embedder.EclipseLogger - Copying 0 resource
2025-12-26 19:40:18,118 [Worker-8] WARN  o.e.m.c.i.embedder.EclipseLogger - Using platform encoding (Cp1252 actually) to copy filtered resources, i.e. build is platform dependent!
2025-12-26 19:40:18,119 [Worker-8] INFO  o.e.m.c.i.embedder.EclipseLogger - skip non existing resourceDirectory D:\Code\SpringMVC\MvcUpload\src\test\resources
2025-12-26 20:06:05,142 [Worker-20] WARN  o.e.m.c.i.embedder.EclipseLogger - Using platform encoding (Cp1252 actually) to copy filtered resources, i.e. build is platform dependent!
2025-12-26 20:06:05,146 [Worker-20] INFO  o.e.m.c.i.embedder.EclipseLogger - Copying 0 resource
2025-12-26 20:06:05,148 [Worker-20] WARN  o.e.m.c.i.embedder.EclipseLogger - Using platform encoding (Cp1252 actually) to copy filtered resources, i.e. build is platform dependent!
2025-12-26 20:06:05,149 [Worker-20] INFO  o.e.m.c.i.embedder.EclipseLogger - skip non existing resourceDirectory D:\Code\SpringMVC\MvcUpload\src\test\resources
2025-12-26 20:07:55,494 [Worker-20] WARN  o.e.m.c.i.embedder.EclipseLogger - Using platform encoding (Cp1252 actually) to copy filtered resources, i.e. build is platform dependent!
2025-12-26 20:07:55,495 [Worker-20] INFO  o.e.m.c.i.embedder.EclipseLogger - Copying 0 resource
2025-12-26 20:07:55,498 [Worker-20] WARN  o.e.m.c.i.embedder.EclipseLogger - Using platform encoding (Cp1252 actually) to copy filtered resources, i.e. build is platform dependent!
2025-12-26 20:07:55,499 [Worker-20] INFO  o.e.m.c.i.embedder.EclipseLogger - skip non existing resourceDirectory D:\Code\SpringMVC\MvcUpload\src\test\resources
2025-12-26 20:12:25,098 [Worker-24] WARN  o.e.m.c.i.embedder.EclipseLogger - Using platform encoding (Cp1252 actually) to copy filtered resources, i.e. build is platform dependent!
2025-12-26 20:12:25,100 [Worker-24] INFO  o.e.m.c.i.embedder.EclipseLogger - Copying 0 resource
2025-12-26 20:12:25,101 [Worker-24] WARN  o.e.m.c.i.embedder.EclipseLogger - Using platform encoding (Cp1252 actually) to copy filtered resources, i.e. build is platform dependent!
2025-12-26 20:12:25,109 [Worker-24] INFO  o.e.m.c.i.embedder.EclipseLogger - skip non existing resourceDirectory D:\Code\SpringMVC\MvcUpload\src\test\resources
2025-12-26 20:14:44,160 [Worker-14] WARN  o.e.m.c.i.embedder.EclipseLogger - Using platform encoding (Cp1252 actually) to copy filtered resources, i.e. build is platform dependent!
2025-12-26 20:14:44,161 [Worker-14] INFO  o.e.m.c.i.embedder.EclipseLogger - Copying 0 resource
2025-12-26 20:14:44,163 [Worker-14] WARN  o.e.m.c.i.embedder.EclipseLogger - Using platform encoding (Cp1252 actually) to copy filtered resources, i.e. build is platform dependent!
2025-12-26 20:14:44,171 [Worker-14] INFO  o.e.m.c.i.embedder.EclipseLogger - skip non existing resourceDirectory D:\Code\SpringMVC\MvcUpload\src\test\resources
2025-12-26 20:14:46,515 [Worker-28] WARN  o.e.m.c.i.embedder.EclipseLogger - Using platform encoding (Cp1252 actually) to copy filtered resources, i.e. build is platform dependent!
2025-12-26 20:14:46,517 [Worker-28] INFO  o.e.m.c.i.embedder.EclipseLogger - Copying 0 resource
2025-12-26 20:14:46,518 [Worker-28] WARN  o.e.m.c.i.embedder.EclipseLogger - Using platform encoding (Cp1252 actually) to copy filtered resources, i.e. build is platform dependent!
2025-12-26 20:14:46,519 [Worker-28] INFO  o.e.m.c.i.embedder.EclipseLogger - skip non existing resourceDirectory D:\Code\SpringMVC\MvcUpload\src\test\resources
2025-12-26 20:17:30,003 [Worker-26] WARN  o.e.m.c.i.embedder.EclipseLogger - Using platform encoding (Cp1252 actually) to copy filtered resources, i.e. build is platform dependent!
2025-12-26 20:17:30,004 [Worker-26] INFO  o.e.m.c.i.embedder.EclipseLogger - Copying 0 resource
2025-12-26 20:17:30,005 [Worker-26] WARN  o.e.m.c.i.embedder.EclipseLogger - Using platform encoding (Cp1252 actually) to copy filtered resources, i.e. build is platform dependent!
2025-12-26 20:17:30,006 [Worker-26] INFO  o.e.m.c.i.embedder.EclipseLogger - skip non existing resourceDirectory D:\Code\SpringMVC\MvcUpload\src\test\resources
2025-12-26 20:17:34,479 [Worker-29] WARN  o.e.m.c.i.embedder.EclipseLogger - Using platform encoding (Cp1252 actually) to copy filtered resources, i.e. build is platform dependent!
2025-12-26 20:17:34,480 [Worker-29] INFO  o.e.m.c.i.embedder.EclipseLogger - Copying 0 resource
2025-12-26 20:17:34,483 [Worker-29] WARN  o.e.m.c.i.embedder.EclipseLogger - Using platform encoding (Cp1252 actually) to copy filtered resources, i.e. build is platform dependent!
2025-12-26 20:17:34,483 [Worker-29] INFO  o.e.m.c.i.embedder.EclipseLogger - skip non existing resourceDirectory D:\Code\SpringMVC\MvcUpload\src\test\resources
2025-12-26 20:18:23,083 [Worker-24] WARN  o.e.m.c.i.embedder.EclipseLogger - Using platform encoding (Cp1252 actually) to copy filtered resources, i.e. build is platform dependent!
2025-12-26 20:18:23,092 [Worker-24] INFO  o.e.m.c.i.embedder.EclipseLogger - Copying 0 resource
2025-12-26 20:18:23,094 [Worker-24] WARN  o.e.m.c.i.embedder.EclipseLogger - Using platform encoding (Cp1252 actually) to copy filtered resources, i.e. build is platform dependent!
2025-12-26 20:18:23,095 [Worker-24] INFO  o.e.m.c.i.embedder.EclipseLogger - skip non existing resourceDirectory D:\Code\SpringMVC\MvcUpload\src\test\resources
2025-12-26 20:24:35,204 [Worker-31] WARN  o.e.m.c.i.embedder.EclipseLogger - Using platform encoding (Cp1252 actually) to copy filtered resources, i.e. build is platform dependent!
2025-12-26 20:24:35,205 [Worker-31] INFO  o.e.m.c.i.embedder.EclipseLogger - Copying 0 resource
2025-12-26 20:24:35,207 [Worker-31] WARN  o.e.m.c.i.embedder.EclipseLogger - Using platform encoding (Cp1252 actually) to copy filtered resources, i.e. build is platform dependent!
2025-12-26 20:24:35,208 [Worker-31] INFO  o.e.m.c.i.embedder.EclipseLogger - skip non existing resourceDirectory D:\Code\SpringMVC\MvcUpload\src\test\resources
2025-12-26 21:31:37,670 [Worker-51] WARN  o.e.m.c.i.embedder.EclipseLogger - Using platform encoding (Cp1252 actually) to copy filtered resources, i.e. build is platform dependent!
2025-12-26 21:31:37,672 [Worker-51] INFO  o.e.m.c.i.embedder.EclipseLogger - Copying 0 resource
2025-12-26 21:31:37,676 [Worker-51] WARN  o.e.m.c.i.embedder.EclipseLogger - Using platform encoding (Cp1252 actually) to copy filtered resources, i.e. build is platform dependent!
2025-12-26 21:31:37,676 [Worker-51] INFO  o.e.m.c.i.embedder.EclipseLogger - skip non existing resourceDirectory D:\Code\SpringMVC\MvcUpload\src\test\resources
2025-12-26 21:31:52,577 [Worker-59] WARN  o.e.m.c.i.embedder.EclipseLogger - Using platform encoding (Cp1252 actually) to copy filtered resources, i.e. build is platform dependent!
2025-12-26 21:31:52,577 [Worker-59] INFO  o.e.m.c.i.embedder.EclipseLogger - Copying 0 resource
2025-12-26 21:31:52,577 [Worker-59] WARN  o.e.m.c.i.embedder.EclipseLogger - Using platform encoding (Cp1252 actually) to copy filtered resources, i.e. build is platform dependent!
2025-12-26 21:31:52,577 [Worker-59] INFO  o.e.m.c.i.embedder.EclipseLogger - skip non existing resourceDirectory D:\Code\SpringMVC\MvcUpload\src\test\resources
2025-12-26 21:35:01,116 [Worker-59] WARN  o.e.m.c.i.embedder.EclipseLogger - Using platform encoding (Cp1252 actually) to copy filtered resources, i.e. build is platform dependent!
2025-12-26 21:35:01,116 [Worker-59] INFO  o.e.m.c.i.embedder.EclipseLogger - Copying 0 resource
2025-12-26 21:35:01,128 [Worker-59] WARN  o.e.m.c.i.embedder.EclipseLogger - Using platform encoding (Cp1252 actually) to copy filtered resources, i.e. build is platform dependent!
2025-12-26 21:35:01,128 [Worker-59] INFO  o.e.m.c.i.embedder.EclipseLogger - skip non existing resourceDirectory D:\Code\SpringMVC\MvcUpload\src\test\resources
2025-12-26 21:35:49,238 [Worker-51] WARN  o.e.m.c.i.embedder.EclipseLogger - Using platform encoding (Cp1252 actually) to copy filtered resources, i.e. build is platform dependent!
2025-12-26 21:35:49,238 [Worker-51] INFO  o.e.m.c.i.embedder.EclipseLogger - Copying 0 resource
2025-12-26 21:35:49,240 [Worker-51] WARN  o.e.m.c.i.embedder.EclipseLogger - Using platform encoding (Cp1252 actually) to copy filtered resources, i.e. build is platform dependent!
2025-12-26 21:35:49,240 [Worker-51] INFO  o.e.m.c.i.embedder.EclipseLogger - skip non existing resourceDirectory D:\Code\SpringMVC\MvcUpload\src\test\resources
2025-12-26 21:39:10,821 [Worker-56] WARN  o.e.m.c.i.embedder.EclipseLogger - Using platform encoding (Cp1252 actually) to copy filtered resources, i.e. build is platform dependent!
2025-12-26 21:39:10,821 [Worker-56] INFO  o.e.m.c.i.embedder.EclipseLogger - Copying 0 resource
2025-12-26 21:39:10,821 [Worker-56] WARN  o.e.m.c.i.embedder.EclipseLogger - Using platform encoding (Cp1252 actually) to copy filtered resources, i.e. build is platform dependent!
2025-12-26 21:39:10,821 [Worker-56] INFO  o.e.m.c.i.embedder.EclipseLogger - skip non existing resourceDirectory D:\Code\SpringMVC\MvcUpload\src\test\resources
2025-12-26 21:52:02,823 [Worker-66] WARN  o.e.m.c.i.embedder.EclipseLogger - Using platform encoding (Cp1252 actually) to copy filtered resources, i.e. build is platform dependent!
2025-12-26 21:52:02,825 [Worker-66] INFO  o.e.m.c.i.embedder.EclipseLogger - Copying 0 resource
2025-12-26 21:52:02,825 [Worker-66] WARN  o.e.m.c.i.embedder.EclipseLogger - Using platform encoding (Cp1252 actually) to copy filtered resources, i.e. build is platform dependent!
2025-12-26 21:52:02,827 [Worker-66] INFO  o.e.m.c.i.embedder.EclipseLogger - skip non existing resourceDirectory D:\Code\SpringMVC\MvcUpload\src\test\resources
2025-12-26 21:52:37,352 [Worker-69] WARN  o.e.m.c.i.embedder.EclipseLogger - Using platform encoding (Cp1252 actually) to copy filtered resources, i.e. build is platform dependent!
2025-12-26 21:52:37,352 [Worker-69] INFO  o.e.m.c.i.embedder.EclipseLogger - Copying 0 resource
2025-12-26 21:52:37,352 [Worker-69] WARN  o.e.m.c.i.embedder.EclipseLogger - Using platform encoding (Cp1252 actually) to copy filtered resources, i.e. build is platform dependent!
2025-12-26 21:52:37,352 [Worker-69] INFO  o.e.m.c.i.embedder.EclipseLogger - skip non existing resourceDirectory D:\Code\SpringMVC\MvcUpload\src\test\resources
2025-12-26 21:55:45,427 [Worker-70] WARN  o.e.m.c.i.embedder.EclipseLogger - Using platform encoding (Cp1252 actually) to copy filtered resources, i.e. build is platform dependent!
2025-12-26 21:55:45,427 [Worker-70] INFO  o.e.m.c.i.embedder.EclipseLogger - Copying 0 resource
2025-12-26 21:55:45,427 [Worker-70] WARN  o.e.m.c.i.embedder.EclipseLogger - Using platform encoding (Cp1252 actually) to copy filtered resources, i.e. build is platform dependent!
2025-12-26 21:55:45,427 [Worker-70] INFO  o.e.m.c.i.embedder.EclipseLogger - skip non existing resourceDirectory D:\Code\SpringMVC\MvcUpload\src\test\resources
2025-12-26 22:05:56,413 [Worker-79] WARN  o.e.m.c.i.embedder.EclipseLogger - Using platform encoding (Cp1252 actually) to copy filtered resources, i.e. build is platform dependent!
2025-12-26 22:05:56,422 [Worker-79] INFO  o.e.m.c.i.embedder.EclipseLogger - Copying 0 resource
2025-12-26 22:05:56,424 [Worker-79] WARN  o.e.m.c.i.embedder.EclipseLogger - Using platform encoding (Cp1252 actually) to copy filtered resources, i.e. build is platform dependent!
2025-12-26 22:05:56,424 [Worker-79] INFO  o.e.m.c.i.embedder.EclipseLogger - skip non existing resourceDirectory D:\Code\SpringMVC\MvcUpload\src\test\resources
2025-12-26 22:08:55,277 [Worker-75] WARN  o.e.m.c.i.embedder.EclipseLogger - Using platform encoding (Cp1252 actually) to copy filtered resources, i.e. build is platform dependent!
2025-12-26 22:08:55,279 [Worker-75] INFO  o.e.m.c.i.embedder.EclipseLogger - Copying 0 resource
2025-12-26 22:08:55,279 [Worker-75] WARN  o.e.m.c.i.embedder.EclipseLogger - Using platform encoding (Cp1252 actually) to copy filtered resources, i.e. build is platform dependent!
2025-12-26 22:08:55,279 [Worker-75] INFO  o.e.m.c.i.embedder.EclipseLogger - skip non existing resourceDirectory D:\Code\SpringMVC\MvcUpload\src\test\resources
2025-12-26 22:09:17,592 [Worker-75] WARN  o.e.m.c.i.embedder.EclipseLogger - Using platform encoding (Cp1252 actually) to copy filtered resources, i.e. build is platform dependent!
2025-12-26 22:09:17,592 [Worker-75] INFO  o.e.m.c.i.embedder.EclipseLogger - Copying 0 resource
2025-12-26 22:09:17,592 [Worker-75] WARN  o.e.m.c.i.embedder.EclipseLogger - Using platform encoding (Cp1252 actually) to copy filtered resources, i.e. build is platform dependent!
2025-12-26 22:09:17,592 [Worker-75] INFO  o.e.m.c.i.embedder.EclipseLogger - skip non existing resourceDirectory D:\Code\SpringMVC\MvcUpload\src\test\resources
2025-12-26 22:09:29,377 [Worker-75] WARN  o.e.m.c.i.embedder.EclipseLogger - Using platform encoding (Cp1252 actually) to copy filtered resources, i.e. build is platform dependent!
2025-12-26 22:09:29,380 [Worker-75] INFO  o.e.m.c.i.embedder.EclipseLogger - Copying 0 resource
2025-12-26 22:09:29,380 [Worker-75] WARN  o.e.m.c.i.embedder.EclipseLogger - Using platform encoding (Cp1252 actually) to copy filtered resources, i.e. build is platform dependent!
2025-12-26 22:09:29,380 [Worker-75] INFO  o.e.m.c.i.embedder.EclipseLogger - skip non existing resourceDirectory D:\Code\SpringMVC\MvcUpload\src\test\resources
2025-12-27 00:02:06,996 [Worker-115] INFO  o.e.m.c.i.p.ProjectConfigurationManager - Collecting project info '/pom.xml' D:\Code\SpringMVC\MvcInterceptor\pom.xml
2025-12-27 00:02:13,690 [Worker-115] INFO  o.e.m.c.i.l.LifecycleMappingFactory - Using org.maven.ide.eclipse.wtp.WarLifecycleMapping lifecycle mapping for MavenProject: MvcInterceptor:MvcInterceptor:0.0.1-SNAPSHOT @ D:\Code\SpringMVC\MvcInterceptor\pom.xml.
2025-12-27 00:02:14,043 [Worker-115] INFO  o.e.m.j.i.AbstractJavaProjectConfigurator - Adding source folder /MvcInterceptor/src/main/java
2025-12-27 00:02:14,043 [Worker-115] INFO  o.e.m.j.i.AbstractJavaProjectConfigurator - Adding resource folder /MvcInterceptor/src/main/resources
2025-12-27 00:02:14,043 [Worker-115] INFO  o.e.m.j.i.AbstractJavaProjectConfigurator - Adding source folder /MvcInterceptor/src/test/java
2025-12-27 00:02:15,463 [Worker-115] INFO  o.e.m.c.i.p.ProjectConfigurationManager - Imported and configured 1 project(s) in 8 sec
2025-12-27 00:02:15,767 [Worker-118] WARN  o.e.m.c.i.embedder.EclipseLogger - Using platform encoding (Cp1252 actually) to copy filtered resources, i.e. build is platform dependent!
2025-12-27 00:02:15,776 [Worker-118] INFO  o.e.m.c.i.embedder.EclipseLogger - Copying 0 resource
2025-12-27 00:02:15,776 [Worker-118] WARN  o.e.m.c.i.embedder.EclipseLogger - Using platform encoding (Cp1252 actually) to copy filtered resources, i.e. build is platform dependent!
2025-12-27 00:02:15,776 [Worker-118] INFO  o.e.m.c.i.embedder.EclipseLogger - skip non existing resourceDirectory D:\Code\SpringMVC\MvcInterceptor\src\test\resources
2025-12-27 00:02:18,275 [Worker-122] WARN  o.e.m.c.i.embedder.EclipseLogger - Using platform encoding (Cp1252 actually) to copy filtered resources, i.e. build is platform dependent!
2025-12-27 00:02:18,275 [Worker-122] INFO  o.e.m.c.i.embedder.EclipseLogger - Copying 0 resource
2025-12-27 00:02:18,275 [Worker-122] WARN  o.e.m.c.i.embedder.EclipseLogger - Using platform encoding (Cp1252 actually) to copy filtered resources, i.e. build is platform dependent!
2025-12-27 00:02:18,275 [Worker-122] INFO  o.e.m.c.i.embedder.EclipseLogger - skip non existing resourceDirectory D:\Code\SpringMVC\MvcInterceptor\src\test\resources
2025-12-27 00:04:29,857 [Worker-122] WARN  o.e.m.c.i.embedder.EclipseLogger - Using platform encoding (Cp1252 actually) to copy filtered resources, i.e. build is platform dependent!
2025-12-27 00:04:29,864 [Worker-122] INFO  o.e.m.c.i.embedder.EclipseLogger - Copying 0 resource
2025-12-27 00:04:29,864 [Worker-122] WARN  o.e.m.c.i.embedder.EclipseLogger - Using platform encoding (Cp1252 actually) to copy filtered resources, i.e. build is platform dependent!
2025-12-27 00:04:29,864 [Worker-122] INFO  o.e.m.c.i.embedder.EclipseLogger - skip non existing resourceDirectory D:\Code\SpringMVC\MVCData\src\test\resources
2025-12-27 00:04:29,872 [Worker-122] WARN  o.e.m.c.i.embedder.EclipseLogger - Using platform encoding (Cp1252 actually) to copy filtered resources, i.e. build is platform dependent!
2025-12-27 00:04:29,874 [Worker-122] INFO  o.e.m.c.i.embedder.EclipseLogger - Copying 0 resource
2025-12-27 00:04:29,874 [Worker-122] WARN  o.e.m.c.i.embedder.EclipseLogger - Using platform encoding (Cp1252 actually) to copy filtered resources, i.e. build is platform dependent!
2025-12-27 00:04:29,874 [Worker-122] INFO  o.e.m.c.i.embedder.EclipseLogger - skip non existing resourceDirectory D:\Code\SpringMVC\MVCproject\src\test\resources
2025-12-27 00:04:29,874 [Worker-122] WARN  o.e.m.c.i.embedder.EclipseLogger - Using platform encoding (Cp1252 actually) to copy filtered resources, i.e. build is platform dependent!
2025-12-27 00:04:29,874 [Worker-122] INFO  o.e.m.c.i.embedder.EclipseLogger - Copying 0 resource
2025-12-27 00:04:29,874 [Worker-122] WARN  o.e.m.c.i.embedder.EclipseLogger - Using platform encoding (Cp1252 actually) to copy filtered resources, i.e. build is platform dependent!
2025-12-27 00:04:29,874 [Worker-122] INFO  o.e.m.c.i.embedder.EclipseLogger - skip non existing resourceDirectory D:\Code\SpringMVC\MvcException\src\test\resources
2025-12-27 00:04:29,888 [Worker-122] WARN  o.e.m.c.i.embedder.EclipseLogger - Using platform encoding (Cp1252 actually) to copy filtered resources, i.e. build is platform dependent!
2025-12-27 00:04:29,888 [Worker-122] INFO  o.e.m.c.i.embedder.EclipseLogger - Copying 0 resource
2025-12-27 00:04:29,888 [Worker-122] WARN  o.e.m.c.i.embedder.EclipseLogger - Using platform encoding (Cp1252 actually) to copy filtered resources, i.e. build is platform dependent!
2025-12-27 00:04:29,888 [Worker-122] INFO  o.e.m.c.i.embedder.EclipseLogger - skip non existing resourceDirectory D:\Code\SpringMVC\MvcInterceptor\src\test\resources
2025-12-27 00:04:29,896 [Worker-122] WARN  o.e.m.c.i.embedder.EclipseLogger - Using platform encoding (Cp1252 actually) to copy filtered resources, i.e. build is platform dependent!
2025-12-27 00:04:29,896 [Worker-122] INFO  o.e.m.c.i.embedder.EclipseLogger - Copying 0 resource
2025-12-27 00:04:29,896 [Worker-122] WARN  o.e.m.c.i.embedder.EclipseLogger - Using platform encoding (Cp1252 actually) to copy filtered resources, i.e. build is platform dependent!
2025-12-27 00:04:29,899 [Worker-122] INFO  o.e.m.c.i.embedder.EclipseLogger - skip non existing resourceDirectory D:\Code\SpringMVC\MvcUpload\src\test\resources
2025-12-27 00:04:41,360 [Worker-121] WARN  o.e.m.c.i.embedder.EclipseLogger - Using platform encoding (Cp1252 actually) to copy filtered resources, i.e. build is platform dependent!
2025-12-27 00:04:41,360 [Worker-121] INFO  o.e.m.c.i.embedder.EclipseLogger - Copying 0 resource
2025-12-27 00:04:41,360 [Worker-121] WARN  o.e.m.c.i.embedder.EclipseLogger - Using platform encoding (Cp1252 actually) to copy filtered resources, i.e. build is platform dependent!
2025-12-27 00:04:41,360 [Worker-121] INFO  o.e.m.c.i.embedder.EclipseLogger - skip non existing resourceDirectory D:\Code\SpringMVC\MvcInterceptor\src\test\resources
2025-12-27 00:04:50,158 [Worker-123] WARN  o.e.m.c.i.embedder.EclipseLogger - Using platform encoding (Cp1252 actually) to copy filtered resources, i.e. build is platform dependent!
2025-12-27 00:04:50,158 [Worker-123] INFO  o.e.m.c.i.embedder.EclipseLogger - Copying 0 resource
2025-12-27 00:04:50,158 [Worker-123] WARN  o.e.m.c.i.embedder.EclipseLogger - Using platform encoding (Cp1252 actually) to copy filtered resources, i.e. build is platform dependent!
2025-12-27 00:04:50,158 [Worker-123] INFO  o.e.m.c.i.embedder.EclipseLogger - skip non existing resourceDirectory D:\Code\SpringMVC\MvcInterceptor\src\test\resources
2025-12-27 00:14:47,591 [Worker-119] INFO  o.e.m.c.i.p.ProjectConfigurationManager - Update started
2025-12-27 00:14:48,288 [Worker-119] INFO  o.e.m.c.i.l.LifecycleMappingFactory - Using org.maven.ide.eclipse.wtp.WarLifecycleMapping lifecycle mapping for MavenProject: MvcInterceptor:MvcInterceptor:0.0.1-SNAPSHOT @ D:\Code\SpringMVC\MvcInterceptor\pom.xml.
2025-12-27 00:14:48,317 [Worker-119] INFO  o.e.m.c.i.l.LifecycleMappingFactory - Using org.maven.ide.eclipse.wtp.WarLifecycleMapping lifecycle mapping for MavenProject: MvcException:MvcException:0.0.1-SNAPSHOT @ D:\Code\SpringMVC\MvcException\pom.xml.
2025-12-27 00:14:49,447 [Worker-119] INFO  o.e.m.c.i.l.LifecycleMappingFactory - Using org.maven.ide.eclipse.wtp.WarLifecycleMapping lifecycle mapping for MavenProject: MvcUpload:MvcUpload:0.0.1-SNAPSHOT @ D:\Code\SpringMVC\MvcUpload\pom.xml.
2025-12-27 00:14:49,899 [Worker-119] INFO  o.e.m.c.i.l.LifecycleMappingFactory - Using org.maven.ide.eclipse.wtp.WarLifecycleMapping lifecycle mapping for MavenProject: MVCproject:MVCproject:0.0.1-SNAPSHOT @ D:\Code\SpringMVC\MVCproject\pom.xml.
2025-12-27 00:14:49,922 [Worker-119] INFO  o.e.m.c.i.l.LifecycleMappingFactory - Using org.maven.ide.eclipse.wtp.WarLifecycleMapping lifecycle mapping for MavenProject: MVCData:MVCData:0.0.1-SNAPSHOT @ D:\Code\SpringMVC\MVCData\pom.xml.
2025-12-27 00:14:53,245 [Worker-119] INFO  o.e.m.j.i.AbstractJavaProjectConfigurator - Adding source folder /MvcInterceptor/src/main/java
2025-12-27 00:14:53,245 [Worker-119] INFO  o.e.m.j.i.AbstractJavaProjectConfigurator - Adding resource folder /MvcInterceptor/src/main/resources
2025-12-27 00:14:53,260 [Worker-119] INFO  o.e.m.j.i.AbstractJavaProjectConfigurator - Adding source folder /MvcInterceptor/src/test/java
2025-12-27 00:14:53,658 [Worker-119] INFO  o.e.m.w.i.f.ResourceFilteringBuildParticipant - Cleaning filtered folder for MvcInterceptor
2025-12-27 00:14:53,702 [Worker-119] INFO  o.e.m.c.i.p.ProjectConfigurationManager - Update completed: 6 sec
2025-12-27 00:14:54,061 [Worker-124] WARN  o.e.m.c.i.embedder.EclipseLogger - Using platform encoding (Cp1252 actually) to copy filtered resources, i.e. build is platform dependent!
2025-12-27 00:14:54,069 [Worker-124] INFO  o.e.m.c.i.embedder.EclipseLogger - Copying 0 resource
2025-12-27 00:14:54,069 [Worker-124] WARN  o.e.m.c.i.embedder.EclipseLogger - Using platform encoding (Cp1252 actually) to copy filtered resources, i.e. build is platform dependent!
2025-12-27 00:14:54,074 [Worker-124] INFO  o.e.m.c.i.embedder.EclipseLogger - skip non existing resourceDirectory D:\Code\SpringMVC\MVCData\src\test\resources
2025-12-27 00:14:54,100 [Worker-124] WARN  o.e.m.c.i.embedder.EclipseLogger - Using platform encoding (Cp1252 actually) to copy filtered resources, i.e. build is platform dependent!
2025-12-27 00:14:54,100 [Worker-124] INFO  o.e.m.c.i.embedder.EclipseLogger - Copying 0 resource
2025-12-27 00:14:54,100 [Worker-124] WARN  o.e.m.c.i.embedder.EclipseLogger - Using platform encoding (Cp1252 actually) to copy filtered resources, i.e. build is platform dependent!
2025-12-27 00:14:54,100 [Worker-124] INFO  o.e.m.c.i.embedder.EclipseLogger - skip non existing resourceDirectory D:\Code\SpringMVC\MVCproject\src\test\resources
2025-12-27 00:14:54,179 [Worker-124] WARN  o.e.m.c.i.embedder.EclipseLogger - Using platform encoding (Cp1252 actually) to copy filtered resources, i.e. build is platform dependent!
2025-12-27 00:14:54,179 [Worker-124] INFO  o.e.m.c.i.embedder.EclipseLogger - Copying 0 resource
2025-12-27 00:14:54,179 [Worker-124] WARN  o.e.m.c.i.embedder.EclipseLogger - Using platform encoding (Cp1252 actually) to copy filtered resources, i.e. build is platform dependent!
2025-12-27 00:14:54,179 [Worker-124] INFO  o.e.m.c.i.embedder.EclipseLogger - skip non existing resourceDirectory D:\Code\SpringMVC\MvcException\src\test\resources
2025-12-27 00:14:54,222 [Worker-124] WARN  o.e.m.c.i.embedder.EclipseLogger - Using platform encoding (Cp1252 actually) to copy filtered resources, i.e. build is platform dependent!
2025-12-27 00:14:54,224 [Worker-124] INFO  o.e.m.c.i.embedder.EclipseLogger - Copying 0 resource
2025-12-27 00:14:54,224 [Worker-124] WARN  o.e.m.c.i.embedder.EclipseLogger - Using platform encoding (Cp1252 actually) to copy filtered resources, i.e. build is platform dependent!
2025-12-27 00:14:54,226 [Worker-124] INFO  o.e.m.c.i.embedder.EclipseLogger - skip non existing resourceDirectory D:\Code\SpringMVC\MvcInterceptor\src\test\resources
2025-12-27 00:14:54,226 [Worker-124] INFO  o.e.m.w.i.f.ResourceFilteringBuildParticipant - Changed resources require a complete clean of filtered resources of MvcInterceptor
2025-12-27 00:14:54,226 [Worker-124] INFO  o.e.m.w.i.f.ResourceFilteringBuildParticipant - Executing resource filtering for MvcInterceptor
2025-12-27 00:14:54,234 [Worker-124] WARN  o.e.m.c.i.embedder.EclipseLogger - Using platform encoding (Cp1252 actually) to copy filtered resources, i.e. build is platform dependent!
2025-12-27 00:14:54,348 [Worker-124] WARN  o.e.m.c.i.embedder.EclipseLogger - Using platform encoding (Cp1252 actually) to copy filtered resources, i.e. build is platform dependent!
2025-12-27 00:14:54,348 [Worker-124] INFO  o.e.m.c.i.embedder.EclipseLogger - Copying 0 resource
2025-12-27 00:14:54,351 [Worker-124] WARN  o.e.m.c.i.embedder.EclipseLogger - Using platform encoding (Cp1252 actually) to copy filtered resources, i.e. build is platform dependent!
2025-12-27 00:14:54,351 [Worker-124] INFO  o.e.m.c.i.embedder.EclipseLogger - skip non existing resourceDirectory D:\Code\SpringMVC\MvcUpload\src\test\resources
2025-12-27 00:16:00,630 [Worker-127] INFO  o.e.m.c.i.l.LifecycleMappingFactory - Using org.maven.ide.eclipse.wtp.WarLifecycleMapping lifecycle mapping for MavenProject: MvcInterceptor:MvcInterceptor:0.0.1-SNAPSHOT @ D:\Code\SpringMVC\MvcInterceptor\pom.xml.
2025-12-27 00:16:00,771 [Worker-127] WARN  o.e.m.c.i.embedder.EclipseLogger - Using platform encoding (Cp1252 actually) to copy filtered resources, i.e. build is platform dependent!
2025-12-27 00:16:00,773 [Worker-127] INFO  o.e.m.c.i.embedder.EclipseLogger - Copying 0 resource
2025-12-27 00:16:00,773 [Worker-127] WARN  o.e.m.c.i.embedder.EclipseLogger - Using platform encoding (Cp1252 actually) to copy filtered resources, i.e. build is platform dependent!
2025-12-27 00:16:00,775 [Worker-127] INFO  o.e.m.c.i.embedder.EclipseLogger - skip non existing resourceDirectory D:\Code\SpringMVC\MvcInterceptor\src\test\resources
2025-12-27 00:16:00,775 [Worker-127] INFO  o.e.m.w.i.f.ResourceFilteringBuildParticipant - Changed resources require a complete clean of filtered resources of MvcInterceptor
2025-12-27 00:16:00,775 [Worker-127] INFO  o.e.m.w.i.f.ResourceFilteringBuildParticipant - Executing resource filtering for MvcInterceptor
2025-12-27 00:16:00,781 [Worker-127] WARN  o.e.m.c.i.embedder.EclipseLogger - Using platform encoding (Cp1252 actually) to copy filtered resources, i.e. build is platform dependent!
2025-12-27 00:16:01,263 [Worker-127] WARN  o.e.m.c.i.embedder.EclipseLogger - Using platform encoding (Cp1252 actually) to copy filtered resources, i.e. build is platform dependent!
2025-12-27 00:16:01,264 [Worker-127] INFO  o.e.m.c.i.embedder.EclipseLogger - Copying 0 resource
2025-12-27 00:16:01,268 [Worker-127] WARN  o.e.m.c.i.embedder.EclipseLogger - Using platform encoding (Cp1252 actually) to copy filtered resources, i.e. build is platform dependent!
2025-12-27 00:16:01,271 [Worker-127] INFO  o.e.m.c.i.embedder.EclipseLogger - skip non existing resourceDirectory D:\Code\SpringMVC\MvcInterceptor\src\test\resources
2025-12-27 00:16:27,916 [Worker-4] WARN  o.e.m.c.i.embedder.EclipseLogger - Using platform encoding (Cp1252 actually) to copy filtered resources, i.e. build is platform dependent!
2025-12-27 00:16:27,926 [Worker-4] INFO  o.e.m.c.i.embedder.EclipseLogger - Copying 0 resource
2025-12-27 00:16:27,929 [Worker-4] WARN  o.e.m.c.i.embedder.EclipseLogger - Using platform encoding (Cp1252 actually) to copy filtered resources, i.e. build is platform dependent!
2025-12-27 00:16:27,930 [Worker-4] INFO  o.e.m.c.i.embedder.EclipseLogger - skip non existing resourceDirectory D:\Code\SpringMVC\MVCData\src\test\resources
2025-12-27 00:16:28,957 [Worker-4] WARN  o.e.m.c.i.embedder.EclipseLogger - Using platform encoding (Cp1252 actually) to copy filtered resources, i.e. build is platform dependent!
2025-12-27 00:16:28,958 [Worker-4] INFO  o.e.m.c.i.embedder.EclipseLogger - Copying 0 resource
2025-12-27 00:16:28,960 [Worker-4] WARN  o.e.m.c.i.embedder.EclipseLogger - Using platform encoding (Cp1252 actually) to copy filtered resources, i.e. build is platform dependent!
2025-12-27 00:16:28,961 [Worker-4] INFO  o.e.m.c.i.embedder.EclipseLogger - skip non existing resourceDirectory D:\Code\SpringMVC\MVCproject\src\test\resources
2025-12-27 00:16:29,120 [Worker-4] WARN  o.e.m.c.i.embedder.EclipseLogger - Using platform encoding (Cp1252 actually) to copy filtered resources, i.e. build is platform dependent!
2025-12-27 00:16:29,121 [Worker-4] INFO  o.e.m.c.i.embedder.EclipseLogger - Copying 0 resource
2025-12-27 00:16:29,123 [Worker-4] WARN  o.e.m.c.i.embedder.EclipseLogger - Using platform encoding (Cp1252 actually) to copy filtered resources, i.e. build is platform dependent!
2025-12-27 00:16:29,123 [Worker-4] INFO  o.e.m.c.i.embedder.EclipseLogger - skip non existing resourceDirectory D:\Code\SpringMVC\MvcException\src\test\resources
2025-12-27 00:16:29,212 [Worker-4] WARN  o.e.m.c.i.embedder.EclipseLogger - Using platform encoding (Cp1252 actually) to copy filtered resources, i.e. build is platform dependent!
2025-12-27 00:16:29,214 [Worker-4] INFO  o.e.m.c.i.embedder.EclipseLogger - Copying 0 resource
2025-12-27 00:16:29,215 [Worker-4] WARN  o.e.m.c.i.embedder.EclipseLogger - Using platform encoding (Cp1252 actually) to copy filtered resources, i.e. build is platform dependent!
2025-12-27 00:16:29,216 [Worker-4] INFO  o.e.m.c.i.embedder.EclipseLogger - skip non existing resourceDirectory D:\Code\SpringMVC\MvcInterceptor\src\test\resources
2025-12-27 00:16:29,484 [Worker-4] WARN  o.e.m.c.i.embedder.EclipseLogger - Using platform encoding (Cp1252 actually) to copy filtered resources, i.e. build is platform dependent!
2025-12-27 00:16:29,485 [Worker-4] INFO  o.e.m.c.i.embedder.EclipseLogger - Copying 0 resource
2025-12-27 00:16:29,486 [Worker-4] WARN  o.e.m.c.i.embedder.EclipseLogger - Using platform encoding (Cp1252 actually) to copy filtered resources, i.e. build is platform dependent!
2025-12-27 00:16:29,487 [Worker-4] INFO  o.e.m.c.i.embedder.EclipseLogger - skip non existing resourceDirectory D:\Code\SpringMVC\MvcUpload\src\test\resources
2025-12-27 00:19:41,984 [Worker-0] WARN  o.e.m.c.i.embedder.EclipseLogger - Using platform encoding (Cp1252 actually) to copy filtered resources, i.e. build is platform dependent!
2025-12-27 00:19:41,996 [Worker-0] INFO  o.e.m.c.i.embedder.EclipseLogger - Copying 0 resource
2025-12-27 00:19:41,999 [Worker-0] WARN  o.e.m.c.i.embedder.EclipseLogger - Using platform encoding (Cp1252 actually) to copy filtered resources, i.e. build is platform dependent!
2025-12-27 00:19:42,001 [Worker-0] INFO  o.e.m.c.i.embedder.EclipseLogger - skip non existing resourceDirectory D:\Code\SpringMVC\MvcInterceptor\src\test\resources
2025-12-27 00:24:12,697 [Worker-23] WARN  o.e.m.c.i.embedder.EclipseLogger - Using platform encoding (Cp1252 actually) to copy filtered resources, i.e. build is platform dependent!
2025-12-27 00:24:12,699 [Worker-23] INFO  o.e.m.c.i.embedder.EclipseLogger - Copying 0 resource
2025-12-27 00:24:12,700 [Worker-23] WARN  o.e.m.c.i.embedder.EclipseLogger - Using platform encoding (Cp1252 actually) to copy filtered resources, i.e. build is platform dependent!
2025-12-27 00:24:12,700 [Worker-23] INFO  o.e.m.c.i.embedder.EclipseLogger - skip non existing resourceDirectory D:\Code\SpringMVC\MvcInterceptor\src\test\resources
2025-12-27 00:24:19,105 [Worker-24] WARN  o.e.m.c.i.embedder.EclipseLogger - Using platform encoding (Cp1252 actually) to copy filtered resources, i.e. build is platform dependent!
2025-12-27 00:24:19,106 [Worker-24] INFO  o.e.m.c.i.embedder.EclipseLogger - Copying 0 resource
2025-12-27 00:24:19,108 [Worker-24] WARN  o.e.m.c.i.embedder.EclipseLogger - Using platform encoding (Cp1252 actually) to copy filtered resources, i.e. build is platform dependent!
2025-12-27 00:24:19,108 [Worker-24] INFO  o.e.m.c.i.embedder.EclipseLogger - skip non existing resourceDirectory D:\Code\SpringMVC\MvcInterceptor\src\test\resources
2025-12-27 00:24:43,110 [Worker-19] WARN  o.e.m.c.i.embedder.EclipseLogger - Using platform encoding (Cp1252 actually) to copy filtered resources, i.e. build is platform dependent!
2025-12-27 00:24:43,112 [Worker-19] INFO  o.e.m.c.i.embedder.EclipseLogger - Copying 0 resource
2025-12-27 00:24:43,113 [Worker-19] WARN  o.e.m.c.i.embedder.EclipseLogger - Using platform encoding (Cp1252 actually) to copy filtered resources, i.e. build is platform dependent!
2025-12-27 00:24:43,114 [Worker-19] INFO  o.e.m.c.i.embedder.EclipseLogger - skip non existing resourceDirectory D:\Code\SpringMVC\MvcInterceptor\src\test\resources
2025-12-27 20:35:22,648 [Worker-7] WARN  o.e.m.c.i.embedder.EclipseLogger - Using platform encoding (Cp1252 actually) to copy filtered resources, i.e. build is platform dependent!
2025-12-27 20:35:22,661 [Worker-7] INFO  o.e.m.c.i.embedder.EclipseLogger - Copying 0 resource
2025-12-27 20:35:22,663 [Worker-7] WARN  o.e.m.c.i.embedder.EclipseLogger - Using platform encoding (Cp1252 actually) to copy filtered resources, i.e. build is platform dependent!
2025-12-27 20:35:22,664 [Worker-7] INFO  o.e.m.c.i.embedder.EclipseLogger - skip non existing resourceDirectory D:\Code\SpringMVC\MVCData\src\test\resources
2025-12-27 20:35:26,296 [Worker-7] WARN  o.e.m.c.i.embedder.EclipseLogger - Using platform encoding (Cp1252 actually) to copy filtered resources, i.e. build is platform dependent!
2025-12-27 20:35:26,299 [Worker-7] INFO  o.e.m.c.i.embedder.EclipseLogger - Copying 0 resource
2025-12-27 20:35:26,299 [Worker-7] WARN  o.e.m.c.i.embedder.EclipseLogger - Using platform encoding (Cp1252 actually) to copy filtered resources, i.e. build is platform dependent!
2025-12-27 20:35:26,299 [Worker-7] INFO  o.e.m.c.i.embedder.EclipseLogger - skip non existing resourceDirectory D:\Code\SpringMVC\MVCproject\src\test\resources
2025-12-27 20:35:26,580 [Worker-7] WARN  o.e.m.c.i.embedder.EclipseLogger - Using platform encoding (Cp1252 actually) to copy filtered resources, i.e. build is platform dependent!
2025-12-27 20:35:26,581 [Worker-7] INFO  o.e.m.c.i.embedder.EclipseLogger - Copying 0 resource
2025-12-27 20:35:26,583 [Worker-7] WARN  o.e.m.c.i.embedder.EclipseLogger - Using platform encoding (Cp1252 actually) to copy filtered resources, i.e. build is platform dependent!
2025-12-27 20:35:26,584 [Worker-7] INFO  o.e.m.c.i.embedder.EclipseLogger - skip non existing resourceDirectory D:\Code\SpringMVC\MvcException\src\test\resources
2025-12-27 20:35:26,695 [Worker-7] WARN  o.e.m.c.i.embedder.EclipseLogger - Using platform encoding (Cp1252 actually) to copy filtered resources, i.e. build is platform dependent!
2025-12-27 20:35:26,698 [Worker-7] INFO  o.e.m.c.i.embedder.EclipseLogger - Copying 0 resource
2025-12-27 20:35:26,699 [Worker-7] WARN  o.e.m.c.i.embedder.EclipseLogger - Using platform encoding (Cp1252 actually) to copy filtered resources, i.e. build is platform dependent!
2025-12-27 20:35:26,700 [Worker-7] INFO  o.e.m.c.i.embedder.EclipseLogger - skip non existing resourceDirectory D:\Code\SpringMVC\MvcInterceptor\src\test\resources
2025-12-27 20:35:27,549 [Worker-7] WARN  o.e.m.c.i.embedder.EclipseLogger - Using platform encoding (Cp1252 actually) to copy filtered resources, i.e. build is platform dependent!
2025-12-27 20:35:27,561 [Worker-7] INFO  o.e.m.c.i.embedder.EclipseLogger - Copying 0 resource
2025-12-27 20:35:27,563 [Worker-7] WARN  o.e.m.c.i.embedder.EclipseLogger - Using platform encoding (Cp1252 actually) to copy filtered resources, i.e. build is platform dependent!
2025-12-27 20:35:27,564 [Worker-7] INFO  o.e.m.c.i.embedder.EclipseLogger - skip non existing resourceDirectory D:\Code\SpringMVC\MvcUpload\src\test\resources
2025-12-27 21:54:55,929 [Worker-50] WARN  o.e.m.c.i.embedder.EclipseLogger - Using platform encoding (Cp1252 actually) to copy filtered resources, i.e. build is platform dependent!
2025-12-27 21:54:56,097 [Worker-50] INFO  o.e.m.c.i.embedder.EclipseLogger - Copying 0 resource
2025-12-27 21:54:56,098 [Worker-50] WARN  o.e.m.c.i.embedder.EclipseLogger - Using platform encoding (Cp1252 actually) to copy filtered resources, i.e. build is platform dependent!
2025-12-27 21:54:56,099 [Worker-50] INFO  o.e.m.c.i.embedder.EclipseLogger - skip non existing resourceDirectory D:\Code\SpringMVC\MvcInterceptor\src\test\resources
2025-12-27 21:57:24,416 [Worker-55] WARN  o.e.m.c.i.embedder.EclipseLogger - Using platform encoding (Cp1252 actually) to copy filtered resources, i.e. build is platform dependent!
2025-12-27 21:57:24,418 [Worker-55] INFO  o.e.m.c.i.embedder.EclipseLogger - Copying 0 resource
2025-12-27 21:57:24,419 [Worker-55] WARN  o.e.m.c.i.embedder.EclipseLogger - Using platform encoding (Cp1252 actually) to copy filtered resources, i.e. build is platform dependent!
2025-12-27 21:57:24,420 [Worker-55] INFO  o.e.m.c.i.embedder.EclipseLogger - skip non existing resourceDirectory D:\Code\SpringMVC\MvcInterceptor\src\test\resources
2025-12-27 21:57:46,471 [Worker-50] WARN  o.e.m.c.i.embedder.EclipseLogger - Using platform encoding (Cp1252 actually) to copy filtered resources, i.e. build is platform dependent!
2025-12-27 21:57:46,472 [Worker-50] INFO  o.e.m.c.i.embedder.EclipseLogger - Copying 0 resource
2025-12-27 21:57:46,474 [Worker-50] WARN  o.e.m.c.i.embedder.EclipseLogger - Using platform encoding (Cp1252 actually) to copy filtered resources, i.e. build is platform dependent!
2025-12-27 21:57:46,475 [Worker-50] INFO  o.e.m.c.i.embedder.EclipseLogger - skip non existing resourceDirectory D:\Code\SpringMVC\MvcInterceptor\src\test\resources
2025-12-27 21:57:58,608 [Worker-50] WARN  o.e.m.c.i.embedder.EclipseLogger - Using platform encoding (Cp1252 actually) to copy filtered resources, i.e. build is platform dependent!
2025-12-27 21:57:58,609 [Worker-50] INFO  o.e.m.c.i.embedder.EclipseLogger - Copying 0 resource
2025-12-27 21:57:58,611 [Worker-50] WARN  o.e.m.c.i.embedder.EclipseLogger - Using platform encoding (Cp1252 actually) to copy filtered resources, i.e. build is platform dependent!
2025-12-27 21:57:58,612 [Worker-50] INFO  o.e.m.c.i.embedder.EclipseLogger - skip non existing resourceDirectory D:\Code\SpringMVC\MvcInterceptor\src\test\resources
2025-12-27 21:58:05,778 [Worker-53] WARN  o.e.m.c.i.embedder.EclipseLogger - Using platform encoding (Cp1252 actually) to copy filtered resources, i.e. build is platform dependent!
2025-12-27 21:58:06,834 [Worker-53] INFO  o.e.m.c.i.embedder.EclipseLogger - Copying 0 resource
2025-12-27 21:58:06,835 [Worker-53] WARN  o.e.m.c.i.embedder.EclipseLogger - Using platform encoding (Cp1252 actually) to copy filtered resources, i.e. build is platform dependent!
2025-12-27 21:58:06,835 [Worker-53] INFO  o.e.m.c.i.embedder.EclipseLogger - skip non existing resourceDirectory D:\Code\SpringMVC\MvcInterceptor\src\test\resources
2025-12-27 21:58:19,921 [Worker-55] WARN  o.e.m.c.i.embedder.EclipseLogger - Using platform encoding (Cp1252 actually) to copy filtered resources, i.e. build is platform dependent!
2025-12-27 21:58:19,922 [Worker-55] INFO  o.e.m.c.i.embedder.EclipseLogger - Copying 0 resource
2025-12-27 21:58:19,923 [Worker-55] WARN  o.e.m.c.i.embedder.EclipseLogger - Using platform encoding (Cp1252 actually) to copy filtered resources, i.e. build is platform dependent!
2025-12-27 21:58:19,924 [Worker-55] INFO  o.e.m.c.i.embedder.EclipseLogger - skip non existing resourceDirectory D:\Code\SpringMVC\MvcInterceptor\src\test\resources
2025-12-27 22:02:01,557 [Worker-51] WARN  o.e.m.c.i.embedder.EclipseLogger - Using platform encoding (Cp1252 actually) to copy filtered resources, i.e. build is platform dependent!
2025-12-27 22:02:01,559 [Worker-51] INFO  o.e.m.c.i.embedder.EclipseLogger - Copying 0 resource
2025-12-27 22:02:01,561 [Worker-51] WARN  o.e.m.c.i.embedder.EclipseLogger - Using platform encoding (Cp1252 actually) to copy filtered resources, i.e. build is platform dependent!
2025-12-27 22:02:01,562 [Worker-51] INFO  o.e.m.c.i.embedder.EclipseLogger - skip non existing resourceDirectory D:\Code\SpringMVC\MvcInterceptor\src\test\resources
2025-12-27 22:04:52,916 [Worker-61] WARN  o.e.m.c.i.embedder.EclipseLogger - Using platform encoding (Cp1252 actually) to copy filtered resources, i.e. build is platform dependent!
2025-12-27 22:04:52,916 [Worker-61] INFO  o.e.m.c.i.embedder.EclipseLogger - Copying 0 resource
2025-12-27 22:04:52,919 [Worker-61] WARN  o.e.m.c.i.embedder.EclipseLogger - Using platform encoding (Cp1252 actually) to copy filtered resources, i.e. build is platform dependent!
2025-12-27 22:04:52,920 [Worker-61] INFO  o.e.m.c.i.embedder.EclipseLogger - skip non existing resourceDirectory D:\Code\SpringMVC\MvcInterceptor\src\test\resources
2025-12-27 22:06:03,336 [Worker-52] WARN  o.e.m.c.i.embedder.EclipseLogger - Using platform encoding (Cp1252 actually) to copy filtered resources, i.e. build is platform dependent!
2025-12-27 22:06:03,337 [Worker-52] INFO  o.e.m.c.i.embedder.EclipseLogger - Copying 0 resource
2025-12-27 22:06:03,338 [Worker-52] WARN  o.e.m.c.i.embedder.EclipseLogger - Using platform encoding (Cp1252 actually) to copy filtered resources, i.e. build is platform dependent!
2025-12-27 22:06:03,338 [Worker-52] INFO  o.e.m.c.i.embedder.EclipseLogger - skip non existing resourceDirectory D:\Code\SpringMVC\MvcInterceptor\src\test\resources
2025-12-27 22:06:42,696 [Worker-62] WARN  o.e.m.c.i.embedder.EclipseLogger - Using platform encoding (Cp1252 actually) to copy filtered resources, i.e. build is platform dependent!
2025-12-27 22:06:42,697 [Worker-62] INFO  o.e.m.c.i.embedder.EclipseLogger - Copying 0 resource
2025-12-27 22:06:42,698 [Worker-62] WARN  o.e.m.c.i.embedder.EclipseLogger - Using platform encoding (Cp1252 actually) to copy filtered resources, i.e. build is platform dependent!
2025-12-27 22:06:42,699 [Worker-62] INFO  o.e.m.c.i.embedder.EclipseLogger - skip non existing resourceDirectory D:\Code\SpringMVC\MvcInterceptor\src\test\resources
2025-12-27 22:10:20,110 [Worker-66] WARN  o.e.r.models.ModelRepository - Failed to download org.eclipse.recommenders:index::zip:0.0.0
org.eclipse.aether.resolution.ArtifactResolutionException: Could not find artifact org.eclipse.recommenders:index:zip:0.0.0-SNAPSHOT in models (http://download.eclipse.org/recommenders/models/neon/)
	at org.eclipse.aether.internal.impl.DefaultArtifactResolver.resolve(DefaultArtifactResolver.java:444) ~[na:na]
	at org.eclipse.aether.internal.impl.DefaultArtifactResolver.resolveArtifacts(DefaultArtifactResolver.java:246) ~[na:na]
	at org.eclipse.aether.internal.impl.DefaultArtifactResolver.resolveArtifact(DefaultArtifactResolver.java:223) ~[na:na]
	at org.eclipse.aether.internal.impl.DefaultRepositorySystem.resolveArtifact(DefaultRepositorySystem.java:294) ~[na:na]
	at org.eclipse.recommenders.models.ModelRepository.resolveInternal(ModelRepository.java:193) [org.eclipse.recommenders.models_2.4.6.v20170307-1041.jar:na]
	at org.eclipse.recommenders.models.ModelRepository.resolve(ModelRepository.java:172) [org.eclipse.recommenders.models_2.4.6.v20170307-1041.jar:na]
	at org.eclipse.recommenders.internal.models.rcp.EclipseModelRepository.resolve(EclipseModelRepository.java:169) [org.eclipse.recommenders.models.rcp_2.4.6.v20170307-1041.jar:na]
	at org.eclipse.recommenders.internal.models.rcp.DownloadModelArchiveJob.run(DownloadModelArchiveJob.java:76) [org.eclipse.recommenders.models.rcp_2.4.6.v20170307-1041.jar:na]
	at org.eclipse.core.internal.jobs.Worker.run(Worker.java:55) [org.eclipse.core.jobs_3.8.0.v20160509-0411.jar:na]
Caused by: org.eclipse.aether.transfer.ArtifactNotFoundException: Could not find artifact org.eclipse.recommenders:index:zip:0.0.0-SNAPSHOT in models (http://download.eclipse.org/recommenders/models/neon/)
	at org.eclipse.aether.connector.basic.ArtifactTransportListener.transferFailed(ArtifactTransportListener.java:39) ~[org.eclipse.aether.connector.basic_1.0.1.v20141111.jar:na]
	at org.eclipse.aether.connector.basic.BasicRepositoryConnector$TaskRunner.run(BasicRepositoryConnector.java:355) ~[org.eclipse.aether.connector.basic_1.0.1.v20141111.jar:na]
	at org.eclipse.aether.util.concurrency.RunnableErrorForwarder$1.run(RunnableErrorForwarder.java:67) ~[na:na]
	at org.eclipse.aether.connector.basic.BasicRepositoryConnector$DirectExecutor.execute(BasicRepositoryConnector.java:581) ~[org.eclipse.aether.connector.basic_1.0.1.v20141111.jar:na]
	at org.eclipse.aether.connector.basic.BasicRepositoryConnector.get(BasicRepositoryConnector.java:249) ~[org.eclipse.aether.connector.basic_1.0.1.v20141111.jar:na]
	at org.eclipse.aether.internal.impl.DefaultArtifactResolver.performDownloads(DefaultArtifactResolver.java:520) ~[na:na]
	at org.eclipse.aether.internal.impl.DefaultArtifactResolver.resolve(DefaultArtifactResolver.java:421) ~[na:na]
	... 8 common frames omitted
2025-12-27 22:10:59,416 [Worker-67] WARN  o.e.m.c.i.embedder.EclipseLogger - Using platform encoding (Cp1252 actually) to copy filtered resources, i.e. build is platform dependent!
2025-12-27 22:10:59,417 [Worker-67] INFO  o.e.m.c.i.embedder.EclipseLogger - Copying 0 resource
2025-12-27 22:10:59,419 [Worker-67] WARN  o.e.m.c.i.embedder.EclipseLogger - Using platform encoding (Cp1252 actually) to copy filtered resources, i.e. build is platform dependent!
2025-12-27 22:10:59,419 [Worker-67] INFO  o.e.m.c.i.embedder.EclipseLogger - skip non existing resourceDirectory D:\Code\SpringMVC\MvcInterceptor\src\test\resources
2025-12-27 22:23:26,063 [Worker-66] WARN  o.e.m.c.i.embedder.EclipseLogger - Using platform encoding (Cp1252 actually) to copy filtered resources, i.e. build is platform dependent!
2025-12-27 22:23:26,069 [Worker-66] INFO  o.e.m.c.i.embedder.EclipseLogger - Copying 0 resource
2025-12-27 22:23:26,071 [Worker-66] WARN  o.e.m.c.i.embedder.EclipseLogger - Using platform encoding (Cp1252 actually) to copy filtered resources, i.e. build is platform dependent!
2025-12-27 22:23:26,072 [Worker-66] INFO  o.e.m.c.i.embedder.EclipseLogger - skip non existing resourceDirectory D:\Code\SpringMVC\MvcInterceptor\src\test\resources
2025-12-27 22:24:33,633 [Worker-73] WARN  o.e.m.c.i.embedder.EclipseLogger - Using platform encoding (Cp1252 actually) to copy filtered resources, i.e. build is platform dependent!
2025-12-27 22:24:33,635 [Worker-73] INFO  o.e.m.c.i.embedder.EclipseLogger - Copying 0 resource
2025-12-27 22:24:33,636 [Worker-73] WARN  o.e.m.c.i.embedder.EclipseLogger - Using platform encoding (Cp1252 actually) to copy filtered resources, i.e. build is platform dependent!
2025-12-27 22:24:33,637 [Worker-73] INFO  o.e.m.c.i.embedder.EclipseLogger - skip non existing resourceDirectory D:\Code\SpringMVC\MvcInterceptor\src\test\resources
2025-12-27 22:25:09,618 [Worker-72] WARN  o.e.m.c.i.embedder.EclipseLogger - Using platform encoding (Cp1252 actually) to copy filtered resources, i.e. build is platform dependent!
2025-12-27 22:25:09,620 [Worker-72] INFO  o.e.m.c.i.embedder.EclipseLogger - Copying 0 resource
2025-12-27 22:25:09,623 [Worker-72] WARN  o.e.m.c.i.embedder.EclipseLogger - Using platform encoding (Cp1252 actually) to copy filtered resources, i.e. build is platform dependent!
2025-12-27 22:25:09,624 [Worker-72] INFO  o.e.m.c.i.embedder.EclipseLogger - skip non existing resourceDirectory D:\Code\SpringMVC\MvcInterceptor\src\test\resources
2025-12-27 22:26:22,906 [Worker-72] WARN  o.e.m.c.i.embedder.EclipseLogger - Using platform encoding (Cp1252 actually) to copy filtered resources, i.e. build is platform dependent!
2025-12-27 22:26:22,907 [Worker-72] INFO  o.e.m.c.i.embedder.EclipseLogger - Copying 0 resource
2025-12-27 22:26:22,909 [Worker-72] WARN  o.e.m.c.i.embedder.EclipseLogger - Using platform encoding (Cp1252 actually) to copy filtered resources, i.e. build is platform dependent!
2025-12-27 22:26:22,911 [Worker-72] INFO  o.e.m.c.i.embedder.EclipseLogger - skip non existing resourceDirectory D:\Code\SpringMVC\MvcInterceptor\src\test\resources
2025-12-27 22:28:24,476 [Worker-66] WARN  o.e.m.c.i.embedder.EclipseLogger - Using platform encoding (Cp1252 actually) to copy filtered resources, i.e. build is platform dependent!
2025-12-27 22:28:24,478 [Worker-66] INFO  o.e.m.c.i.embedder.EclipseLogger - Copying 0 resource
2025-12-27 22:28:24,484 [Worker-66] WARN  o.e.m.c.i.embedder.EclipseLogger - Using platform encoding (Cp1252 actually) to copy filtered resources, i.e. build is platform dependent!
2025-12-27 22:28:24,485 [Worker-66] INFO  o.e.m.c.i.embedder.EclipseLogger - skip non existing resourceDirectory D:\Code\SpringMVC\MvcInterceptor\src\test\resources
2025-12-27 22:28:32,677 [Worker-73] WARN  o.e.m.c.i.embedder.EclipseLogger - Using platform encoding (Cp1252 actually) to copy filtered resources, i.e. build is platform dependent!
2025-12-27 22:28:32,678 [Worker-73] INFO  o.e.m.c.i.embedder.EclipseLogger - Copying 0 resource
2025-12-27 22:28:32,680 [Worker-73] WARN  o.e.m.c.i.embedder.EclipseLogger - Using platform encoding (Cp1252 actually) to copy filtered resources, i.e. build is platform dependent!
2025-12-27 22:28:32,681 [Worker-73] INFO  o.e.m.c.i.embedder.EclipseLogger - skip non existing resourceDirectory D:\Code\SpringMVC\MvcInterceptor\src\test\resources
2025-12-27 22:28:36,763 [Worker-74] WARN  o.e.m.c.i.embedder.EclipseLogger - Using platform encoding (Cp1252 actually) to copy filtered resources, i.e. build is platform dependent!
2025-12-27 22:28:36,764 [Worker-74] INFO  o.e.m.c.i.embedder.EclipseLogger - Copying 0 resource
2025-12-27 22:28:36,766 [Worker-74] WARN  o.e.m.c.i.embedder.EclipseLogger - Using platform encoding (Cp1252 actually) to copy filtered resources, i.e. build is platform dependent!
2025-12-27 22:28:36,766 [Worker-74] INFO  o.e.m.c.i.embedder.EclipseLogger - skip non existing resourceDirectory D:\Code\SpringMVC\MvcInterceptor\src\test\resources
2025-12-27 22:32:09,778 [Worker-75] WARN  o.e.m.c.i.embedder.EclipseLogger - Using platform encoding (Cp1252 actually) to copy filtered resources, i.e. build is platform dependent!
2025-12-27 22:32:09,780 [Worker-75] INFO  o.e.m.c.i.embedder.EclipseLogger - Copying 0 resource
2025-12-27 22:32:09,782 [Worker-75] WARN  o.e.m.c.i.embedder.EclipseLogger - Using platform encoding (Cp1252 actually) to copy filtered resources, i.e. build is platform dependent!
2025-12-27 22:32:09,782 [Worker-75] INFO  o.e.m.c.i.embedder.EclipseLogger - skip non existing resourceDirectory D:\Code\SpringMVC\MvcInterceptor\src\test\resources
2025-12-27 22:32:57,295 [Worker-72] WARN  o.e.m.c.i.embedder.EclipseLogger - Using platform encoding (Cp1252 actually) to copy filtered resources, i.e. build is platform dependent!
2025-12-27 22:32:57,297 [Worker-72] INFO  o.e.m.c.i.embedder.EclipseLogger - Copying 0 resource
2025-12-27 22:32:57,297 [Worker-72] WARN  o.e.m.c.i.embedder.EclipseLogger - Using platform encoding (Cp1252 actually) to copy filtered resources, i.e. build is platform dependent!
2025-12-27 22:32:57,297 [Worker-72] INFO  o.e.m.c.i.embedder.EclipseLogger - skip non existing resourceDirectory D:\Code\SpringMVC\MvcInterceptor\src\test\resources
2025-12-27 22:37:55,615 [Worker-77] INFO  o.e.m.c.i.p.ProjectConfigurationManager - Update started
2025-12-27 22:38:06,610 [Worker-77] INFO  o.e.m.c.i.l.LifecycleMappingFactory - Using org.maven.ide.eclipse.wtp.WarLifecycleMapping lifecycle mapping for MavenProject: MvcInterceptor:MvcInterceptor:0.0.1-SNAPSHOT @ D:\Code\SpringMVC\MvcInterceptor\pom.xml.
2025-12-27 22:38:07,867 [Worker-77] INFO  o.e.m.j.i.AbstractJavaProjectConfigurator - Adding source folder /MvcInterceptor/src/main/java
2025-12-27 22:38:07,867 [Worker-77] INFO  o.e.m.j.i.AbstractJavaProjectConfigurator - Adding resource folder /MvcInterceptor/src/main/resources
2025-12-27 22:38:07,871 [Worker-77] INFO  o.e.m.j.i.AbstractJavaProjectConfigurator - Adding source folder /MvcInterceptor/src/test/java
2025-12-27 22:38:08,820 [Worker-77] INFO  o.e.m.w.i.f.ResourceFilteringBuildParticipant - Cleaning filtered folder for MvcInterceptor
2025-12-27 22:38:08,822 [Worker-77] INFO  o.e.m.c.i.p.ProjectConfigurationManager - Update completed: 13 sec
2025-12-27 22:38:09,107 [Worker-77] WARN  o.e.m.c.i.embedder.EclipseLogger - Using platform encoding (Cp1252 actually) to copy filtered resources, i.e. build is platform dependent!
2025-12-27 22:38:09,107 [Worker-77] INFO  o.e.m.c.i.embedder.EclipseLogger - Copying 0 resource
2025-12-27 22:38:09,109 [Worker-77] WARN  o.e.m.c.i.embedder.EclipseLogger - Using platform encoding (Cp1252 actually) to copy filtered resources, i.e. build is platform dependent!
2025-12-27 22:38:09,111 [Worker-77] INFO  o.e.m.c.i.embedder.EclipseLogger - skip non existing resourceDirectory D:\Code\SpringMVC\MvcInterceptor\src\test\resources
2025-12-27 22:38:09,111 [Worker-77] INFO  o.e.m.w.i.f.ResourceFilteringBuildParticipant - Changed resources require a complete clean of filtered resources of MvcInterceptor
2025-12-27 22:38:09,111 [Worker-77] INFO  o.e.m.w.i.f.ResourceFilteringBuildParticipant - Executing resource filtering for MvcInterceptor
2025-12-27 22:38:09,120 [Worker-77] WARN  o.e.m.c.i.embedder.EclipseLogger - Using platform encoding (Cp1252 actually) to copy filtered resources, i.e. build is platform dependent!
2025-12-27 22:46:27,139 [Worker-82] WARN  o.e.m.c.i.embedder.EclipseLogger - Using platform encoding (Cp1252 actually) to copy filtered resources, i.e. build is platform dependent!
2025-12-27 22:46:27,139 [Worker-82] INFO  o.e.m.c.i.embedder.EclipseLogger - Copying 0 resource
2025-12-27 22:46:27,144 [Worker-82] WARN  o.e.m.c.i.embedder.EclipseLogger - Using platform encoding (Cp1252 actually) to copy filtered resources, i.e. build is platform dependent!
2025-12-27 22:46:27,144 [Worker-82] INFO  o.e.m.c.i.embedder.EclipseLogger - skip non existing resourceDirectory D:\Code\SpringMVC\MvcInterceptor\src\test\resources
2025-12-27 23:01:28,377 [Worker-82] WARN  o.e.m.c.i.embedder.EclipseLogger - Using platform encoding (Cp1252 actually) to copy filtered resources, i.e. build is platform dependent!
2025-12-27 23:01:28,377 [Worker-82] INFO  o.e.m.c.i.embedder.EclipseLogger - Copying 0 resource
2025-12-27 23:01:28,383 [Worker-82] WARN  o.e.m.c.i.embedder.EclipseLogger - Using platform encoding (Cp1252 actually) to copy filtered resources, i.e. build is platform dependent!
2025-12-27 23:01:28,383 [Worker-82] INFO  o.e.m.c.i.embedder.EclipseLogger - skip non existing resourceDirectory D:\Code\SpringMVC\MvcInterceptor\src\test\resources
2025-12-27 23:28:52,468 [Worker-103] INFO  o.e.m.c.i.l.LifecycleMappingFactory - Using org.maven.ide.eclipse.wtp.WarLifecycleMapping lifecycle mapping for MavenProject: MvcInterceptor:MvcInterceptor:0.0.1-SNAPSHOT @ D:\Code\SpringMVC\MvcInterceptor\pom.xml.
2025-12-27 23:28:52,791 [Worker-103] WARN  o.e.m.c.i.embedder.EclipseLogger - Using platform encoding (Cp1252 actually) to copy filtered resources, i.e. build is platform dependent!
2025-12-27 23:28:52,802 [Worker-103] INFO  o.e.m.c.i.embedder.EclipseLogger - Copying 0 resource
2025-12-27 23:28:52,805 [Worker-103] WARN  o.e.m.c.i.embedder.EclipseLogger - Using platform encoding (Cp1252 actually) to copy filtered resources, i.e. build is platform dependent!
2025-12-27 23:28:52,805 [Worker-103] INFO  o.e.m.c.i.embedder.EclipseLogger - skip non existing resourceDirectory D:\Code\SpringMVC\MvcInterceptor\src\test\resources
2025-12-27 23:28:52,805 [Worker-103] INFO  o.e.m.w.i.f.ResourceFilteringBuildParticipant - Changed resources require a complete clean of filtered resources of MvcInterceptor
2025-12-27 23:28:52,805 [Worker-103] INFO  o.e.m.w.i.f.ResourceFilteringBuildParticipant - Executing resource filtering for MvcInterceptor
2025-12-27 23:28:52,815 [Worker-103] WARN  o.e.m.c.i.embedder.EclipseLogger - Using platform encoding (Cp1252 actually) to copy filtered resources, i.e. build is platform dependent!
2025-12-27 23:28:53,945 [Worker-100] WARN  o.e.m.c.i.embedder.EclipseLogger - Using platform encoding (Cp1252 actually) to copy filtered resources, i.e. build is platform dependent!
2025-12-27 23:28:53,947 [Worker-100] INFO  o.e.m.c.i.embedder.EclipseLogger - Copying 0 resource
2025-12-27 23:28:53,947 [Worker-100] WARN  o.e.m.c.i.embedder.EclipseLogger - Using platform encoding (Cp1252 actually) to copy filtered resources, i.e. build is platform dependent!
2025-12-27 23:28:53,949 [Worker-100] INFO  o.e.m.c.i.embedder.EclipseLogger - skip non existing resourceDirectory D:\Code\SpringMVC\MvcInterceptor\src\test\resources
2025-12-27 23:29:13,073 [Worker-102] WARN  o.e.m.c.i.embedder.EclipseLogger - Using platform encoding (Cp1252 actually) to copy filtered resources, i.e. build is platform dependent!
2025-12-27 23:29:13,073 [Worker-102] INFO  o.e.m.c.i.embedder.EclipseLogger - Copying 0 resource
2025-12-27 23:29:13,073 [Worker-102] WARN  o.e.m.c.i.embedder.EclipseLogger - Using platform encoding (Cp1252 actually) to copy filtered resources, i.e. build is platform dependent!
2025-12-27 23:29:13,073 [Worker-102] INFO  o.e.m.c.i.embedder.EclipseLogger - skip non existing resourceDirectory D:\Code\SpringMVC\MvcInterceptor\src\test\resources
2025-12-27 23:29:19,212 [Worker-100] WARN  o.e.m.c.i.embedder.EclipseLogger - Using platform encoding (Cp1252 actually) to copy filtered resources, i.e. build is platform dependent!
2025-12-27 23:29:19,215 [Worker-100] INFO  o.e.m.c.i.embedder.EclipseLogger - Copying 0 resource
2025-12-27 23:29:19,218 [Worker-100] WARN  o.e.m.c.i.embedder.EclipseLogger - Using platform encoding (Cp1252 actually) to copy filtered resources, i.e. build is platform dependent!
2025-12-27 23:29:19,218 [Worker-100] INFO  o.e.m.c.i.embedder.EclipseLogger - skip non existing resourceDirectory D:\Code\SpringMVC\MvcInterceptor\src\test\resources
2025-12-28 00:01:10,929 [Worker-119] WARN  o.e.m.c.i.embedder.EclipseLogger - Using platform encoding (Cp1252 actually) to copy filtered resources, i.e. build is platform dependent!
2025-12-28 00:01:10,933 [Worker-119] INFO  o.e.m.c.i.embedder.EclipseLogger - Copying 0 resource
2025-12-28 00:01:10,933 [Worker-119] WARN  o.e.m.c.i.embedder.EclipseLogger - Using platform encoding (Cp1252 actually) to copy filtered resources, i.e. build is platform dependent!
2025-12-28 00:01:10,935 [Worker-119] INFO  o.e.m.c.i.embedder.EclipseLogger - skip non existing resourceDirectory D:\Code\SpringMVC\MvcInterceptor\src\test\resources
2025-12-28 20:04:59,775 [Worker-11] WARN  o.e.m.c.i.embedder.EclipseLogger - Using platform encoding (Cp1252 actually) to copy filtered resources, i.e. build is platform dependent!
2025-12-28 20:04:59,783 [Worker-11] INFO  o.e.m.c.i.embedder.EclipseLogger - Copying 0 resource
2025-12-28 20:04:59,785 [Worker-11] WARN  o.e.m.c.i.embedder.EclipseLogger - Using platform encoding (Cp1252 actually) to copy filtered resources, i.e. build is platform dependent!
2025-12-28 20:04:59,786 [Worker-11] INFO  o.e.m.c.i.embedder.EclipseLogger - skip non existing resourceDirectory D:\Code\SpringMVC\MVCData\src\test\resources
2025-12-28 20:05:02,108 [Worker-0] WARN  o.e.m.c.i.embedder.EclipseLogger - Using platform encoding (Cp1252 actually) to copy filtered resources, i.e. build is platform dependent!
2025-12-28 20:05:02,110 [Worker-0] INFO  o.e.m.c.i.embedder.EclipseLogger - Copying 0 resource
2025-12-28 20:05:02,111 [Worker-0] WARN  o.e.m.c.i.embedder.EclipseLogger - Using platform encoding (Cp1252 actually) to copy filtered resources, i.e. build is platform dependent!
2025-12-28 20:05:02,112 [Worker-0] INFO  o.e.m.c.i.embedder.EclipseLogger - skip non existing resourceDirectory D:\Code\SpringMVC\MVCproject\src\test\resources
2025-12-28 20:05:02,294 [Worker-0] WARN  o.e.m.c.i.embedder.EclipseLogger - Using platform encoding (Cp1252 actually) to copy filtered resources, i.e. build is platform dependent!
2025-12-28 20:05:02,296 [Worker-0] INFO  o.e.m.c.i.embedder.EclipseLogger - Copying 0 resource
2025-12-28 20:05:02,297 [Worker-0] WARN  o.e.m.c.i.embedder.EclipseLogger - Using platform encoding (Cp1252 actually) to copy filtered resources, i.e. build is platform dependent!
2025-12-28 20:05:02,299 [Worker-0] INFO  o.e.m.c.i.embedder.EclipseLogger - skip non existing resourceDirectory D:\Code\SpringMVC\MvcException\src\test\resources
2025-12-28 20:05:02,418 [Worker-0] WARN  o.e.m.c.i.embedder.EclipseLogger - Using platform encoding (Cp1252 actually) to copy filtered resources, i.e. build is platform dependent!
2025-12-28 20:05:02,419 [Worker-0] INFO  o.e.m.c.i.embedder.EclipseLogger - Copying 0 resource
2025-12-28 20:05:02,420 [Worker-0] WARN  o.e.m.c.i.embedder.EclipseLogger - Using platform encoding (Cp1252 actually) to copy filtered resources, i.e. build is platform dependent!
2025-12-28 20:05:02,421 [Worker-0] INFO  o.e.m.c.i.embedder.EclipseLogger - skip non existing resourceDirectory D:\Code\SpringMVC\MvcInterceptor\src\test\resources
2025-12-28 20:05:02,961 [Worker-0] WARN  o.e.m.c.i.embedder.EclipseLogger - Using platform encoding (Cp1252 actually) to copy filtered resources, i.e. build is platform dependent!
2025-12-28 20:05:02,963 [Worker-0] INFO  o.e.m.c.i.embedder.EclipseLogger - Copying 0 resource
2025-12-28 20:05:02,964 [Worker-0] WARN  o.e.m.c.i.embedder.EclipseLogger - Using platform encoding (Cp1252 actually) to copy filtered resources, i.e. build is platform dependent!
2025-12-28 20:05:02,965 [Worker-0] INFO  o.e.m.c.i.embedder.EclipseLogger - skip non existing resourceDirectory D:\Code\SpringMVC\MvcUpload\src\test\resources
2025-12-28 20:08:30,905 [Worker-19] WARN  o.e.r.models.ModelRepository - Failed to download org.eclipse.recommenders:index::zip:0.0.0
org.eclipse.aether.resolution.ArtifactResolutionException: Could not find artifact org.eclipse.recommenders:index:zip:0.0.0-SNAPSHOT in models (http://download.eclipse.org/recommenders/models/neon/)
	at org.eclipse.aether.internal.impl.DefaultArtifactResolver.resolve(DefaultArtifactResolver.java:444) ~[na:na]
	at org.eclipse.aether.internal.impl.DefaultArtifactResolver.resolveArtifacts(DefaultArtifactResolver.java:246) ~[na:na]
	at org.eclipse.aether.internal.impl.DefaultArtifactResolver.resolveArtifact(DefaultArtifactResolver.java:223) ~[na:na]
	at org.eclipse.aether.internal.impl.DefaultRepositorySystem.resolveArtifact(DefaultRepositorySystem.java:294) ~[na:na]
	at org.eclipse.recommenders.models.ModelRepository.resolveInternal(ModelRepository.java:193) [org.eclipse.recommenders.models_2.4.6.v20170307-1041.jar:na]
	at org.eclipse.recommenders.models.ModelRepository.resolve(ModelRepository.java:172) [org.eclipse.recommenders.models_2.4.6.v20170307-1041.jar:na]
	at org.eclipse.recommenders.internal.models.rcp.EclipseModelRepository.resolve(EclipseModelRepository.java:169) [org.eclipse.recommenders.models.rcp_2.4.6.v20170307-1041.jar:na]
	at org.eclipse.recommenders.internal.models.rcp.DownloadModelArchiveJob.run(DownloadModelArchiveJob.java:76) [org.eclipse.recommenders.models.rcp_2.4.6.v20170307-1041.jar:na]
	at org.eclipse.core.internal.jobs.Worker.run(Worker.java:55) [org.eclipse.core.jobs_3.8.0.v20160509-0411.jar:na]
Caused by: org.eclipse.aether.transfer.ArtifactNotFoundException: Could not find artifact org.eclipse.recommenders:index:zip:0.0.0-SNAPSHOT in models (http://download.eclipse.org/recommenders/models/neon/)
	at org.eclipse.aether.connector.basic.ArtifactTransportListener.transferFailed(ArtifactTransportListener.java:39) ~[org.eclipse.aether.connector.basic_1.0.1.v20141111.jar:na]
	at org.eclipse.aether.connector.basic.BasicRepositoryConnector$TaskRunner.run(BasicRepositoryConnector.java:355) ~[org.eclipse.aether.connector.basic_1.0.1.v20141111.jar:na]
	at org.eclipse.aether.util.concurrency.RunnableErrorForwarder$1.run(RunnableErrorForwarder.java:67) ~[na:na]
	at org.eclipse.aether.connector.basic.BasicRepositoryConnector$DirectExecutor.execute(BasicRepositoryConnector.java:581) ~[org.eclipse.aether.connector.basic_1.0.1.v20141111.jar:na]
	at org.eclipse.aether.connector.basic.BasicRepositoryConnector.get(BasicRepositoryConnector.java:249) ~[org.eclipse.aether.connector.basic_1.0.1.v20141111.jar:na]
	at org.eclipse.aether.internal.impl.DefaultArtifactResolver.performDownloads(DefaultArtifactResolver.java:520) ~[na:na]
	at org.eclipse.aether.internal.impl.DefaultArtifactResolver.resolve(DefaultArtifactResolver.java:421) ~[na:na]
	... 8 common frames omitted
2025-12-28 20:10:29,966 [Worker-20] WARN  o.e.m.c.i.embedder.EclipseLogger - Using platform encoding (Cp1252 actually) to copy filtered resources, i.e. build is platform dependent!
2025-12-28 20:10:29,974 [Worker-20] INFO  o.e.m.c.i.embedder.EclipseLogger - Copying 0 resource
2025-12-28 20:10:29,975 [Worker-20] WARN  o.e.m.c.i.embedder.EclipseLogger - Using platform encoding (Cp1252 actually) to copy filtered resources, i.e. build is platform dependent!
2025-12-28 20:10:29,975 [Worker-20] INFO  o.e.m.c.i.embedder.EclipseLogger - skip non existing resourceDirectory D:\Code\SpringMVC\MvcInterceptor\src\test\resources
2025-12-28 20:12:04,401 [Worker-19] WARN  o.e.m.c.i.embedder.EclipseLogger - Using platform encoding (Cp1252 actually) to copy filtered resources, i.e. build is platform dependent!
2025-12-28 20:12:04,402 [Worker-19] INFO  o.e.m.c.i.embedder.EclipseLogger - Copying 0 resource
2025-12-28 20:12:04,403 [Worker-19] WARN  o.e.m.c.i.embedder.EclipseLogger - Using platform encoding (Cp1252 actually) to copy filtered resources, i.e. build is platform dependent!
2025-12-28 20:12:04,404 [Worker-19] INFO  o.e.m.c.i.embedder.EclipseLogger - skip non existing resourceDirectory D:\Code\SpringMVC\MvcInterceptor\src\test\resources
2025-12-28 20:13:08,953 [Worker-20] WARN  o.e.m.c.i.embedder.EclipseLogger - Using platform encoding (Cp1252 actually) to copy filtered resources, i.e. build is platform dependent!
2025-12-28 20:13:08,955 [Worker-20] INFO  o.e.m.c.i.embedder.EclipseLogger - Copying 0 resource
2025-12-28 20:13:08,956 [Worker-20] WARN  o.e.m.c.i.embedder.EclipseLogger - Using platform encoding (Cp1252 actually) to copy filtered resources, i.e. build is platform dependent!
2025-12-28 20:13:08,957 [Worker-20] INFO  o.e.m.c.i.embedder.EclipseLogger - skip non existing resourceDirectory D:\Code\SpringMVC\MvcInterceptor\src\test\resources
2025-12-28 20:16:01,006 [Worker-5] WARN  o.e.m.c.i.embedder.EclipseLogger - Using platform encoding (Cp1252 actually) to copy filtered resources, i.e. build is platform dependent!
2025-12-28 20:16:01,009 [Worker-5] INFO  o.e.m.c.i.embedder.EclipseLogger - Copying 0 resource
2025-12-28 20:16:01,011 [Worker-5] WARN  o.e.m.c.i.embedder.EclipseLogger - Using platform encoding (Cp1252 actually) to copy filtered resources, i.e. build is platform dependent!
2025-12-28 20:16:01,012 [Worker-5] INFO  o.e.m.c.i.embedder.EclipseLogger - skip non existing resourceDirectory D:\Code\SpringMVC\MvcInterceptor\src\test\resources
2025-12-28 20:16:10,138 [Worker-19] WARN  o.e.m.c.i.embedder.EclipseLogger - Using platform encoding (Cp1252 actually) to copy filtered resources, i.e. build is platform dependent!
2025-12-28 20:16:10,138 [Worker-19] INFO  o.e.m.c.i.embedder.EclipseLogger - Copying 0 resource
2025-12-28 20:16:10,139 [Worker-19] WARN  o.e.m.c.i.embedder.EclipseLogger - Using platform encoding (Cp1252 actually) to copy filtered resources, i.e. build is platform dependent!
2025-12-28 20:16:10,139 [Worker-19] INFO  o.e.m.c.i.embedder.EclipseLogger - skip non existing resourceDirectory D:\Code\SpringMVC\MvcInterceptor\src\test\resources
2025-12-28 20:16:37,797 [Worker-19] WARN  o.e.m.c.i.embedder.EclipseLogger - Using platform encoding (Cp1252 actually) to copy filtered resources, i.e. build is platform dependent!
2025-12-28 20:16:37,798 [Worker-19] INFO  o.e.m.c.i.embedder.EclipseLogger - Copying 0 resource
2025-12-28 20:16:37,799 [Worker-19] WARN  o.e.m.c.i.embedder.EclipseLogger - Using platform encoding (Cp1252 actually) to copy filtered resources, i.e. build is platform dependent!
2025-12-28 20:16:37,799 [Worker-19] INFO  o.e.m.c.i.embedder.EclipseLogger - skip non existing resourceDirectory D:\Code\SpringMVC\MvcInterceptor\src\test\resources
2025-12-28 22:40:56,956 [Worker-69] WARN  o.e.m.c.i.embedder.EclipseLogger - Using platform encoding (Cp1252 actually) to copy filtered resources, i.e. build is platform dependent!
2025-12-28 22:40:56,961 [Worker-69] INFO  o.e.m.c.i.embedder.EclipseLogger - Copying 0 resource
2025-12-28 22:40:56,964 [Worker-69] WARN  o.e.m.c.i.embedder.EclipseLogger - Using platform encoding (Cp1252 actually) to copy filtered resources, i.e. build is platform dependent!
2025-12-28 22:40:56,965 [Worker-69] INFO  o.e.m.c.i.embedder.EclipseLogger - skip non existing resourceDirectory D:\Code\SpringMVC\MvcInterceptor\src\test\resources
